filling,word,length_letters,exp_a,exp_b,h_pmns_mod5,tr_re,tr_im,tr2_re,tr2_im,complex_length_re,twist_rad,twist_deg,abs_tr
m003(cusp),A,1,-1,0,,-0.50000000000000000000000000000000000,-0.86602540378443864676372317075293618,-0.50000000000000000000000000000000000,0.86602540378443864676372317075293618,0.86255462766206103218569279447502386,2.6806731878491247967891366373024864,482.52117381284246342204459471444755/pi,1.0000000000000000000000000000000000
m003(cusp),B,1,0,-1,,1.5000000000000000000000000000000000,-0.86602540378443864676372317075293618,1.5000000000000000000000000000000000,-2.5980762113533159402911695122588085,1.0870701449957390997852728012384674,-1.7227684498700903249041423711299303,-310.09832097661625848274562680338746/pi,1.7320508075688772935274463415058724
m003(cusp),AB,2,-1,-1,,0.50000000000000000000000000000000000,-0.86602540378443864676372317075293618,-0.50000000000000000000000000000000000,-0.86602540378443864676372317075293618,0.86255462766206103218569279447502386,-2.6806731878491247967891366373024864,-482.52117381284246342204459471444755/pi,1.0000000000000000000000000000000000
m003(cusp),Ab,2,-1,1,,-2.0000000000000000000000000000000000,9.8181869305954531061915439099725513e-91,4.0000000000000000000000000000000000,-3.9272747722381812424766175639890205e-90,0.00000000000000000000000000000000000,1.0033115225336663936994793398898645e-19,(1.8059607405605995086590628118017561e-17)/pi,2.0000000000000000000000000000000000
m003(cusp),AAB,3,-2,-1,,-2.5000000000000000000000000000000000,0.86602540378443864676372317075293618,5.5000000000000000000000000000000000,-4.3301270189221932338186158537646809,1.7251092553241220643713855889500477,-0.92183893148133688334701349195403301,-165.93100766664063900246242855172594/pi,2.6457513110645905905016157536392604
m003(cusp),AAb,3,-2,1,,-0.50000000000000000000000000000000000,2.5980762113533159402911695122588085,-6.5000000000000000000000000000000000,-2.5980762113533159402911695122588085,2.1741402899914781995705456024769349,-2.8376484074394058271170020242991452,-510.77671333909304888106036437384614/pi,2.6457513110645905905016157536392604
m003(cusp),ABB,3,-1,-2,,0.50000000000000000000000000000000000,-0.86602540378443864676372317075293618,-0.50000000000000000000000000000000000,-0.86602540378443864676372317075293618,0.86255462766206103218569279447502386,-2.6806731878491247967891366373024864,-482.52117381284246342204459471444755/pi,1.0000000000000000000000000000000000
m003(cusp),Abb,3,-1,2,,-2.5000000000000000000000000000000000,2.5980762113533159402911695122588085,-0.49999999999999999999999999999999999,-12.990381056766579701455847561294043,2.5876638829861830965570783834250716,-1.7588342563677879134421231453484534,-316.59016614620182441958216616272161/pi,3.6055512754639892931192212674704959
m003(cusp),AAAB,4,-3,-1,,1.5000000000000000000000000000000000,2.5980762113533159402911695122588085,-4.5000000000000000000000000000000000,7.7942286340599478208735085367764256,2.3192389338022906006314565641749704,2.2564003312907097501193476442785618,406.15205963232775502148257597014113/pi,3.0000000000000000000000000000000000
m003(cusp),AAAb,4,-3,1,,4.5000000000000000000000000000000000,-0.86602540378443864676372317075293618,19.500000000000000000000000000000000,-7.7942286340599478208735085367764257,2.9508594314370451023384337610902388,-0.42104555144303681074695534376888068,-75.788199259746625934451961878398523/pi,4.5825756949558400065880471937280085
m003(cusp),AABB,4,-2,-2,,-0.50000000000000000000000000000000000,2.5980762113533159402911695122588085,-6.5000000000000000000000000000000000,-2.5980762113533159402911695122588085,2.1741402899914781995705456024769349,-2.8376484074394058271170020242991452,-510.77671333909304888106036437384614/pi,2.6457513110645905905016157536392604
m003(cusp),AAbb,4,-2,2,,4.0000000000000000000000000000000000,3.4641016151377545870548926830117447,4.0000000000000000000000000000000000,27.712812921102036696439141464093958,3.3257717821172421513049700781588121,1.4989377308349602997350132378099304,269.80879155029285395230238280578747/pi,5.2915026221291811810032315072785209
m003(cusp),ABAb,4,-2,0,,-0.50000000000000000000000000000000000,4.3301270189221932338186158537646809,-18.500000000000000000000000000000000,-4.3301270189221932338186158537646809,3.0401611341503847119585511171692954,-2.9324998133192291683132689848757673,-527.84996639746125029638841727763811/pi,4.3588989435406735522369819838596157
m003(cusp),ABBB,4,-1,-3,,-0.50000000000000000000000000000000000,-0.86602540378443864676372317075293618,-0.50000000000000000000000000000000000,0.86602540378443864676372317075293618,0.86255462766206103218569279447502386,2.6806731878491247967891366373024864,482.52117381284246342204459471444755/pi,1.0000000000000000000000000000000000
m003(cusp),ABaB,4,0,-2,,1.5000000000000000000000000000000000,0.86602540378443864676372317075293618,1.5000000000000000000000000000000000,2.5980762113533159402911695122588085,1.0870701449957390997852728012384674,1.7227684498700903249041423711299303,310.09832097661625848274562680338746/pi,1.7320508075688772935274463415058724
m003(cusp),ABab,4,0,0,,3.9272747722381812424766175639890205e-90,-3.4641016151377545870548926830117447,-12.000000000000000000000000000000000,-2.7208957763200081842453451750025475e-89,2.6339157938496334172500926946159369,3.1415926535897932384626433832795029,565.48667764616278292327580899031052/pi,3.4641016151377545870548926830117447
m003(cusp),Abbb,4,-1,3,,0.50000000000000000000000000000000000,6.0621778264910705273460621952705533,-36.500000000000000000000000000000000,6.0621778264910705273460621952705533,3.6622767501472215579603845219636849,2.9852130979188691212602018447620983,537.33835762539644182683633205717769/pi,6.0827625302982196889996842452020671
m003(cusp),AAAAB,5,-4,-1,,4.0000000000000000000000000000000000,-3.4641016151377545870548926830117447,4.0000000000000000000000000000000000,-27.712812921102036696439141464093958,3.3257717821172421513049700781588121,-1.4989377308349602997350132378099304,-269.80879155029285395230238280578747/pi,5.2915026221291811810032315072785209
m003(cusp),AAAAb,5,-4,1,,-2.5000000000000000000000000000000000,-6.0621778264910705273460621952705533,-30.500000000000000000000000000000000,30.310889132455352636730310976352766,3.7941269688216589341408274220859400,2.3905276454177761469472917036984988,430.29497617519970645051250666572978/pi,6.5574385243020006523441099976360016
m003(cusp),AAABB,5,-3,-2,,2.0000000000000000000000000000000000,0.00000000000000000000000000000000000,4.0000000000000000000000000000000000,0.00000000000000000000000000000000000,0.00000000000000000000000000000000000,0.00000000000000000000000000000000000,0.00000000000000000000000000000000000,2.0000000000000000000000000000000000
m003(cusp),AAAbb,5,-3,2,,3.5000000000000000000000000000000000,-7.7942286340599478208735085367764256,-48.500000000000000000000000000000000,-54.559600438419634746114559757434980,4.3087142361887911099354171945596206,-2.3173923941053904377858710294502026,-417.13063093897027880145678530103647/pi,8.5440037453175311678716483262397064
m003(cusp),AABAB,5,-3,-2,,0.00000000000000000000000000000000000,3.4641016151377545870548926830117447,-12.000000000000000000000000000000000,0.00000000000000000000000000000000000,2.6339157938496334172500926946159369,3.1415926535897932384626433832795029,565.48667764616278292327580899031052/pi,3.4641016151377545870548926830117447
m003(cusp),AABAb,5,-3,0,,4.5000000000000000000000000000000000,-0.86602540378443864676372317075293618,19.500000000000000000000000000000000,-7.7942286340599478208735085367764257,2.9508594314370451023384337610902388,-0.42104555144303681074695534376888068,-75.788199259746625934451961878398523/pi,4.5825756949558400065880471937280085
m003(cusp),AABBB,5,-2,-3,,4.0000000000000000000000000000000000,3.4641016151377545870548926830117447,4.0000000000000000000000000000000000,27.712812921102036696439141464093958,3.3257717821172421513049700781588121,1.4989377308349602997350132378099304,269.80879155029285395230238280578747/pi,5.2915026221291811810032315072785209
m003(cusp),AABaB,5,-1,-2,,2.5000000000000000000000000000000000,-4.3301270189221932338186158537646809,-12.500000000000000000000000000000000,-21.650635094610966169093079268823405,3.2608735520239620978847498784662408,-2.1595546017541367383392886115113851,-388.71982831574461290107195007204931/pi,5.0000000000000000000000000000000000
m003(cusp),AABab,5,-1,0,,-2.5000000000000000000000000000000000,2.5980762113533159402911695122588085,-0.49999999999999999999999999999999999,-12.990381056766579701455847561294043,2.5876638829861830965570783834250716,-1.7588342563677879134421231453484534,-316.59016614620182441958216616272161/pi,3.6055512754639892931192212674704959
m003(cusp),AAbAB,5,-3,0,,4.5000000000000000000000000000000000,-0.86602540378443864676372317075293618,19.500000000000000000000000000000000,-7.7942286340599478208735085367764257,2.9508594314370451023384337610902388,-0.42104555144303681074695534376888068,-75.788199259746625934451961878398523/pi,4.5825756949558400065880471937280085
m003(cusp),AAbAb,5,-3,2,,1.5000000000000000000000000000000000,-4.3301270189221932338186158537646809,-16.500000000000000000000000000000000,-12.990381056766579701455847561294043,3.1175247937010961275322942381240860,-2.5275589002146271993025924245497472,-454.96060203863289587446663641895449/pi,4.5825756949558400065880471937280085
m003(cusp),AAbaB,5,-1,0,,-2.5000000000000000000000000000000000,2.5980762113533159402911695122588085,-0.49999999999999999999999999999999999,-12.990381056766579701455847561294043,2.5876638829861830965570783834250716,-1.7588342563677879134421231453484534,-316.59016614620182441958216616272161/pi,3.6055512754639892931192212674704959
m003(cusp),AAbab,5,-1,2,,-0.50000000000000000000000000000000000,-0.86602540378443864676372317075293618,-0.50000000000000000000000000000000000,0.86602540378443864676372317075293618,0.86255462766206103218569279447502386,2.6806731878491247967891366373024864,482.52117381284246342204459471444755/pi,1.0000000000000000000000000000000000
m003(cusp),AAbbb,5,-2,3,,9.5000000000000000000000000000000000,-0.86602540378443864676372317075293618,89.500000000000000000000000000000000,-16.454482671904334288510740244305787,4.4888974152044088173100146266068127,-0.18592624766566077541597341347628359,-33.466724579818939574875214425731047/pi,9.5393920141694564915262158602322654
m003(cusp),ABABB,5,-2,-3,,-2.0000000000000000000000000000000000,-9.8181869305954531061915439099725513e-90,4.0000000000000000000000000000000000,3.9272747722381812424766175639890205e-89,0.00000000000000000000000000000000000,1.0033115225336663936994793398898645e-19,(1.8059607405605995086590628118017561e-17)/pi,2.0000000000000000000000000000000000
m003(cusp),ABAbb,5,-2,1,,5.5000000000000000000000000000000000,6.0621778264910705273460621952705533,-6.5000000000000000000000000000000000,66.683956091401775800806684147976086,4.2082371524954599544680321305698086,1.6975240926926330954831609310446822,305.55433668467395718696896758804280/pi,8.1853527718724499699537037247339295
m003(cusp),ABBAb,5,-2,-1,,3.5000000000000000000000000000000000,4.3301270189221932338186158537646809,-6.5000000000000000000000000000000000,30.310889132455352636730310976352766,3.4502185106482441287427711779000954,1.8436778629626737666940269839080660,331.86201533328127800492485710345188/pi,5.5677643628300219221194712989185495
m003(cusp),ABBBB,5,-1,-4,,-2.0000000000000000000000000000000000,-1.1781824316714543727429852691967062e-89,4.0000000000000000000000000000000000,4.7127297266858174909719410767868246e-89,0.00000000000000000000000000000000000,1.0033115225336663936994793398898645e-19,(1.8059607405605995086590628118017561e-17)/pi,2.0000000000000000000000000000000000
m003(cusp),ABBaB,5,0,-3,,1.5000000000000000000000000000000000,0.86602540378443864676372317075293618,1.5000000000000000000000000000000000,2.5980762113533159402911695122588085,1.0870701449957390997852728012384674,1.7227684498700903249041423711299303,310.09832097661625848274562680338746/pi,1.7320508075688772935274463415058724
m003(cusp),ABBab,5,0,-1,,-4.5000000000000000000000000000000000,-4.3301270189221932338186158537646809,1.5000000000000000000000000000000000,38.971143170299739104367542683882128,3.6635612141564601117998023290337960,1.5836087722211916285045038716229847,285.04957899981449313081069689213725/pi,6.2449979983983982058468931209397945
m003(cusp),ABaBB,5,0,-3,,1.5000000000000000000000000000000000,0.86602540378443864676372317075293618,1.5000000000000000000000000000000000,2.5980762113533159402911695122588085,1.0870701449957390997852728012384674,1.7227684498700903249041423711299303,310.09832097661625848274562680338746/pi,1.7320508075688772935274463415058724
m003(cusp),ABabb,5,0,1,,-4.5000000000000000000000000000000000,-4.3301270189221932338186158537646809,1.5000000000000000000000000000000000,38.971143170299739104367542683882128,3.6635612141564601117998023290337960,1.5836087722211916285045038716229847,285.04957899981449313081069689213725/pi,6.2449979983983982058468931209397945
m003(cusp),AbAbb,5,-2,3,,3.5000000000000000000000000000000000,-4.3301270189221932338186158537646809,-6.5000000000000000000000000000000000,-30.310889132455352636730310976352766,3.4502185106482441287427711779000954,-1.8436778629626737666940269839080660,-331.86201533328127800492485710345188/pi,5.5677643628300219221194712989185495
m003(cusp),Abbbb,5,-1,4,,8.5000000000000000000000000000000000,6.0621778264910705273460621952705533,35.500000000000000000000000000000000,103.05702305034819896488305731959941,4.6855751759233277935580591510062974,1.2565577291353504339642905275856894,226.18039124436307811357229496542409/pi,10.440306508910550179757754022548048
m003(cusp),AAAAAB,6,-5,-1,,-6.5000000000000000000000000000000000,-4.3301270189221932338186158537646809,23.500000000000000000000000000000000,56.291651245988512039642006098940852,4.0988369572192086005030152617956415,1.2061391958253727047111017695586172,217.10505524856708684799831852055110/pi,7.8102496759066543941297227357591014
m003(cusp),AAAAAb,6,-5,1,,-8.5000000000000000000000000000000000,6.0621778264910705273460621952705533,35.500000000000000000000000000000000,-103.05702305034819896488305731959941,4.6855751759233277935580591510062974,-1.2565577291353504339642905275856894,-226.18039124436307811357229496542409/pi,10.440306508910550179757754022548048
m003(cusp),AAAABB,6,-4,-2,,-0.50000000000000000000000000000000000,-4.3301270189221932338186158537646809,-18.500000000000000000000000000000000,4.3301270189221932338186158537646809,3.0401611341503847119585511171692954,2.9324998133192291683132689848757673,527.84996639746125029638841727763811/pi,4.3588989435406735522369819838596157
m003(cusp),AAAAbb,6,-4,2,,-12.500000000000000000000000000000000,-2.5980762113533159402911695122588085,149.50000000000000000000000000000000,64.951905283832898507279237806470214,5.0824189151703010481663137824439684,0.41483006011283391004556000599793901,74.669410820310103808200801079629022/pi,12.767145334803704661710952009780892
m003(cusp),AAABAB,6,-4,-2,,5.5000000000000000000000000000000000,-0.86602540378443864676372317075293618,29.500000000000000000000000000000000,-9.5262794416288251144009548782822980,3.3699222151319900844404990510937759,-0.33420553977993623077315924848224769,-60.156997160388521539168664726804583/pi,5.5677643628300219221194712989185495
m003(cusp),AAABAb,6,-4,0,,-2.5000000000000000000000000000000000,-7.7942286340599478208735085367764256,-54.500000000000000000000000000000000,38.971143170299739104367542683882128,4.2287523850183163975799897819978677,2.5375773747088597034125709243236818,456.76392744759474661426276637826272/pi,8.1853527718724499699537037247339295
m003(cusp),AAABBB,6,-3,-3,,1.5000000000000000000000000000000000,-4.3301270189221932338186158537646809,-16.500000000000000000000000000000000,-12.990381056766579701455847561294043,3.1175247937010961275322942381240860,-2.5275589002146271993025924245497472,-454.96060203863289587446663641895449/pi,4.5825756949558400065880471937280085
m003(cusp),AAABaB,6,-2,-2,,-6.5000000000000000000000000000000000,-0.86602540378443864676372317075293618,41.500000000000000000000000000000000,11.258330249197702407928401219788170,3.7148496124001782455950552952492639,0.27797158492796284391586718872954873,50.034885287033311904856093971318771/pi,6.5574385243020006523441099976360016
m003(cusp),AAABab,6,-2,0,,3.5000000000000000000000000000000000,4.3301270189221932338186158537646809,-6.5000000000000000000000000000000000,30.310889132455352636730310976352766,3.4502185106482441287427711779000954,1.8436778629626737666940269839080660,331.86201533328127800492485710345188/pi,5.5677643628300219221194712989185495
m003(cusp),AAAbAB,6,-4,0,,-2.5000000000000000000000000000000000,-7.7942286340599478208735085367764256,-54.500000000000000000000000000000000,38.971143170299739104367542683882128,4.2287523850183163975799897819978677,2.5375773747088597034125709243236818,456.76392744759474661426276637826272/pi,8.1853527718724499699537037247339295
m003(cusp),AAAbAb,6,-4,2,,-6.5000000000000000000000000000000000,0.86602540378443864676372317075293618,41.500000000000000000000000000000000,-11.258330249197702407928401219788170,3.7148496124001782455950552952492639,-0.27797158492796284391586718872954873,-50.034885287033311904856093971318771/pi,6.5574385243020006523441099976360016
m003(cusp),AAAbaB,6,-2,0,,3.5000000000000000000000000000000000,4.3301270189221932338186158537646809,-6.5000000000000000000000000000000000,30.310889132455352636730310976352766,3.4502185106482441287427711779000954,1.8436778629626737666940269839080660,331.86201533328127800492485710345188/pi,5.5677643628300219221194712989185495
m003(cusp),AAAbab,6,-2,2,,-2.0000000000000000000000000000000000,-9.8181869305954531061915439099725513e-91,4.0000000000000000000000000000000000,3.9272747722381812424766175639890205e-90,0.00000000000000000000000000000000000,1.0033115225336663936994793398898645e-19,(1.8059607405605995086590628118017561e-17)/pi,2.0000000000000000000000000000000000
m003(cusp),AAAbbb,6,-3,3,,-6.0000000000000000000000000000000000,-13.856406460551018348219570732046979,-156.00000000000000000000000000000000,166.27687752661222017863484878456375,5.4353507249786954989263640061923372,2.3306569421708651475954250890906458,419.51824959075572656717651603631624/pi,15.099668870541499394473369613892234
m003(cusp),AABAAb,6,-4,0,,-0.50000000000000000000000000000000000,-4.3301270189221932338186158537646809,-18.500000000000000000000000000000000,4.3301270189221932338186158537646809,3.0401611341503847119585511171692954,2.9324998133192291683132689848757673,527.84996639746125029638841727763811/pi,4.3588989435406735522369819838596157
m003(cusp),AABABB,6,-3,-3,,1.5000000000000000000000000000000000,2.5980762113533159402911695122588085,-4.5000000000000000000000000000000000,7.7942286340599478208735085367764256,2.3192389338022906006314565641749704,2.2564003312907097501193476442785618,406.15205963232775502148257597014113/pi,3.0000000000000000000000000000000000
m003(cusp),AABAbb,6,-3,1,,4.5000000000000000000000000000000000,-7.7942286340599478208735085367764256,-40.500000000000000000000000000000000,-70.148057706539530387861576830987831,4.4070111228213607167887041655648552,-2.1153827974270050629445850149523678,-380.76890353686091133002530269142621/pi,9.0000000000000000000000000000000000
m003(cusp),AABBAB,6,-3,-3,,1.5000000000000000000000000000000000,2.5980762113533159402911695122588085,-4.5000000000000000000000000000000000,7.7942286340599478208735085367764256,2.3192389338022906006314565641749704,2.2564003312907097501193476442785618,406.15205963232775502148257597014113/pi,3.0000000000000000000000000000000000
m003(cusp),AABBAb,6,-3,-1,,1.5000000000000000000000000000000000,-4.3301270189221932338186158537646809,-16.500000000000000000000000000000000,-12.990381056766579701455847561294043,3.1175247937010961275322942381240860,-2.5275589002146271993025924245497472,-454.96060203863289587446663641895449/pi,4.5825756949558400065880471937280085
m003(cusp),AABBBB,6,-2,-4,,9.5000000000000000000000000000000000,-0.86602540378443864676372317075293618,89.500000000000000000000000000000000,-16.454482671904334288510740244305787,4.4888974152044088173100146266068127,-0.18592624766566077541597341347628359,-33.466724579818939574875214425731047/pi,9.5393920141694564915262158602322654
m003(cusp),AABBaB,6,-1,-3,,-0.50000000000000000000000000000000000,-7.7942286340599478208735085367764256,-60.500000000000000000000000000000000,7.7942286340599478208735085367764256,4.1426382673575660969443507318521808,3.0174635585518390968519691247720067,543.14344053933103743335444245896121/pi,7.8102496759066543941297227357591014
m003(cusp),AABBab,6,-1,-1,,0.50000000000000000000000000000000000,6.0621778264910705273460621952705533,-36.500000000000000000000000000000000,6.0621778264910705273460621952705533,3.6622767501472215579603845219636849,2.9852130979188691212602018447620983,537.33835762539644182683633205717769/pi,6.0827625302982196889996842452020671
m003(cusp),AABaBB,6,-1,-3,,-0.50000000000000000000000000000000000,-7.7942286340599478208735085367764256,-60.500000000000000000000000000000000,7.7942286340599478208735085367764256,4.1426382673575660969443507318521808,3.0174635585518390968519691247720067,543.14344053933103743335444245896121/pi,7.8102496759066543941297227357591014
m003(cusp),AABaaB,6,0,-2,,-4.5000000000000000000000000000000000,-2.5980762113533159402911695122588085,13.500000000000000000000000000000000,23.382685902179843462620525610329277,3.2612104349872172993558184037154023,1.1148799575693155022128596531692149,200.67839236247679039831473757045868/pi,5.1961524227066318805823390245176171
m003(cusp),AABaab,6,0,0,,6.0000000000000000000000000000000000,3.9272747722381812424766175639890205e-90,36.000000000000000000000000000000000,4.7127297266858174909719410767868246e-89,3.5254943480781721009304372999191692,1.3885013115162359450325720566879373e-90,(2.4993023607292247010586297020382871e-88)/pi,6.0000000000000000000000000000000000
m003(cusp),AABabb,6,-1,1,,-2.0000000000000000000000000000000000,6.9282032302755091741097853660234895,-44.000000000000000000000000000000000,-27.712812921102036696439141464093958,3.9833047820988736481379933505718539,-2.5990651461377516416067954700730032,-467.83172630479529548922318461314058/pi,7.2111025509279785862384425349409919
m003(cusp),AAbABB,6,-3,-1,,1.5000000000000000000000000000000000,-4.3301270189221932338186158537646809,-16.500000000000000000000000000000000,-12.990381056766579701455847561294043,3.1175247937010961275322942381240860,-2.5275589002146271993025924245497472,-454.96060203863289587446663641895449/pi,4.5825756949558400065880471937280085
m003(cusp),AAbAbb,6,-3,3,,-6.0000000000000000000000000000000000,-6.9282032302755091741097853660234895,-12.000000000000000000000000000000000,83.138438763306110089317424392281874,4.4346209991317557957688956103269312,1.7375789572844228220753567418014388,312.76421231119610797356421352425898/pi,9.1651513899116800131760943874560170
m003(cusp),AAbaBB,6,-1,-1,,0.50000000000000000000000000000000000,6.0621778264910705273460621952705533,-36.500000000000000000000000000000000,6.0621778264910705273460621952705533,3.6622767501472215579603845219636849,2.9852130979188691212602018447620983,537.33835762539644182683633205717769/pi,6.0827625302982196889996842452020671
m003(cusp),AAbabb,6,-1,3,,0.50000000000000000000000000000000000,-0.86602540378443864676372317075293618,-0.50000000000000000000000000000000000,-0.86602540378443864676372317075293618,0.86255462766206103218569279447502386,-2.6806731878491247967891366373024864,-482.52117381284246342204459471444755/pi,1.0000000000000000000000000000000000
m003(cusp),AAbbAB,6,-3,1,,4.5000000000000000000000000000000000,-7.7942286340599478208735085367764256,-40.500000000000000000000000000000000,-70.148057706539530387861576830987831,4.4070111228213607167887041655648552,-2.1153827974270050629445850149523678,-380.76890353686091133002530269142621/pi,9.0000000000000000000000000000000000
m003(cusp),AAbbAb,6,-3,3,,-6.0000000000000000000000000000000000,-6.9282032302755091741097853660234895,-12.000000000000000000000000000000000,83.138438763306110089317424392281874,4.4346209991317557957688956103269312,1.7375789572844228220753567418014388,312.76421231119610797356421352425898/pi,9.1651513899116800131760943874560170
m003(cusp),AAbbaB,6,-1,1,,-2.0000000000000000000000000000000000,6.9282032302755091741097853660234895,-44.000000000000000000000000000000000,-27.712812921102036696439141464093958,3.9833047820988736481379933505718539,-2.5990651461377516416067954700730032,-467.83172630479529548922318461314058/pi,7.2111025509279785862384425349409919
m003(cusp),AAbbab,6,-1,3,,0.50000000000000000000000000000000000,-0.86602540378443864676372317075293618,-0.50000000000000000000000000000000000,-0.86602540378443864676372317075293618,0.86255462766206103218569279447502386,-2.6806731878491247967891366373024864,-482.52117381284246342204459471444755/pi,1.0000000000000000000000000000000000
m003(cusp),AAbbbb,6,-2,4,,9.5000000000000000000000000000000000,-12.990381056766579701455847561294043,-78.500000000000000000000000000000000,-246.81724007856501432766110366458681,5.5592047138263644926943885212895673,-1.8860613025803507653548363982352280,-339.49103446446313776387055168234103/pi,16.093476939431081186849991266835717
m003(cusp),ABABAb,6,-3,-1,,5.5000000000000000000000000000000000,2.5980762113533159402911695122588085,23.500000000000000000000000000000000,28.578838324886475343202864634846894,3.5771343837743353818744572656285665,0.92657245454743585819177612144901949,166.78304181853845447451970186082351/pi,6.0827625302982196889996842452020671
m003(cusp),ABABBB,6,-2,-4,,-0.50000000000000000000000000000000000,2.5980762113533159402911695122588085,-6.5000000000000000000000000000000000,-2.5980762113533159402911695122588085,2.1741402899914781995705456024769349,-2.8376484074394058271170020242991452,-510.77671333909304888106036437384614/pi,2.6457513110645905905016157536392604
m003(cusp),ABABaB,6,-1,-3,,3.5000000000000000000000000000000000,-0.86602540378443864676372317075293618,11.500000000000000000000000000000000,-6.0621778264910705273460621952705533,2.4188381041223773680818129182188335,-0.57519303111306333211885883958893268,-103.53474560035139978139459112600788/pi,3.6055512754639892931192212674704959
m003(cusp),ABABab,6,-1,-1,,-3.5000000000000000000000000000000000,-0.86602540378443864676372317075293618,11.500000000000000000000000000000000,6.0621778264910705273460621952705533,2.4188381041223773680818129182188335,0.57519303111306333211885883958893268,103.53474560035139978139459112600788/pi,3.6055512754639892931192212674704959
m003(cusp),ABAbAb,6,-3,1,,0.50000000000000000000000000000000000,-7.7942286340599478208735085367764256,-60.500000000000000000000000000000000,-7.7942286340599478208735085367764256,4.1426382673575660969443507318521808,-3.0174635585518390968519691247720067,-543.14344053933103743335444245896121/pi,7.8102496759066543941297227357591014
m003(cusp),ABAbaB,6,-1,-1,,-3.5000000000000000000000000000000000,-0.86602540378443864676372317075293618,11.500000000000000000000000000000000,6.0621778264910705273460621952705533,2.4188381041223773680818129182188335,0.57519303111306333211885883958893268,103.53474560035139978139459112600788/pi,3.6055512754639892931192212674704959
m003(cusp),ABAbab,6,-1,1,,2.0000000000000000000000000000000000,3.3381835564024540561051249293906674e-89,4.0000000000000000000000000000000000,1.3352734225609816224420499717562670e-88,0.00000000000000000000000000000000000,0.00000000000000000000000000000000000,0.00000000000000000000000000000000000,2.0000000000000000000000000000000000
m003(cusp),ABAbbb,6,-2,2,,14.000000000000000000000000000000000,-3.1418198177905449939812940511912164e-89,196.00000000000000000000000000000000,-8.7970954898135259831476233433354060e-88,5.2678315876992668345001853892318738,-4.5348262938666803070755752916709125e-90,-(8.1626873289600245527360355250076426e-88)/pi,14.000000000000000000000000000000000
m003(cusp),ABBAbb,6,-2,0,,9.5000000000000000000000000000000000,0.86602540378443864676372317075293618,89.500000000000000000000000000000000,16.454482671904334288510740244305787,4.4888974152044088173100146266068127,0.18592624766566077541597341347628359,33.466724579818939574875214425731047/pi,9.5393920141694564915262158602322654
m003(cusp),ABBBAb,6,-2,-2,,9.5000000000000000000000000000000000,-0.86602540378443864676372317075293618,89.500000000000000000000000000000000,-16.454482671904334288510740244305787,4.4888974152044088173100146266068127,-0.18592624766566077541597341347628359,-33.466724579818939574875214425731047/pi,9.5393920141694564915262158602322654
m003(cusp),ABBBBB,6,-1,-5,,-2.5000000000000000000000000000000000,2.5980762113533159402911695122588085,-0.49999999999999999999999999999999999,-12.990381056766579701455847561294043,2.5876638829861830965570783834250716,-1.7588342563677879134421231453484534,-316.59016614620182441958216616272161/pi,3.6055512754639892931192212674704959
m003(cusp),ABBBaB,6,0,-4,,1.5000000000000000000000000000000000,-0.86602540378443864676372317075293618,1.5000000000000000000000000000000000,-2.5980762113533159402911695122588085,1.0870701449957390997852728012384674,-1.7227684498700903249041423711299303,-310.09832097661625848274562680338746/pi,1.7320508075688772935274463415058724
m003(cusp),ABBBab,6,0,-2,,-10.500000000000000000000000000000000,0.86602540378443864676372317075293618,109.50000000000000000000000000000000,-18.186533479473211582038186585811660,4.6915208701587647881881848838267895,-0.16761789804773202878202903928220896,-30.171221648591765180765227070797613/pi,10.535653752852738848401404661899667
m003(cusp),ABBaBB,6,0,-4,,3.5000000000000000000000000000000000,2.5980762113533159402911695122588085,5.5000000000000000000000000000000000,18.186533479473211582038186585811660,2.9215632262264708803312801287094854,1.3817440905462070622809667664599579,248.71393629831727121057401796279242/pi,4.3588989435406735522369819838596157
m003(cusp),ABBabb,6,0,0,,-10.000000000000000000000000000000000,-2.9454560791786359318574631729917654e-90,100.00000000000000000000000000000000,5.8909121583572718637149263459835308e-89,4.5848633391223553756015746226960309,0.00000000000000000000000000000000000,0.00000000000000000000000000000000000,10.000000000000000000000000000000000
m003(cusp),ABaBAb,6,-1,-1,,-3.5000000000000000000000000000000000,-7.7942286340599478208735085367764256,-48.500000000000000000000000000000000,54.559600438419634746114559757434980,4.3087142361887911099354171945596206,2.3173923941053904377858710294502026,417.13063093897027880145678530103647/pi,8.5440037453175311678716483262397064
m003(cusp),ABaBBB,6,0,-4,,1.5000000000000000000000000000000000,-0.86602540378443864676372317075293618,1.5000000000000000000000000000000000,-2.5980762113533159402911695122588085,1.0870701449957390997852728012384674,-1.7227684498700903249041423711299303,-310.09832097661625848274562680338746/pi,1.7320508075688772935274463415058724
m003(cusp),ABaBaB,6,1,-3,,-3.5000000000000000000000000000000000,-0.86602540378443864676372317075293618,11.500000000000000000000000000000000,6.0621778264910705273460621952705533,2.4188381041223773680818129182188335,0.57519303111306333211885883958893268,103.53474560035139978139459112600788/pi,3.6055512754639892931192212674704959
m003(cusp),ABaBab,6,1,-1,,2.0000000000000000000000000000000000,6.9282032302755091741097853660234895,-44.000000000000000000000000000000000,27.712812921102036696439141464093958,3.9833047820988736481379933505718539,2.5990651461377516416067954700730032,467.83172630479529548922318461314058/pi,7.2111025509279785862384425349409919
m003(cusp),ABabAb,6,-1,1,,2.0000000000000000000000000000000000,6.9282032302755091741097853660234895,-44.000000000000000000000000000000000,27.712812921102036696439141464093958,3.9833047820988736481379933505718539,2.5990651461377516416067954700730032,467.83172630479529548922318461314058/pi,7.2111025509279785862384425349409919
m003(cusp),ABabbb,6,0,2,,-10.500000000000000000000000000000000,0.86602540378443864676372317075293618,109.50000000000000000000000000000000,-18.186533479473211582038186585811660,4.6915208701587647881881848838267895,-0.16761789804773202878202903928220896,-30.171221648591765180765227070797613/pi,10.535653752852738848401404661899667
m003(cusp),AbAbbb,6,-2,4,,-0.50000000000000000000000000000000000,-9.5262794416288251144009548782822980,-90.500000000000000000000000000000000,9.5262794416288251144009548782822980,4.5323706214604890555489357816182299,3.0389440732699875277583218319945781,547.00993318859775499649792975902406/pi,9.5393920141694564915262158602322654
m003(cusp),Abbbbb,6,-1,5,,17.500000000000000000000000000000000,-4.3301270189221932338186158537646809,287.50000000000000000000000000000000,-151.55444566227676318365155488176383,5.7783653237027275974167453928286489,-0.48802104536007716806886304817435154,-87.843788164813890252395348671383278/pi,18.027756377319946465596106337352480
"m003(-2,3)",A,1,-1,0,2,0.21944747214927516201313474825984758,0.91447366296772645593861620985241715,-0.78810488722890405899480174220010775,0.40135786737071158507900172653119804,0.88944299721255079148849065549102668,2.9418590470227376654982654602794916,529.53462846409277978968778285030850/pi,0.94043568269941664032632678149846958
"m003(-2,3)",B,1,0,-1,4,1.7881048872289040589948017422001077,-0.40135786737071158507900172653119804,3.0362309500315259908814582756610054,-1.4353399283466793417958648923403444,0.72156836631444668616939957175686695,-1.1512129898755380922729506614718684,-207.21833817759685660913111906493631/pi,1.8325957615994470626833901890500850
"m003(-2,3)",AB,2,-1,-1,1,-0.24812606280262193188665653346089767,1.0339820609759677567168631658091463,-1.0075523593781792210079364904599553,-0.51311579559701487085961448332121910,0.99832518853673715420906109949442394,-2.9210177857853122326543309714334531,-525.78320144135620187777957485802156/pi,1.0633369388213881602959678128163518
"m003(-2,3)",Ab,2,-1,1,3,1.0075523593781792210079364904599553,0.51311579559701487085961448332121910,0.75187393719737806811334346653910233,1.0339820609759677567168631658091463,0.57808243553185555433871852851968888,2.1324306361541782467458163050671337,383.83751450775208441424693491208406/pi,1.1306854454620405872318136855277879
"m003(-2,3)",AAB,3,-2,-1,3,-2.7881048872289040589948017422001077,0.40135786737071158507900172653119804,7.6124407244893341088710617600612209,-2.2380556630881025119538683454027405,1.7788859944251015829769813109820534,-0.39946721313411114592875584600002249,-71.904098364140006267176052280004048/pi,2.8168452211454688891411302997496777
"m003(-2,3)",AAb,3,-2,1,0,-2.0362309500315259908814582756610054,1.4353399283466793417958648923403444,2.0860357719600403096205653556031503,-5.8453671718310826379664381269846904,1.7938008425243407878008903586303939,-1.5568710482226091455797399310456620,-280.23678868006964620435318758821916/pi,2.4912722034680476649245795586986481
"m003(-2,3)",ABB,3,-1,-2,0,-0.24812606280262193188665653346089767,1.0339820609759677567168631658091463,-1.0075523593781792210079364904599553,-0.51311579559701487085961448332121910,0.99832518853673715420906109949442394,-2.9210177857853122326543309714334531,-525.78320144135620187777957485802156/pi,1.0633369388213881602959678128163518
"m003(-2,3)",Abb,3,-1,2,4,1.7881048872289040589948017422001077,-0.40135786737071158507900172653119804,3.0362309500315259908814582756610054,-1.4353399283466793417958648923403444,0.72156836631444668616939957175686695,-1.1512129898755380922729506614718684,-207.21833817759685660913111906493631/pi,1.8325957615994470626833901890500850
"m003(-2,3)",AAAB,4,-3,-1,0,-0.73074770592221051924775817179800756,-3.4955535805166768402319570247919289,-11.684902624552386090633978311383232,5.1087355197814611955455981300834292,2.6779827726052318844458769396364353,2.7811988638968911564805133433017710,500.61579550144040816649240179431878/pi,3.5711184584067682568089838511321389
"m003(-2,3)",AAAb,4,-3,1,2,-2.7669786559537365101292164474590130,-2.0602136521699974984360921324515845,3.4116905899159067197564092636538703,11.401134404517756976634487284228204,2.4485937495248842421046083650918832,1.4494114099775569347170713883432505,260.89405379596024824907284990178509/pi,3.4497320439551802377825118690209614
"m003(-2,3)",AABB,4,-2,-2,2,-2.0362309500315259908814582756610054,1.4353399283466793417958648923403444,2.0860357719600403096205653556031503,-5.8453671718310826379664381269846904,1.7938008425243407878008903586303939,-1.5568710482226091455797399310456620,-280.23678868006964620435318758821916/pi,2.4912722034680476649245795586986481
"m003(-2,3)",AAbb,4,-2,2,1,-0.27680465345596870176017831866194777,2.9824377849196619693723425414707098,-8.8183143247416209430265477040399291,-1.6511053150173478983594562067536784,2.3846965983241326622879499029684580,-2.9875882200938538388851978974618528,-537.76587961689369099933562154313350/pi,2.9952555745864790551887562451283386
"m003(-2,3)",ABAb,4,-2,0,4,-1.8167834778822508288683235274011578,2.3498135913144057977344811021927615,-2.2209217084199783276167963005950728,-8.5382050176063363080403916987142233,2.2606104054188560221345809583292812,-2.0213350973277657687039441265452611,-363.84031751899783836670994277814700/pi,2.9702400777431834223835548436137657
"m003(-2,3)",ABBB,4,-1,-3,4,0.21944747214927516201313474825984758,0.91447366296772645593861620985241715,-0.78810488722890405899480174220010775,0.40135786737071158507900172653119804,0.88944299721255079148849065549102668,2.9418590470227376654982654602794916,529.53462846409277978968778285030850/pi,0.94043568269941664032632678149846958
"m003(-2,3)",ABaB,4,0,-2,3,2.0075523593781792210079364904599553,0.51311579559701487085961448332121910,3.7669786559537365101292164474590130,2.0602136521699974984360921324515845,1.0403151250687664422690994406770136,0.98237189028120683347074308722466479,176.82694025061723002473375570043966/pi,2.0720893550559183356720532873113600
"m003(-2,3)",ABab,4,0,0,0,1.0286785906533467698735217852010501,-1.9484557239436942126554793756615635,-2.7383000653003897402556946622579629,-4.0086693761136917110915715081131480,1.8222796995026175841972989987489272,-2.4135390256883348706290677981324900,-434.43702462390027671323220366384820/pi,2.2033291517695446851498165279263711
"m003(-2,3)",Abbb,4,-1,3,0,2.0286785906533467698735217852010501,-1.9484557239436942126554793756615635,0.31905711600630379949134890814413730,-7.9055808240010801364025302594362750,2.1034306762440962067297598682093279,-1.7743255989792616564724958347768839,-319.37860781626709816504925025983910/pi,2.8128306974192731916383212914327428
"m003(-2,3)",AAAAB,5,-4,-1,2,5.8243358372604300498762600178611132,-1.8366977957173909268748666188715424,30.549429152403032021517023824432719,-21.395089587628072796164458030815020,3.5742752249826821696882943601087926,-0.64387486497982719750868415975754420,-115.89747569636889555156314875635796/pi,6.1070735002936780936594566550463079
"m003(-2,3)",AAAAb,5,-4,1,4,3.3130356034874946926416365943229532,-4.4177777132663413111682074338110542,-8.5405550138570356309029278948246087,-29.272509704689914747875639935552338,3.4384029522555280022483861318990093,-1.9157690203210496756854686538949543,-344.83842365778894162338435770109177/pi,5.5220435378407269436974510474954017
"m003(-2,3)",AAABB,5,-3,-2,4,-1.5113002337729353572346234235381600,-2.5810799175489503842933408149395118,-4.3779451441723674533966166551850087,7.8015733655567148656195517018129620,2.3123297421274222173548741140787555,2.2465372374371265100579784537095290,404.37670273868277181043612166771522/pi,2.9909867832166402895594206702473022
"m003(-2,3)",AAAbb,5,-3,2,3,-4.5762097744578081179896034844002155,0.80271573474142317015800345306239609,20.297343349041720199505040071444453,-7.3467911828695637074994664754861697,2.9796331478303119629261616034068740,-0.38360679373599342890739239427494627,-69.049222872478817203330630969490329/pi,4.6460788252724087730562992242709921
"m003(-2,3)",AABAB,5,-3,-2,4,0.057357181306693539747043570402100186,-3.8969114478873884253109587513231270,-15.182628986428333120010952930640252,-0.44703171290521314312245102716008425,2.8408398509235611517439513991863538,-3.1154042252997121026575865278781065,-560.77276055394817847836557501805917/pi,3.8973335344724129666264160525115557
"m003(-2,3)",AABAb,5,-3,0,1,-2.7669786559537365101292164474590130,-2.0602136521699974984360921324515845,3.4116905899159067197564092636538703,11.401134404517756976634487284228204,2.4485937495248842421046083650918832,1.4494114099775569347170713883432505,260.89405379596024824907284990178509/pi,3.4497320439551802377825118690209614
"m003(-2,3)",AABBB,5,-2,-3,1,-0.27680465345596870176017831866194777,2.9824377849196619693723425414707098,-8.8183143247416209430265477040399291,-1.6511053150173478983594562067536784,2.3846965983241326622879499029684580,-2.9875882200938538388851978974618528,-537.76587961689369099933562154313350/pi,2.9952555745864790551887562451283386
"m003(-2,3)",AABaB,5,-1,-2,0,-1.8167834778822508288683235274011578,2.3498135913144057977344811021927615,-2.2209217084199783276167963005950728,-8.5382050176063363080403916987142233,2.2606104054188560221345809583292812,-2.0213350973277657687039441265452611,-363.84031751899783836670994277814700/pi,2.9702400777431834223835548436137657
"m003(-2,3)",AABab,5,-1,0,2,1.7881048872289040589948017422001077,-0.40135786737071158507900172653119804,3.0362309500315259908814582756610054,-1.4353399283466793417958648923403444,0.72156836631444668616939957175686695,-1.1512129898755380922729506614718684,-207.21833817759685660913111906493631/pi,1.8325957615994470626833901890500850
"m003(-2,3)",AAbAB,5,-3,0,1,-2.7669786559537365101292164474590130,-2.0602136521699974984360921324515845,3.4116905899159067197564092636538703,11.401134404517756976634487284228204,2.4485937495248842421046083650918832,1.4494114099775569347170713883432505,260.89405379596024824907284990178509/pi,3.4497320439551802377825118690209614
"m003(-2,3)",AAbAb,5,-3,2,3,-3.0075523593781792210079364904599553,-0.51311579559701487085961448332121910,8.7820833747100949521450894283789236,3.0864452433640272401553210990940227,1.9966503770734743084181221989888479,0.44114973560896201161662482369209954,79.406952409613162090992468264577917/pi,3.0510095073749622852402930747558748
"m003(-2,3)",AAbaB,5,-1,0,2,1.7881048872289040589948017422001077,-0.40135786737071158507900172653119804,3.0362309500315259908814582756610054,-1.4353399283466793417958648923403444,0.72156836631444668616939957175686695,-1.1512129898755380922729506614718684,-207.21833817759685660913111906493631/pi,1.8325957615994470626833901890500850
"m003(-2,3)",AAbab,5,-1,2,4,0.21944747214927516201313474825984758,0.91447366296772645593861620985241715,-0.78810488722890405899480174220010775,0.40135786737071158507900172653119804,0.88944299721255079148849065549102668,2.9418590470227376654982654602794916,529.53462846409277978968778285030850/pi,0.94043568269941664032632678149846958
"m003(-2,3)",AAbbb,5,-2,3,2,2.7383000653003897402556946622579629,4.0086693761136917110915715081131480,-8.5711429193676156215033326611324040,21.953879228759589225067521814765125,3.1942566886573962836043039089119830,2.0182350592977920915691785421034723,363.28231067360257648245213757862501/pi,4.8546593510375012771676141390058885
"m003(-2,3)",ABABB,5,-2,-3,1,-2.7956572466070832800027382326600631,-0.11175792822630328578061275679002106,7.8032096059852625010106747231200184,0.62487372382331815664022724011124017,1.7342473065955666630161555855590666,0.11410660128294826331216214864239528,20.539188230930687396189186755631150/pi,2.7978901470622704943860249492554549
"m003(-2,3)",ABAbb,5,-2,1,0,0.48262164311958858736110163833710989,4.5295356414926445969488201906010752,-20.283769477144731871647391267163313,4.3721038677318397531247581331821680,3.1209453752062993268072983220310407,2.9471156708436205004122292616739944,530.48082075185169007420126710131899/pi,4.5551747252942597670229280771514164
"m003(-2,3)",ABBAb,5,-2,-1,3,-0.26925229407778948075224182820199244,3.4955535805166768402319570247919289,-12.146398036396807129129494654979247,-1.8823716412518924849183159195004286,2.6534648464070098904468825033296586,-3.0080035780597932338273315616211717,-541.44064405076278208891968109181091/pi,3.5059081037769817713479776597766935
"m003(-2,3)",ABBBB,5,-1,-4,3,1.0075523593781792210079364904599553,0.51311579559701487085961448332121910,0.75187393719737806811334346653910233,1.0339820609759677567168631658091463,0.57808243553185555433871852851968888,2.1324306361541782467458163050671337,383.83751450775208441424693491208406/pi,1.1306854454620405872318136855277879
"m003(-2,3)",ABBaB,5,0,-3,2,2.0075523593781792210079364904599553,0.51311579559701487085961448332121910,3.7669786559537365101292164474590130,2.0602136521699974984360921324515845,1.0403151250687664422690994406770136,0.98237189028120683347074308722466479,176.82694025061723002473375570043966/pi,2.0720893550559183356720532873113600
"m003(-2,3)",ABBab,5,0,-1,4,-0.73074770592221051924775817179800756,-3.4955535805166768402319570247919289,-11.684902624552386090633978311383232,5.1087355197814611955455981300834292,2.6779827726052318844458769396364353,2.7811988638968911564805133433017710,500.61579550144040816649240179431878/pi,3.5711184584067682568089838511321389
"m003(-2,3)",ABaBB,5,0,-3,2,2.0075523593781792210079364904599553,0.51311579559701487085961448332121910,3.7669786559537365101292164474590130,2.0602136521699974984360921324515845,1.0403151250687664422690994406770136,0.98237189028120683347074308722466479,176.82694025061723002473375570043966/pi,2.0720893550559183356720532873113600
"m003(-2,3)",ABabb,5,0,1,1,-0.73074770592221051924775817179800756,-3.4955535805166768402319570247919289,-11.684902624552386090633978311383232,5.1087355197814611955455981300834292,2.6779827726052318844458769396364353,2.7811988638968911564805133433017710,500.61579550144040816649240179431878/pi,3.5711184584067682568089838511321389
"m003(-2,3)",AbAbb,5,-2,3,2,0.21944747214927516201313474825984758,0.91447366296772645593861620985241715,-0.78810488722890405899480174220010775,0.40135786737071158507900172653119804,0.88944299721255079148849065549102668,2.9418590470227376654982654602794916,529.53462846409277978968778285030850/pi,0.94043568269941664032632678149846958
"m003(-2,3)",Abbbb,5,-1,4,1,1.0573571813066935397470435704021002,-3.8969114478873884253109587513231270,-14.067914623814946040516865789836052,-8.2408546086799899937443685298063382,2.8918013162252456381827173394625159,-2.6651931434441474157181040769835959,-479.73476581994653482925873385704725/pi,4.0378116649413724270585726071637310
"m003(-2,3)",AAAAAB,6,-5,-1,4,3.6884952433718754215165875823158180,8.4186966195980950072621447427574941,-57.269455612455441496671516807736514,62.104644873556920720363567804461227,4.4525830376790813139773560220444834,2.3327041041496317335076804327313480,419.88673874693371203138247789164263/pi,9.1912703111816563790387533624679611
"m003(-2,3)",AAAAAb,6,-5,1,1,7.5339573119074730202584328949180260,4.1204273043399949968721842649031691,39.782591607293518960059368634287585,62.086246835431007894026686196525492,4.2861384860697361912220445600458435,1.0242817977979071761110781847334472,184.37072360362329169999407325202050/pi,8.5871085906721032023877672710511673
"m003(-2,3)",AAAABB,6,-4,-2,1,4.0649095406848727607549800608620555,-3.3837956522903735544513442680019079,5.0734165574916685921263580418753835,-27.509646461446263563735570972008639,3.3220095524678315789494898472067007,-1.4598232117731464458715903263046258,-262.76817811916636025688625873483264/pi,5.2890039317824427085603305226987065
"m003(-2,3)",AAAAbb,6,-4,2,0,-1.4614954118444210384955163435960151,-6.9911071610333536804639140495838578,-46.739610498209544362535913245532927,20.434942079125844782182392520333717,3.9672092509527279563038095346742379,2.7443318355628842712578552851794301,493.97973040131916882641395133229742/pi,7.1422369168135365136179677022642778
"m003(-2,3)",AAABAB,6,-4,-2,1,6.5837621338359873389975399748601708,-0.28959993914440829929838896974117698,43.262055710180148271661082430463629,-3.8133142266003233242216943492320627,3.7236226554236755663506201698085147,-0.092262118954447482448808278048881181,-16.607181411800546840785490048798613/pi,6.5901283720186390806450645027503352
"m003(-2,3)",AAABAb,6,-4,0,3,3.0935881313382195306285018460631056,-5.3322513762340677671068236436634713,-18.862617212993412710156162531942742,-32.991579141659198159668822473924309,3.6647279246570741196093954779931261,-2.1340796413644633743968511282142728,-384.13433544560340739143320307856911/pi,6.1646729244710790848327194280472007
"m003(-2,3)",AAABBB,6,-3,-3,3,-3.0075523593781792210079364904599553,-0.51311579559701487085961448332121910,8.7820833747100949521450894283789236,3.0864452433640272401553210990940227,1.9966503770734743084181221989888479,0.44114973560896201161662482369209954,79.406952409613162090992468264577917/pi,3.0510095073749622852402930747558748
"m003(-2,3)",AAABaB,6,-2,-2,2,-4.5550835431826405691240181896591207,-1.6588557847992859133570904059203865,17.996983570611264172912173415152812,15.112453371705102373430035623433467,3.0912307050519828916976816550344347,0.75903520416339375189738383592394959,136.62633674941087534152909046631093/pi,4.8477405665047066055910395545180566
"m003(-2,3)",AAABab,6,-2,0,4,-0.26925229407778948075224182820199244,3.4955535805166768402319570247919289,-12.146398036396807129129494654979247,-1.8823716412518924849183159195004286,2.6534648464070098904468825033296586,-3.0080035780597932338273315616211717,-541.44064405076278208891968109181091/pi,3.5059081037769817713479776597766935
"m003(-2,3)",AAAbAB,6,-4,0,3,3.0935881313382195306285018460631056,-5.3322513762340677671068236436634713,-18.862617212993412710156162531942742,-32.991579141659198159668822473924309,3.6647279246570741196093954779931261,-2.1340796413644633743968511282142728,-384.13433544560340739143320307856911/pi,6.1646729244710790848327194280472007
"m003(-2,3)",AAAbAb,6,-4,2,0,1.0573571813066935397470435704021002,-3.8969114478873884253109587513231270,-14.067914623814946040516865789836052,-8.2408546086799899937443685298063382,2.8918013162252456381827173394625159,-2.6651931434441474157181040769835959,-479.73476581994653482925873385704725/pi,4.0378116649413724270585726071637310
"m003(-2,3)",AAAbaB,6,-2,0,4,-0.26925229407778948075224182820199244,3.4955535805166768402319570247919289,-12.146398036396807129129494654979247,-1.8823716412518924849183159195004286,2.6534648464070098904468825033296586,-3.0080035780597932338273315616211717,-541.44064405076278208891968109181091/pi,3.5059081037769817713479776597766935
"m003(-2,3)",AAAbab,6,-2,2,1,-2.7956572466070832800027382326600631,-0.11175792822630328578061275679002106,7.8032096059852625010106747231200184,0.62487372382331815664022724011124017,1.7342473065955666630161555855590666,0.11410660128294826331216214864239528,20.539188230930687396189186755631150/pi,2.7978901470622704943860249492554549
"m003(-2,3)",AAAbbb,6,-3,3,4,-5.0935881313382195306285018460631056,5.3322513762340677671068236436634713,-2.4882646876405345876421551476903199,-54.320584646595469228096117048578195,3.9986370087469419994549929890683844,-1.6531793600318267108774002144031352,-297.57228480572880795793203859256434/pi,7.3741131528516488351732133961096867
"m003(-2,3)",AABAAb,6,-4,0,3,4.0649095406848727607549800608620555,-3.3837956522903735544513442680019079,5.0734165574916685921263580418753835,-27.509646461446263563735570972008639,3.3220095524678315789494898472067007,-1.4598232117731464458715903263046258,-262.76817811916636025688625873483264/pi,5.2890039317824427085603305226987065
"m003(-2,3)",AABABB,6,-3,-3,3,-0.73074770592221051924775817179800756,-3.4955535805166768402319570247919289,-11.684902624552386090633978311383232,5.1087355197814611955455981300834292,2.6779827726052318844458769396364353,2.7811988638968911564805133433017710,500.61579550144040816649240179431878/pi,3.5711184584067682568089838511321389
"m003(-2,3)",AABAbb,6,-3,1,2,-5.0437833094097052118893947661209608,0.92222413274966447093625040901912527,24.589252721254047343281091371026311,-9.3029973765951959351525800503144413,3.1946182398611067498231383429687605,-0.39184953112142021355252173458046981,-70.532915601855638439453912224484566/pi,5.1274016249271705414144802750970321
"m003(-2,3)",AABBAB,6,-3,-3,3,-0.73074770592221051924775817179800756,-3.4955535805166768402319570247919289,-11.684902624552386090633978311383232,5.1087355197814611955455981300834292,2.6779827726052318844458769396364353,2.7811988638968911564805133433017710,500.61579550144040816649240179431878/pi,3.5711184584067682568089838511321389
"m003(-2,3)",AABBAb,6,-3,-1,0,-3.0075523593781792210079364904599553,-0.51311579559701487085961448332121910,8.7820833747100949521450894283789236,3.0864452433640272401553210990940227,1.9966503770734743084181221989888479,0.44114973560896201161662482369209954,79.406952409613162090992468264577917/pi,3.0510095073749622852402930747558748
"m003(-2,3)",AABBBB,6,-2,-4,0,2.7383000653003897402556946622579629,4.0086693761136917110915715081131480,-8.5711429193676156215033326611324040,21.953879228759589225067521814765125,3.1942566886573962836043039089119830,2.0182350592977920915691785421034723,363.28231067360257648245213757862501/pi,4.8546593510375012771676141390058885
"m003(-2,3)",AABBaB,6,-1,-3,4,-2.0573571813066935397470435704021002,3.8969114478873884253109587513231270,-10.953200261201558961022778649031852,-16.034677504454766844366286032452592,3.0264248708654827266073017601875824,-2.2479924677201247278207824375147303,-404.63864418962245100774083875265145/pi,4.4066583035390893702996330558527423
"m003(-2,3)",AABBab,6,-1,-1,1,2.0286785906533467698735217852010501,-1.9484557239436942126554793756615635,0.31905711600630379949134890814413730,-7.9055808240010801364025302594362750,2.1034306762440962067297598682093279,-1.7743255989792616564724958347768839,-319.37860781626709816504925025983910/pi,2.8128306974192731916383212914327428
"m003(-2,3)",AABaBB,6,-1,-3,4,-2.0573571813066935397470435704021002,3.8969114478873884253109587513231270,-10.953200261201558961022778649031852,-16.034677504454766844366286032452592,3.0264248708654827266073017601875824,-2.2479924677201247278207824375147303,-404.63864418962245100774083875265145/pi,4.4066583035390893702996330558527423
"m003(-2,3)",AABaaB,6,0,-2,3,-0.51130023377293535723462342353815998,-2.5810799175489503842933408149395118,-6.4005456117182381678658635022613287,2.6394135304588140970328700719339385,2.1647050989433400585081987152706009,2.8295463375529722001064347821434006,509.31834075953499601915826078581211/pi,2.6312357305704775755168241310537920
"m003(-2,3)",AABaab,6,0,0,0,3.5475311838044613481160816991991654,1.1457399892022710424974759225991674,11.272257377207862760514127557175989,8.1290966804536867079637557730163171,2.5113302745306015542852068648691619,0.72633455276062636901148142805967916,130.74021949691274642206665705074225/pi,3.7279615908593134391550747581704077
"m003(-2,3)",AABabb,6,-1,1,3,3.2843570128341479227681148091219031,-2.4693219893226470985127280581494907,4.6894499008004920318800290728691907,-16.220269985154809872881696444570456,2.8033073366583626573433467923999797,-1.4076647453060220155156539196869707,-253.37965415508396279281770554365472/pi,4.1090816583155417470370917535762643
"m003(-2,3)",AAbABB,6,-3,-1,0,-3.0075523593781792210079364904599553,-0.51311579559701487085961448332121910,8.7820833747100949521450894283789236,3.0864452433640272401553210990940227,1.9966503770734743084181221989888479,0.44114973560896201161662482369209954,79.406952409613162090992468264577917/pi,3.0510095073749622852402930747558748
"m003(-2,3)",AAbAbb,6,-3,3,4,-2.8167834778822508288683235274011578,2.3498135913144057977344811021927615,2.4126452473445233301198507542072429,-13.237832200235147903509353903099746,2.5892064776831743277505996613428239,-1.5399838745126635139396406449479321,-277.19709741227943250913531609062778/pi,3.6682275113733518203801623465858436
"m003(-2,3)",AAbaBB,6,-1,-1,1,2.0286785906533467698735217852010501,-1.9484557239436942126554793756615635,0.31905711600630379949134890814413730,-7.9055808240010801364025302594362750,2.1034306762440962067297598682093279,-1.7743255989792616564724958347768839,-319.37860781626709816504925025983910/pi,2.8128306974192731916383212914327428
"m003(-2,3)",AAbabb,6,-1,3,0,-0.24812606280262193188665653346089767,1.0339820609759677567168631658091463,-1.0075523593781792210079364904599553,-0.51311579559701487085961448332121910,0.99832518853673715420906109949442394,-2.9210177857853122326543309714334531,-525.78320144135620187777957485802156/pi,1.0633369388213881602959678128163518
"m003(-2,3)",AAbbAB,6,-3,1,2,-5.0437833094097052118893947661209608,0.92222413274966447093625040901912527,24.589252721254047343281091371026311,-9.3029973765951959351525800503144413,3.1946182398611067498231383429687605,-0.39184953112142021355252173458046981,-70.532915601855638439453912224484566/pi,5.1274016249271705414144802750970321
"m003(-2,3)",AAbbAb,6,-3,3,4,-2.8167834778822508288683235274011578,2.3498135913144057977344811021927615,2.4126452473445233301198507542072429,-13.237832200235147903509353903099746,2.5892064776831743277505996613428239,-1.5399838745126635139396406449479321,-277.19709741227943250913531609062778/pi,3.6682275113733518203801623465858436
"m003(-2,3)",AAbbaB,6,-1,1,3,3.2843570128341479227681148091219031,-2.4693219893226470985127280581494907,4.6894499008004920318800290728691907,-16.220269985154809872881696444570456,2.8033073366583626573433467923999797,-1.4076647453060220155156539196869707,-253.37965415508396279281770554365472/pi,4.1090816583155417470370917535762643
"m003(-2,3)",AAbbab,6,-1,3,0,-0.24812606280262193188665653346089767,1.0339820609759677567168631658091463,-1.0075523593781792210079364904599553,-0.51311579559701487085961448332121910,0.99832518853673715420906109949442394,-2.9210177857853122326543309714334531,-525.78320144135620187777957485802156/pi,1.0633369388213881602959678128163518
"m003(-2,3)",AAbbbb,6,-2,4,3,6.7820833747100949521450894283789236,3.0864452433640272401553210990940227,36.470510661234640877781173530518004,41.865057943944444325051052443008596,3.9933007541469486168362443979776958,0.88229947121792402323324964738419907,158.81390481922632418198493652915583/pi,7.4513622339679272601340839661272338
"m003(-2,3)",ABABAb,6,-3,-1,0,-2.9864261281030116721423511957188606,-2.9746873151377239543747083423040017,0.069976395775065257241250884129866971,17.767367841727792500458174093700822,2.8862734652577867446775982870274678,1.6783333476774341078334841206715322,302.10000258193813941002714172087580/pi,4.2151519120261403109638196586775070
"m003(-2,3)",ABABBB,6,-2,-4,0,-2.0362309500315259908814582756610054,1.4353399283466793417958648923403444,2.0860357719600403096205653556031503,-5.8453671718310826379664381269846904,1.7938008425243407878008903586303939,-1.5568710482226091455797399310456620,-280.23678868006964620435318758821916/pi,2.4912722034680476649245795586986481
"m003(-2,3)",ABABaB,6,-1,-3,4,-2.0362309500315259908814582756610054,1.4353399283466793417958648923403444,2.0860357719600403096205653556031503,-5.8453671718310826379664381269846904,1.7938008425243407878008903586303939,-1.5568710482226091455797399310456620,-280.23678868006964620435318758821916/pi,2.4912722034680476649245795586986481
"m003(-2,3)",ABABab,6,-1,-1,1,2.0075523593781792210079364904599553,0.51311579559701487085961448332121910,3.7669786559537365101292164474590130,2.0602136521699974984360921324515845,1.0403151250687664422690994406770136,0.98237189028120683347074308722466479,176.82694025061723002473375570043966/pi,2.0720893550559183356720532873113600
"m003(-2,3)",ABAbAb,6,-3,1,2,-2.7881048872289040589948017422001077,0.40135786737071158507900172653119804,7.6124407244893341088710617600612209,-2.2380556630881025119538683454027405,1.7788859944251015829769813109820534,-0.39946721313411114592875584600002249,-71.904098364140006267176052280004048/pi,2.8168452211454688891411302997496777
"m003(-2,3)",ABAbaB,6,-1,-1,1,2.0075523593781792210079364904599553,0.51311579559701487085961448332121910,3.7669786559537365101292164474590130,2.0602136521699974984360921324515845,1.0403151250687664422690994406770136,0.98237189028120683347074308722466479,176.82694025061723002473375570043966/pi,2.0720893550559183356720532873113600
"m003(-2,3)",ABAbab,6,-1,1,3,-1.2481260628026219318866565334608977,1.0339820609759677567168631658091463,0.48869976622706464276537657646184002,-2.5810799175489503842933408149395118,1.1561648710637111086774370570393778,-2.0183240348712299834336541564247384,-363.29832627682139701805774815645291/pi,1.6207830117160299416207379888288407
"m003(-2,3)",ABAbbb,6,-2,2,1,4.4977263618759470293769746192570205,5.5557672326866743386680491572435135,-10.637007117481104992621754212547832,49.976641485802867659662707270094984,3.9428749265470386217033283457910251,1.8182846181996186405122103746903828,327.29123127593135529219786744426890/pi,7.1481530460748243422280359029646065
"m003(-2,3)",ABBAbb,6,-2,0,4,2.9577475374496649022688294105178105,4.9231430390814181670301877179655652,-15.489066887966265202008094525056623,29.122828400711047919049212077300139,3.5259054006461089527881786831934639,2.1108398139957894678208968898744869,379.95116651924210420776144017740765/pi,5.7433098365442011881004359803722447
"m003(-2,3)",ABBBAb,6,-2,-2,2,2.7383000653003897402556946622579629,4.0086693761136917110915715081131480,-8.5711429193676156215033326611324040,21.953879228759589225067521814765125,3.1942566886573962836043039089119830,2.0182350592977920915691785421034723,363.28231067360257648245213757862501/pi,4.8546593510375012771676141390058885
"m003(-2,3)",ABBBBB,6,-1,-5,2,1.7881048872289040589948017422001077,-0.40135786737071158507900172653119804,3.0362309500315259908814582756610054,-1.4353399283466793417958648923403444,0.72156836631444668616939957175686695,-1.1512129898755380922729506614718684,-207.21833817759685660913111906493631/pi,1.8325957615994470626833901890500850
"m003(-2,3)",ABBBaB,6,0,-4,1,1.7881048872289040589948017422001077,-0.40135786737071158507900172653119804,3.0362309500315259908814582756610054,-1.4353399283466793417958648923403444,0.72156836631444668616939957175686695,-1.1512129898755380922729506614718684,-207.21833817759685660913111906493631/pi,1.8325957615994470626833901890500850
"m003(-2,3)",ABBBab,6,0,-2,3,-3.7383000653003897402556946622579629,-4.0086693761136917110915715081131480,-2.0945427887668361409919433366164782,29.971217980986972647250664830991422,3.4105347187732321479727398315035763,1.7062794136420720436128012713888252,307.13029445557296785030422884998854/pi,5.4812697019227791810324638322269342
"m003(-2,3)",ABBaBB,6,0,-4,1,2.7594262965755572891212799569990577,1.5470978565729826275764776491303654,5.2209217084199783276167963005950728,8.5382050176063363080403916987142233,2.2200616293117684014814863771522913,1.2177879252248891937379780415065139,219.20182654048005487283604747117249/pi,3.1635336672849575632139896330012949
"m003(-2,3)",ABBabb,6,0,0,0,-3.7458524246785689612636311527179182,-4.5217851717107065819511859914343671,-6.4151307516325100546415164213993867,33.875879898656299087559257781481257,3.5533674402971209090898822871691473,1.8138953768353893658167758743531356,326.50116783037008584701965738356441/pi,5.8717928715659869026265782207661152
"m003(-2,3)",ABaBAb,6,-1,-1,1,-0.26925229407778948075224182820199244,3.4955535805166768402319570247919289,-12.146398036396807129129494654979247,-1.8823716412518924849183159195004286,2.6534648464070098904468825033296586,-3.0080035780597932338273315616211717,-541.44064405076278208891968109181091/pi,3.5059081037769817713479776597766935
"m003(-2,3)",ABaBBB,6,0,-4,1,1.7881048872289040589948017422001077,-0.40135786737071158507900172653119804,3.0362309500315259908814582756610054,-1.4353399283466793417958648923403444,0.72156836631444668616939957175686695,-1.1512129898755380922729506614718684,-207.21833817759685660913111906493631/pi,1.8325957615994470626833901890500850
"m003(-2,3)",ABaBaB,6,1,-3,0,2.0075523593781792210079364904599553,0.51311579559701487085961448332121910,3.7669786559537365101292164474590130,2.0602136521699974984360921324515845,1.0403151250687664422690994406770136,0.98237189028120683347074308722466479,176.82694025061723002473375570043966/pi,2.0720893550559183356720532873113600
"m003(-2,3)",ABaBab,6,1,-1,2,1.0286785906533467698735217852010501,-1.9484557239436942126554793756615635,-2.7383000653003897402556946622579629,-4.0086693761136917110915715081131480,1.8222796995026175841972989987489272,-2.4135390256883348706290677981324900,-434.43702462390027671323220366384820/pi,2.2033291517695446851498165279263711
"m003(-2,3)",ABabAb,6,-1,1,3,1.0286785906533467698735217852010501,-1.9484557239436942126554793756615635,-2.7383000653003897402556946622579629,-4.0086693761136917110915715081131480,1.8222796995026175841972989987489272,-2.4135390256883348706290677981324900,-434.43702462390027671323220366384820/pi,2.2033291517695446851498165279263711
"m003(-2,3)",ABabbb,6,0,2,2,-3.7383000653003897402556946622579629,-4.0086693761136917110915715081131480,-2.0945427887668361409919433366164782,29.971217980986972647250664830991422,3.4105347187732321479727398315035763,1.7062794136420720436128012713888252,307.13029445557296785030422884998854/pi,5.4812697019227791810324638322269342
"m003(-2,3)",AbAbbb,6,-2,4,3,2.0075523593781792210079364904599553,0.51311579559701487085961448332121910,3.7669786559537365101292164474590130,2.0602136521699974984360921324515845,1.0403151250687664422690994406770136,0.98237189028120683347074308722466479,176.82694025061723002473375570043966/pi,2.0720893550559183356720532873113600
"m003(-2,3)",Abbbbb,6,-1,5,2,-1.7020691152688637493742363865969575,-5.4440093044603710528874364004534924,-26.740198033898960413656636787491517,18.532160200716652127570362445301040,3.5317879891358827218720192308457756,2.5680901114394669788965391299544449,462.25622005910405620137704339180008/pi,5.7038825882203453364251309754524949
"m003(-2,5)",A,1,-1,0,,0.39603496879385575572709990078882109,0.94226390627325199533601331236817344,-0.73101757255777751870767541253072629,0.74633891343300795727551174648439888,0.92439526494006074159956166419193874,2.7824684660360653484211722377135378,500.84432388649176271581100278843681/pi,1.0221080987708091354139402948268421
"m003(-2,5)",B,1,0,-1,,1.7310175725577775187076754125307263,-0.74633891343300795727551174648439888,2.4394000627994576111159978532580565,-2.5838515484724293722187636291834532,1.0806643486697864115169889280355837,-1.4366760276983999430988055728640425,-258.60168498571198975778500311552766/pi,1.8850579859007476967062810897628171
"m003(-2,5)",AB,2,-1,-1,,-0.37908785910353610166272994018839299,0.90194259367432872783254053436351246,-0.66979283736427281285828400127316953,-0.68383097374058368153768624626760642,0.88634364317476482057109902306067746,-2.7951809512615774660086770502852876,-503.13257122708394388156186905135177/pi,0.97837009725546993095015918952058105
"m003(-2,5)",Ab,2,-1,1,,1.7678795694081920071189743820701285,0.43355647778052361463180089464501825,2.9374269525054407136367398301748004,1.5329512785055289065885104262454756,0.74995266601678871442569976040514626,1.2003405440811109752675937777869403,216.06129793459997554816688000164925/pi,1.8202662968248211915678740475624633
"m003(-2,5)",AAB,3,-2,-1,,-2.7310175725577775187076754125307263,0.74633891343300795727551174648439888,6.9014352079150126485313486783195091,-4.0765293753384452867697871221522509,1.8487905298801214831991233283838775,-0.71824837510745578008294229113193010,-129.28470751934204041492961240374742/pi,2.8311620856679573970901063563938504
"m003(-2,5)",AAb,3,-2,1,,-1.4394000627994576111159978532580565,2.5838515484724293722187636291834532,-4.6044162837562885190268198372442170,-7.4383921622713812601648995269011142,2.2986409985319440207868664735307896,-2.2868799627412418657590587916587968,-411.63839329342353583663058249858342/pi,2.9577290892389812563517932011969649
"m003(-2,5)",ABB,3,-1,-2,,-0.37908785910353610166272994018839299,0.90194259367432872783254053436351246,-0.66979283736427281285828400127316953,-0.68383097374058368153768624626760642,0.88634364317476482057109902306067746,-2.7951809512615774660086770502852876,-503.13257122708394388156186905135177/pi,0.97837009725546993095015918952058105
"m003(-2,5)",Abb,3,-1,2,,2.9877757025561597808667283214729563,-1.5112073414514339995983658937510320,6.6430560199282431341719486236434662,-9.0302971526261693218449919852196091,2.3235560033812125263716660512057253,-1.1036372986329543511933683317835602,-198.65471375393178321480629972104084/pi,3.3482161336511215720009406267124613
"m003(-2,5)",AAAB,4,-3,-1,,-1.4057388199949755595206144024821636,-3.1797055714024330656328952757402166,-8.1344258907668070647182821139334916,8.9396711157494115228525729240655786,2.6030760173285756133303939649016295,2.4133067708435908896581927343655466,434.39521875184636013847469218579839/pi,3.4765829705112086768828634220541201
"m003(-2,5)",AAAb,4,-3,1,,-4.7726023816546714420500726641435129,-0.76655563627667033820198884762567212,22.190125949868311217428287542110596,7.3169305107296978293354919946113025,3.0652265948730328717679107104988019,0.34907601475131465281193133833491000,62.833682655236637506147640900283800/pi,4.8337708920555360799906669292175763
"m003(-2,5)",AABB,4,-2,-2,,-1.4394000627994576111159978532580565,2.5838515484724293722187636291834532,-4.6044162837562885190268198372442170,-7.4383921622713812601648995269011142,2.2986409985319440207868664735307896,-2.2868799627412418657590587916587968,-411.63839329342353583663058249858342/pi,2.9577290892389812563517932011969649
"m003(-2,5)",AAbb,4,-2,2,,2.1678197270702559153790259781899133,4.8006338007185419603449603016965352,-18.346642519526394796017728427964671,20.813817311275829916764060824376913,3.3709977786933650810598157016941756,2.3436649374950873751306734948272017,421.85968874911572752352122906889631/pi,5.2674023254044599788618190590764795
"m003(-2,5)",ABAb,4,-2,0,,-1.5006247979929623169653892645156133,4.0140214356460210110319616219354585,-13.860493301474324636267025982694634,-12.047080212011461737250766700471730,2.9909061682849904870021665300008859,-2.4895644583127423343878311592409771,-448.12160249629362018980960866337588/pi,4.2853521290761115886041262373657584
"m003(-2,5)",ABBB,4,-1,-3,,0.39603496879385575572709990078882109,0.94226390627325199533601331236817344,-0.73101757255777751870767541253072629,0.74633891343300795727551174648439888,0.92439526494006074159956166419193874,2.7824684660360653484211722377135378,500.84432388649176271581100278843681/pi,1.0221080987708091354139402948268421
"m003(-2,5)",ABaB,4,0,-2,,1.6697928373642728128582840012731695,0.68383097374058368153768624626760642,2.3205833190660339877657624917952582,2.2837121238397255199096388002054170,0.98240832089328502746267792317101998,1.4653290291360610016004140623176753,263.75922524449098028807453121718155/pi,1.8043926735497524971649603761696150
"m003(-2,5)",ABab,4,0,0,,0.76960722543518479825771385198488702,-3.2676825222130130537564498754510596,-10.085453784534355194392976173056751,-5.0296641590468071887796097262621122,2.5677589124221641028400526540883661,-2.7430286360562831792011425201898941,-493.74515449013097225620565363418094/pi,3.3570886713666712298518426547401584
"m003(-2,5)",Abbb,4,-1,3,,2.2761398293868321107347291310404266,-5.2793762130385835997700587915394448,-22.691000675876498856768860062230122,-24.033196945629082978070524719692645,3.5396716358535033246979255035474878,-2.3688521873774502564248901723365973,-426.39339372794104615648023102058751/pi,5.7491413029876673258717613959749147
"m003(-2,5)",AAAAB,5,-4,-1,,5.1704176353572351298236732657887828,-3.3301904619054373294942753756678521,15.643050011447152818041169947850597,-34.436950986668659785601708755117844,3.6125567128791966121564241458354222,-1.1940902935214924350234539515780068,-214.93625283386863830422171128404123/pi,6.1500721163722180285083063929239725
"m003(-2,5)",AAAAb,5,-4,1,,0.27158033572920169573697187506814321,-7.3844853491909713325637239308799884,-54.456867993661315908674757102290247,-4.0109620206413104244958674852085654,4.0356851093801053510727649920400685,-3.0706229353454245211260645506492989,-552.71212836217641380269161911687380/pi,7.3894776372332901000108312955521616
"m003(-2,5)",AAABB,5,-3,-2,,-2.6256349531429433332683683418849914,-1.2349417521704754514027284873441663,5.3688777759120622239903294609764535,6.4850124591887813005579676230247667,1.9998737760447699051351993610803900,1.1065130151564337750718211519121721,199.17234272815807951292780734419098/pi,2.9015582086906046149677352929374881
"m003(-2,5)",AAAbb,5,-3,2,,-6.6527072422476477970577018943951184,5.4550844830351652569040832562819462,14.500566934003266966405985824165936,-72.582160094721619400519792873195249,4.2995081233747938479560738487037106,-1.4003047058148047543410670270045382,-252.05484704666485578139206486081688/pi,8.6032819533074318122621824909924821
"m003(-2,5)",AABAB,5,-3,-2,,-0.033894219380639308128739921200856200,-3.6884129998951614463371076934633718,-13.603241639688201326263837655215583,0.25003175876969710295130200086716982,2.7434773208853106931880628655883754,3.1254364652124461371454151771963186,562.57856373824030468617473189533735/pi,3.6885687299958295797883219588169625
"m003(-2,5)",AABAb,5,-3,0,,-4.7726023816546714420500726641435129,-0.76655563627667033820198884762567212,22.190125949868311217428287542110596,7.3169305107296978293354919946113025,3.0652265948730328717679107104988019,0.34907601475131465281193133833491000,62.833682655236637506147640900283800/pi,4.8337708920555360799906669292175763
"m003(-2,5)",AABBB,5,-2,-3,,2.1678197270702559153790259781899133,4.8006338007185419603449603016965352,-18.346642519526394796017728427964671,20.813817311275829916764060824376913,3.3709977786933650810598157016941756,2.3436649374950873751306734948272017,421.85968874911572752352122906889631/pi,5.2674023254044599788618190590764795
"m003(-2,5)",AABaB,5,-1,-2,,-2.9708285928658401268023583608725282,3.3554138413990147227669197404827179,-2.4329795188628646538686307490865953,-19.936718761851996329872459580931100,3.0188578129280769820479934431497068,-1.7885801073961775258496979469193041,-321.94441933131195465294563044547474/pi,4.4815872830104871229380992093625111
"m003(-2,5)",AABab,5,-1,0,,2.9877757025561597808667283214729563,-1.5112073414514339995983658937510320,6.6430560199282431341719486236434662,-9.0302971526261693218449919852196091,2.3235560033812125263716660512057253,-1.1036372986329543511933683317835602,-198.65471375393178321480629972104084/pi,3.3482161336511215720009406267124613
"m003(-2,5)",AAbAB,5,-3,0,,-4.7726023816546714420500726641435129,-0.76655563627667033820198884762567212,22.190125949868311217428287542110596,7.3169305107296978293354919946113025,3.0652265948730328717679107104988019,0.34907601475131465281193133833491000,62.833682655236637506147640900283800/pi,4.8337708920555360799906669292175763
"m003(-2,5)",AAbAb,5,-3,2,,-4.0609665084853437719180734737109831,3.0016132353104792619697040501627407,7.4817669686486011205479441060702801,-24.378901640044387107504652217765739,3.2198250633826825716662768644712016,-1.3503006154569503770432475494817419,-243.05411078225106786778455890671354/pi,5.0498644533720591952775226489344121
"m003(-2,5)",AAbaB,5,-1,0,,2.9877757025561597808667283214729563,-1.5112073414514339995983658937510320,6.6430560199282431341719486236434662,-9.0302971526261693218449919852196091,2.3235560033812125263716660512057253,-1.1036372986329543511933683317835602,-198.65471375393178321480629972104084/pi,3.3482161336511215720009406267124613
"m003(-2,5)",AAbab,5,-1,2,,0.39603496879385575572709990078882109,0.94226390627325199533601331236817344,-0.73101757255777751870767541253072629,0.74633891343300795727551174648439888,0.92439526494006074159956166419193874,2.7824684660360653484211722377135378,500.84432388649176271581100278843681/pi,1.0221080987708091354139402948268421
"m003(-2,5)",AAbbb,5,-2,3,,8.7748339191135236488504931030329999,4.1082017003659439306706241512332621,60.120389097135567933791396582877633,72.097575253861875125080238642290161,4.5283885381808781396857832380113755,0.89243956289345183588489572920403234,160.63912132082133045928123125672582/pi,9.6889128140836747776309996501474116
"m003(-2,5)",ABABB,5,-2,-3,,-2.4008104099220503315659594138038958,0.062507939692424275737825500216792455,5.7599833818654915988817603450533147,-0.30013942463270385230912482897803614,1.2499211100279811907094996006752438,-0.093827528924677200195772625874768154,-16.888955206441896035239072657458268/pi,2.4016240061497293209888910762729126
"m003(-2,5)",ABAbb,5,-2,1,,3.1292300741928486358289875387357526,7.3219774094985470568258984306631960,-43.819272327974072878084810228051298,45.824303824727000129032494434143602,4.1713334031906009648663228973528531,2.3559014508875999803589388638574235,424.06226115976799646460899549433622/pi,7.9626273328870562453968233475885481
"m003(-2,5)",ABBAb,5,-2,-1,,1.8376125644345287282373099794630829,5.4844647744591256418826465479641417,-26.702533925315342898657364424126805,20.156642757489346174972329772524963,3.5571606503740597034946660137497411,2.5285861966512432707762161955811197,455.14551539722378873971891520460154/pi,5.7841312052243967828264305863551718
"m003(-2,5)",ABBBB,5,-1,-4,,1.7678795694081920071189743820701285,0.43355647778052361463180089464501825,2.9374269525054407136367398301748004,1.5329512785055289065885104262454756,0.74995266601678871442569976040514626,1.2003405440811109752675937777869403,216.06129793459997554816688000164925/pi,1.8202662968248211915678740475624633
"m003(-2,5)",ABBaB,5,0,-3,,1.6697928373642728128582840012731695,0.68383097374058368153768624626760642,2.3205833190660339877657624917952582,2.2837121238397255199096388002054170,0.98240832089328502746267792317101998,1.4653290291360610016004140623176753,263.75922524449098028807453121718155/pi,1.8043926735497524971649603761696150
"m003(-2,5)",ABBab,5,0,-1,,-2.8376125644345287282373099794630829,-5.4844647744591256418826465479641417,-22.027308796446285442182744465200639,31.125572306407597458737622868453247,3.6719139185230803604801761205440910,2.2275711310017825464522165070570512,400.96280358032085836139897127026922/pi,6.1750626659265321458371339916115853
"m003(-2,5)",ABaBB,5,0,-3,,1.6697928373642728128582840012731695,0.68383097374058368153768624626760642,2.3205833190660339877657624917952582,2.2837121238397255199096388002054170,0.98240832089328502746267792317101998,1.4653290291360610016004140623176753,263.75922524449098028807453121718155/pi,1.8043926735497524971649603761696150
"m003(-2,5)",ABabb,5,0,1,,-2.8376125644345287282373099794630829,-5.4844647744591256418826465479641417,-22.027308796446285442182744465200639,31.125572306407597458737622868453247,3.6719139185230803604801761205440910,2.2275711310017825464522165070570512,400.96280358032085836139897127026922/pi,6.1750626659265321458371339916115853
"m003(-2,5)",AbAbb,5,-2,3,,4.2062037821212174019055077110391907,-0.62992416066017375393651065024648065,17.295345808547409317452179025369375,-5.2991787740367124614752447529166017,2.7812239733878868097538318269920647,-0.33589736812413813697725425248325199,-60.461526262344864655905765446985359/pi,4.2531111794678325935098936569961111
"m003(-2,5)",Abbbb,5,-1,4,,-2.9879415667321766061127402315706593,-9.3262573825480474820630835374775211,-78.051281959326023488204831882080848,55.732624190716283083771688380198472,4.5802408807723561483976002417717437,2.5333152431619461031885415689343249,455.99674376915029857393748240817848/pi,9.7932053777983177687966479306208307
"m003(-2,5)",AAAAAB,6,-5,-1,,6.5913232801338224113621569280149257,6.7327316138999361223394512824657481,-1.8841324015735465801086519782935269,88.755221251183221866630538527237542,4.4869651044674298023911030237969263,1.6145196553495729763576483811594816,290.61353796292313574437670860870668/pi,9.4220601551912058720397967492550385
"m003(-2,5)",AAAAAb,6,-5,1,,11.838291702386494648899244419927880,-1.9020584405376622001975272495564147,136.52732411957236614221360202881304,-45.034245308142404504477795442362110,4.9548363746340060080676996548332789,-0.32306310887798388714496847895008217,-58.151359598037099686094326211014791/pi,11.990119963620609790492106700550613
"m003(-2,5)",AAAABB,6,-4,-2,,1.5631978454875216033286494343408130,-5.5469727141515499176204720481809341,-28.325318787404982847056123336893249,-17.342031591479545731715366558363707,3.5530400451246660951094693468784669,-2.6214094093534660689974154895365221,-471.85369368362389241953478811657399/pi,5.7630281793236654081336808571922213
"m003(-2,5)",AAAAbb,6,-4,2,,-9.9426536461837795642295190812229132,-8.9088355010844858910155844529297974,19.489011542588343613293963772893546,177.15493155621832500904687097386669,5.1819049953509842593966017154852433,1.4723997839570554481079534760386250,265.03196111226998065943162568695250/pi,13.350045374954905719230906692120342
"m003(-2,5)",AAABAB,6,-4,-2,,6.1318279824798278502736348263346221,-0.80884685312543223301333724670119133,36.945081174911721459040861212712312,-9.9194195350705535379433922107979482,3.5918791819554767771857502411442561,-0.27698098860447936605020288433740358,-49.856577948806285889036519180732644/pi,6.1849452413528731697382387855676407
"m003(-2,5)",AAABAb,6,-4,0,,0.33280507092270640158636328632569998,-8.8146552363645629713769219236319937,-77.587387720737341867141329494880497,-5.8671239221950274791576898653174217,4.3794101839410739380823263808359712,-3.0679834590168667248508225672944612,-552.23702262303601047314806211300301/pi,8.8209356732265697405721439973592866
"m003(-2,5)",AAABBB,6,-3,-3,,-4.0609665084853437719180734737109831,3.0016132353104792619697040501627407,7.4817669686486011205479441060702801,-24.378901640044387107504652217765739,3.2198250633826825716662768644712016,-1.3503006154569503770432475494817419,-243.05411078225106786778455890671354/pi,5.0498644533720591952775226489344121
"m003(-2,5)",AAABaB,6,-2,-2,,-6.0080301997917638580609832452518657,-2.1542743125536883123883711722962896,31.455529067881195580268794333870150,25.885890256916401461383721097331044,3.6689410447577451271158020602721114,0.72163036663232146510383153169311968,129.89346599381786371868967570476154/pi,6.3825797837033363872890620543875759
"m003(-2,5)",AAABab,6,-2,0,,1.8376125644345287282373099794630829,5.4844647744591256418826465479641417,-26.702533925315342898657364424126805,20.156642757489346174972329772524963,3.5571606503740597034946660137497411,2.5285861966512432707762161955811197,455.14551539722378873971891520460154/pi,5.7841312052243967828264305863551718
"m003(-2,5)",AAAbAB,6,-4,0,,0.33280507092270640158636328632569998,-8.8146552363645629713769219236319937,-77.587387720737341867141329494880497,-5.8671239221950274791576898653174217,4.3794101839410739380823263808359712,-3.0679834590168667248508225672944612,-552.23702262303601047314806211300301/pi,8.8209356732265697405721439973592866
"m003(-2,5)",AAAbAb,6,-4,2,,-5.3740235091914733172845336892291041,-4.1707096400583682064084496514500546,11.485309775666834015625393882237250,44.826983311370356967259464235626024,3.8251457341847744649043899520955223,1.3624665989277311241209567087369698,245.24398780699160234177220757265456/pi,6.8025691895796576734270925409578035
"m003(-2,5)",AAAbaB,6,-2,0,,1.8376125644345287282373099794630829,5.4844647744591256418826465479641417,-26.702533925315342898657364424126805,20.156642757489346174972329772524963,3.5571606503740597034946660137497411,2.5285861966512432707762161955811197,455.14551539722378873971891520460154/pi,5.7841312052243967828264305863551718
"m003(-2,5)",AAAbab,6,-2,2,,-2.4008104099220503315659594138038958,0.062507939692424275737825500216792455,5.7599833818654915988817603450533147,-0.30013942463270385230912482897803614,1.2499211100279811907094996006752438,-0.093827528924677200195772625874768154,-16.888955206441896035239072657458268/pi,2.4016240061497293209888910762729126
"m003(-2,5)",AAAbbb,6,-3,3,,-2.6720089340046710412158171217315447,15.174577030764813086095494910399824,-223.12815631921427259388164500295334,-81.093210791891308987261135638591242,5.4776548192327255333520597362756073,-2.7958408374727947765900466502185320,-503.25135074510305978620839703933576/pi,15.408031016519139573656059579312345
"m003(-2,5)",AABAAb,6,-4,0,,1.5631978454875216033286494343408130,-5.5469727141515499176204720481809341,-28.325318787404982847056123336893249,-17.342031591479545731715366558363707,3.5530400451246660951094693468784669,-2.6214094093534660689974154895365221,-471.85369368362389241953478811657399/pi,5.7630281793236654081336808571922213
"m003(-2,5)",AABABB,6,-3,-3,,-1.4057388199949755595206144024821636,-3.1797055714024330656328952757402166,-8.1344258907668070647182821139334916,8.9396711157494115228525729240655786,2.6030760173285756133303939649016295,2.4133067708435908896581927343655466,434.39521875184636013847469218579839/pi,3.4765829705112086768828634220541201
"m003(-2,5)",AABAbb,6,-3,1,,-7.4278300701450396544475317353723325,5.4147631704362419894006104782772852,25.852999359038121698298388364017987,-80.439881400160417291643539424807122,4.4297681395393023207288513304516850,-1.2826016182318894287177566017909834,-230.86829128174009716919618832237701/pi,9.1919703950167076094752014994715250
"m003(-2,5)",AABBAB,6,-3,-3,,-1.4057388199949755595206144024821636,-3.1797055714024330656328952757402166,-8.1344258907668070647182821139334916,8.9396711157494115228525729240655786,2.6030760173285756133303939649016295,2.4133067708435908896581927343655466,434.39521875184636013847469218579839/pi,3.4765829705112086768828634220541201
"m003(-2,5)",AABBAb,6,-3,-1,,-4.0609665084853437719180734737109831,3.0016132353104792619697040501627407,7.4817669686486011205479441060702801,-24.378901640044387107504652217765739,3.2198250633826825716662768644712016,-1.3503006154569503770432475494817419,-243.05411078225106786778455890671354/pi,5.0498644533720591952775226489344121
"m003(-2,5)",AABBBB,6,-2,-4,,8.7748339191135236488504931030329999,4.1082017003659439306706241512332621,60.120389097135567933791396582877633,72.097575253861875125080238642290161,4.5283885381808781396857832380113755,0.89243956289345183588489572920403234,160.63912132082133045928123125672582/pi,9.6889128140836747776309996501474116
"m003(-2,5)",AABBaB,6,-1,-3,,-2.2591927196965124566703591704399985,7.1235827129861643229386126382711307,-45.641478924025596486035805682100017,-32.187092406668546563673947521942377,4.0515919074060333280989375053811268,-2.5471428232996560768675387461379070,-458.48570819393809383615697430482326/pi,7.4732444368885088604524891908328243
"m003(-2,5)",AABBab,6,-1,-1,,2.2761398293868321107347291310404266,-5.2793762130385835997700587915394448,-22.691000675876498856768860062230122,-24.033196945629082978070524719692645,3.5396716358535033246979255035474878,-2.3688521873774502564248901723365973,-426.39339372794104615648023102058751/pi,5.7491413029876673258717613959749147
"m003(-2,5)",AABaBB,6,-1,-3,,-2.2591927196965124566703591704399985,7.1235827129861643229386126382711307,-45.641478924025596486035805682100017,-32.187092406668546563673947521942377,4.0515919074060333280989375053811268,-2.5471428232996560768675387461379070,-458.48570819393809383615697430482326/pi,7.4732444368885088604524891908328243
"m003(-2,5)",AABaaB,6,0,-2,,-2.8988372996280334340867013907206396,-4.0542948872855340030694485552121364,-8.0340493433548719776061428565980069,23.505482485909079144185175645602618,3.2419930460093592345509667841067512,1.9731572240843866476288700479668781,355.16830033518959657319660863403806/pi,4.9840309712906449549738233679800695
"m003(-2,5)",AABaab,6,0,0,,5.3382373624274910452026992439786962,1.4704433388131046308506849260286832,26.334574524956985563301891543498327,15.699151141169482470885810053688295,3.3653975716086404139034900095184796,0.57403746316323505538680562888087114,103.32674336938230996962501319855681/pi,5.5370553320584260893156369767220944
"m003(-2,5)",AABabb,6,-1,1,,4.4231072578985602195164334532989480,-5.7477623289323887129707984312579391,-13.472893975019356518404558942421385,-50.845938547553560317399605113547064,3.9733761829443114333036727683191931,-1.8660049134021488678523730210270691,-335.88088441238679621342714378487243/pi,7.2526305300055922212542342176814473
"m003(-2,5)",AAbABB,6,-3,-1,,-4.0609665084853437719180734737109831,3.0016132353104792619697040501627407,7.4817669686486011205479441060702801,-24.378901640044387107504652217765739,3.2198250633826825716662768644712016,-1.3503006154569503770432475494817419,-243.05411078225106786778455890671354/pi,5.0498644533720591952775226489344121
"m003(-2,5)",AAbAbb,6,-3,3,,-0.016781245514302828818358050502725155,8.9932582240519007584928955844968672,-80.878411874276136713485140556814631,-0.30183614846267596853562111666763018,4.4172356371252738480934802695005712,-3.1379496936321829307796637213388389,-564.83094485379292754033946984099100/pi,8.9932738807776870312831912745785594
"m003(-2,5)",AAbaBB,6,-1,-1,,2.2761398293868321107347291310404266,-5.2793762130385835997700587915394448,-22.691000675876498856768860062230122,-24.033196945629082978070524719692645,3.5396716358535033246979255035474878,-2.3688521873774502564248901723365973,-426.39339372794104615648023102058751/pi,5.7491413029876673258717613959749147
"m003(-2,5)",AAbabb,6,-1,3,,-0.37908785910353610166272994018839299,0.90194259367432872783254053436351246,-0.66979283736427281285828400127316953,-0.68383097374058368153768624626760642,0.88634364317476482057109902306067746,-2.7951809512615774660086770502852876,-503.13257122708394388156186905135177/pi,0.97837009725546993095015918952058105
"m003(-2,5)",AAbbAB,6,-3,1,,-7.4278300701450396544475317353723325,5.4147631704362419894006104782772852,25.852999359038121698298388364017987,-80.439881400160417291643539424807122,4.4297681395393023207288513304516850,-1.2826016182318894287177566017909834,-230.86829128174009716919618832237701/pi,9.1919703950167076094752014994715250
"m003(-2,5)",AAbbAb,6,-3,3,,-0.016781245514302828818358050502725155,8.9932582240519007584928955844968672,-80.878411874276136713485140556814631,-0.30183614846267596853562111666763018,4.4172356371252738480934802695005712,-3.1379496936321829307796637213388389,-564.83094485379292754033946984099100/pi,8.9932738807776870312831912745785594
"m003(-2,5)",AAbbaB,6,-1,1,,4.4231072578985602195164334532989480,-5.7477623289323887129707984312579391,-13.472893975019356518404558942421385,-50.845938547553560317399605113547064,3.9733761829443114333036727683191931,-1.8660049134021488678523730210270691,-335.88088441238679621342714378487243/pi,7.2526305300055922212542342176814473
"m003(-2,5)",AAbbab,6,-1,3,,-0.37908785910353610166272994018839299,0.90194259367432872783254053436351246,-0.66979283736427281285828400127316953,-0.68383097374058368153768624626760642,0.88634364317476482057109902306067746,-2.7951809512615774660086770502852876,-503.13257122708394388156186905135177/pi,0.97837009725546993095015918952058105
"m003(-2,5)",AAbbbb,6,-2,4,,16.087682776406039595880725727949636,-4.2382644785196417096366815877187405,240.85065132439016811946286861680972,-136.36770890586793021181397136790479,5.6169017848779750240681795756679920,-0.51878380260775390233915368472239488,-93.381084469395702421047663250031079/pi,16.636598898337151083272170748368376
"m003(-2,5)",ABABAb,6,-3,-1,,-4.8194278321502883726846510554544227,-3.3087006926490641719099547139316562,12.279384355768431142384345760088820,31.892088412815673843311347978613317,3.5125001613469223544404127064549826,1.2595113794771286564563280000226822,226.71204830588315816213904000408280/pi,5.8458861520595169019831835917422076
"m003(-2,5)",ABABBB,6,-2,-4,,-1.4394000627994576111159978532580565,2.5838515484724293722187636291834532,-4.6044162837562885190268198372442170,-7.4383921622713812601648995269011142,2.2986409985319440207868664735307896,-2.2868799627412418657590587916587968,-411.63839329342353583663058249858342/pi,2.9577290892389812563517932011969649
"m003(-2,5)",ABABaB,6,-1,-3,,-3.0176540433614570574369367521834380,0.81326878502662088905895387417673385,8.4448298087170744494196629269144509,-4.9083276749504842608760833971112191,2.0882546178515177141319728123544182,-0.66573778249414808248999869530023828,-119.83280084894665484819976515404289/pi,3.1253227100756213990806956566855024
"m003(-2,5)",ABABab,6,-1,-1,,3.0346011530517767115013067127838661,1.0309377149209598341095999725549520,8.1459715860567224968698007927312974,6.2569695568474171621939194544185267,2.1718854513668787137326914201285728,0.80732888528839845122577822722282482,145.31919935191172122064008090010847/pi,3.2049394269080379914164222827347674
"m003(-2,5)",ABAbAb,6,-3,1,,-4.0141410579897268412834950824000734,5.5437582916828730956776699164687248,-14.619927563163723905592593796973475,-44.506855548430417799893797652573092,3.8612486616078535054490152161984583,-1.9278944687263014284578491136271738,-347.02100437073425712241284045289128/pi,6.8444564744062395856964786641420293
"m003(-2,5)",ABAbaB,6,-1,-1,,3.0346011530517767115013067127838661,1.0309377149209598341095999725549520,8.1459715860567224968698007927312974,6.2569695568474171621939194544185267,2.1718854513668787137326914201285728,0.80732888528839845122577822722282482,145.31919935191172122064008090010847/pi,3.2049394269080379914164222827347674
"m003(-2,5)",ABAbab,6,-1,1,,-1.6458094427471208060450622709021306,0.30456135653389250835474145645357866,2.6159311019418235294748538401916489,-1.0024999129587056188941534760278768,0.49996844401119247628379984027009751,-1.2941680730057881754633664036617084,-232.95025314104187158340595265910751/pi,1.6737521745256533369496523738429053
"m003(-2,5)",ABAbbb,6,-2,2,,12.382053708983237175345516934480970,6.3249839526120565187968208237463442,113.30983205134550666803919432268342,156.63258201939914011949149673542000,5.2583126062802824730463432230167159,0.95298870974694174435015017258350921,171.53796775444951398302703106503166/pi,13.903980583018144229316333608306561
"m003(-2,5)",ABBAbb,6,-2,0,,8.7136091839200189430011016917754431,5.5383715875395355694838221439852674,45.253425168430103004681913149066449,96.518411058292384575449648535087048,4.6612982416450826230159734543715893,1.1495598582291413265857629693536044,206.92077448124543878543733448364880/pi,10.324753985047803259647454182538941
"m003(-2,5)",ABBBAb,6,-2,-2,,8.7748339191135236488504931030329999,4.1082017003659439306706241512332621,60.120389097135567933791396582877633,72.097575253861875125080238642290161,4.5283885381808781396857832380113755,0.89243956289345183588489572920403234,160.63912132082133045928123125672582/pi,9.6889128140836747776309996501474116
"m003(-2,5)",ABBBBB,6,-1,-5,,2.9877757025561597808667283214729563,-1.5112073414514339995983658937510320,6.6430560199282431341719486236434662,-9.0302971526261693218449919852196091,2.3235560033812125263716660512057253,-1.1036372986329543511933683317835602,-198.65471375393178321480629972104084/pi,3.3482161336511215720009406267124613
"m003(-2,5)",ABBBaB,6,0,-4,,1.7310175725577775187076754125307263,-0.74633891343300795727551174648439888,2.4394000627994576111159978532580565,-2.5838515484724293722187636291834532,1.0806643486697864115169889280355837,-1.4366760276983999430988055728640425,-258.60168498571198975778500311552766/pi,1.8850579859007476967062810897628171
"m003(-2,5)",ABBBab,6,0,-2,,-9.7748339191135236488504931030329999,-4.1082017003659439306706241512332621,78.670056935362615231492382788943632,80.313978654593762986421486944756686,4.7098436262546863471827663852031670,0.80868707236062145004256147318677097,145.56367302491186100766106517361877/pi,10.603051417263894469381763139072065
"m003(-2,5)",ABBaBB,6,0,-4,,2.9614103471225927204499615605458393,2.5213436087800050964809381289666607,2.4127776505089757175821370562493763,14.933466103385051023241695749318159,2.7084308431217341191436192352071093,1.5434064897031493521416129008209393,277.81316814656688338549032214776907/pi,3.8893604663981113829112242106814075
"m003(-2,5)",ABBabb,6,0,0,,-9.4446267564777964617087771043061694,-4.7920326741065276122083103975008686,66.237397419471744155799783327082943,90.517920023564710673192697796790768,4.7095138679386697474000238192394127,0.95368982434412456333071516947563383,171.66416838194242139952873050561409/pi,10.590776728780607236910245947436060
"m003(-2,5)",ABaBAb,6,-1,-1,,0.37937346456140849910384764155504653,7.2122565216338721617121992984579093,-51.872719908236994434616831094627089,5.4722774878357102613686684936815180,3.9914225924289824819866017321954175,3.0402933288136954726958632684689074,547.25279918646518508525538832440334/pi,7.2222273821490587970608180082772845
"m003(-2,5)",ABaBBB,6,0,-4,,1.7310175725577775187076754125307263,-0.74633891343300795727551174648439888,2.4394000627994576111159978532580565,-2.5838515484724293722187636291834532,1.0806643486697864115169889280355837,-1.4366760276983999430988055728640425,-258.60168498571198975778500311552766/pi,1.8850579859007476967062810897628171
"m003(-2,5)",ABaBaB,6,1,-3,,3.0346011530517767115013067127838661,1.0309377149209598341095999725549520,8.1459715860567224968698007927312974,6.2569695568474171621939194544185267,2.1718854513668787137326914201285728,0.80732888528839845122577822722282482,145.31919935191172122064008090010847/pi,3.2049394269080379914164222827347674
"m003(-2,5)",ABaBab,6,1,-1,,1.0094182457432474063523968003266890,-5.8767574501790198192478578694493786,-33.517352933395239602362559190830734,-11.864212392036531708746142297213416,3.6223436124605626305326214838301355,-2.8187769946797859855291069739381640,-507.37985904236147739523925530886952/pi,5.9628184043348150267968016774839256
"m003(-2,5)",ABabAb,6,-1,1,,1.0094182457432474063523968003266890,-5.8767574501790198192478578694493786,-33.517352933395239602362559190830734,-11.864212392036531708746142297213416,3.6223436124605626305326214838301355,-2.8187769946797859855291069739381640,-507.37985904236147739523925530886952/pi,5.9628184043348150267968016774839256
"m003(-2,5)",ABabbb,6,0,2,,-9.7748339191135236488504931030329999,-4.1082017003659439306706241512332621,78.670056935362615231492382788943632,80.313978654593762986421486944756686,4.7098436262546863471827663852031670,0.80868707236062145004256147318677097,145.56367302491186100766106517361877/pi,10.603051417263894469381763139072065
"m003(-2,5)",AbAbbb,6,-2,4,,5.8734487944930583359142347716585792,-5.7626146304131562680885421097685495,1.2896733628802026030401568405689392,-67.692843908256427169449444404538025,4.2152536104322765944351395556482316,-1.5812847443004182608817433517350566,-284.63125397407528695871380331231018/pi,8.2283125925176006176070773073904538
"m003(-2,5)",Abbbbb,6,-1,5,,-14.408867988463525653136742422875841,-8.6345221400325773030387794474901836,133.06050412225616954571173328173519,248.82737931838995778674621523400162,5.6391901543264317309673622789726579,1.0860181773885339962430436184642229,195.48327192993611932374785132356012/pi,16.797929911024205917229719520657210
"m003(-2,7)",A,1,-1,0,,0.45747051418138705304200094580398497,0.92079395128440161584468787530451669,-0.63858222937655832332067284567981996,0.84247216469837253733055459459232906,0.90949901498091599425189055739196531,2.7246508965390872803213296617935373,490.43716137703571045783933912283671/pi,1.0281735126267957059303625883484841
"m003(-2,7)",B,1,0,-1,,1.6385822293765583233206728456798200,-0.84247216469837253733055459459232906,1.9751923741370902525985673312195000,-2.7609198356383085813492855347192070,1.1265933209060988985577494264345868,-1.5780729248465243732100246329217248,-284.05312647237438717780443392591046/pi,1.8424741709777680725451249554915860
"m003(-2,7)",AB,2,-1,-1,,-0.43274323180891674876952017692840750,0.87102302324761832668246976793927576,-0.57141440235099519937622641465494676,-0.75385863612029515962449416992254226,0.86166245889066085007744823289470655,-2.7434997890612223398230895552266173,-493.82996203102002116815611994079111/pi,0.97259848432117501042285985248836124
"m003(-2,7)",Ab,2,-1,1,,1.9580895601900320031064980338951697,0.25236740787635582951834613928397530,3.7704254171669620163557972107360801,0.98831597338982400932510382236081602,0.66321620804456052499256169355956348,0.76584970897100341538937486053255110,137.85294761478061477008747489585920/pi,1.9742857022942307447822313347789168
"m003(-2,7)",AAB,3,-2,-1,,-2.6385822293765583233206728456798200,0.84247216469837253733055459459232906,6.2523568328902068992399130225791399,-4.4458641650350536560103947239038651,1.8189980299618319885037811147839306,-0.83388351410141191628262744297193122,-150.09903253825414493087293973494762/pi,2.7698150713492282503913008537471730
"m003(-2,7)",AAb,3,-2,1,,-0.97519237413709025259856733121950001,2.7609198356383085813492855347192070,-6.6716781722459302578168380099747011,-5.3848559386366142969252652116132439,2.3189616353372788551489294932042687,-2.5771847182306156116774266620731962,-463.89324928151081010193679917317532/pi,2.9280844430098322363153505185202018
"m003(-2,7)",ABB,3,-1,-2,,-0.43274323180891674876952017692840750,0.87102302324761832668246976793927576,-0.57141440235099519937622641465494676,-0.75385863612029515962449416992254226,0.86166245889066085007744823289470655,-2.7434997890612223398230895552266173,-493.82996203102002116815611994079111/pi,0.97259848432117501042285985248836124
"m003(-2,7)",Abb,3,-1,2,,2.9636327590866707789929334495662468,-2.1569051519109597637014358185899567,4.1308792963916323855579378477059149,-12.784549532892264913132937259260071,2.5675278932103319420540432488275474,-1.4075371722401663840242112343499548,-253.35669100322994912435802218299187/pi,3.6654275282798476325330851699337991
"m003(-2,7)",AAAB,4,-3,-1,,-1.5500736107535855586094586258423397,-2.9152074056559940987279735504670435,-6.0957060192368934588033559887423798,9.0375721387615587840153386755762172,2.4967695691854376291830793200938643,2.2945412116814458812992206378466256,413.01741810266025863385971481239261/pi,3.3016908420907930320753840361499686
"m003(-2,7)",AAAb,4,-3,1,,-4.9464496016491730863719122523369940,0.11272076950258399165593203606218892,24.454657689778008440244310338726164,-1.1151352108072896876633634383425536,3.1107552225704133659095353497799192,-0.049818062118506780383682980379232018,-8.9672511813312204690629364682617632/pi,4.9477337876579938098661007033994996
"m003(-2,7)",AABB,4,-2,-2,,-0.97519237413709025259856733121950001,2.7609198356383085813492855347192070,-6.6716781722459302578168380099747011,-5.3848559386366142969252652116132439,2.3189616353372788551489294932042687,-2.5771847182306156116774266620731962,-463.89324928151081010193679917317532/pi,2.9280844430098322363153505185202018
"m003(-2,7)",AAbb,4,-2,2,,3.3666474453808669631334562941715268,4.5030944451484277502988835270025653,-8.9435445604371087789501505001633265,30.320662820135453674675304541941860,3.4737972027391216277152490685870679,1.9165590108674230966604924812788588,344.98062195613615739888864663019458/pi,5.6224705071183916333435106194766512
"m003(-2,7)",ABAb,4,-2,0,,-1.0423602011626533765430137622443732,4.3572506364569762783043342992340783,-17.899118319936877641205909431103019,-9.0836492998667864995389215417662718,3.0839469688847330606527065502441411,-2.7117733880565443337740032916921502,-488.11920985017798007932059250458704/pi,4.4801950736404963004292161770649353
"m003(-2,7)",ABBB,4,-1,-3,,0.45747051418138705304200094580398497,0.92079395128440161584468787530451669,-0.63858222937655832332067284567981996,0.84247216469837253733055459459232906,0.90949901498091599425189055739196531,2.7246508965390872803213296617935373,490.43716137703571045783933912283671/pi,1.0281735126267957059303625883484841
"m003(-2,7)",ABaB,4,0,-2,,1.5714144023509951993762264146549468,0.75385863612029515962449416992254226,1.9010403806629838408702070191037689,2.3692486362722199612227043397933221,1.0064817426744213989421785494531672,1.6027091644709341835248980646058229,288.48764960476815303448165162904811/pi,1.7428844101572791946317615846391552
"m003(-2,7)",ABab,4,0,0,,0.40377797178609505322234091656455325,-3.5147784717586037409737797046417493,-12.190631055038053462340429511540466,-2.8383802452082395802904400224803483,2.6677640495745410758249376303260816,-2.9423186204569031917192071408405901,-529.61735168224257450945728535130622/pi,3.5378954699139202532716329748978957
"m003(-2,7)",Abbb,4,-1,3,,1.0809338608681072576609259834009741,-6.2834119661671584006319231842477490,-38.312847925001402686935549326264686,-13.583905512027862931859420164563948,3.7500038450448141770673020037628398,-2.8162448162323000250367344594180878,-506.92406692181400450661220269525581/pi,6.3757104661475859716439910013389694
"m003(-2,7)",AAAAB,5,-4,-1,,4.6137746035136485759192401768993200,-3.6033920003366811186798401293115361,8.3024821839371370188331231318586651,-33.250476995315247928252787506768384,3.5225294360424929422069923546117627,-1.3837917045463113550354015512942171,-249.08250681833604390637227923295909/pi,5.8541737247982240945904850047959989
"m003(-2,7)",AAAAb,5,-4,1,,-1.3914550712437767105348889629520268,-7.2640142807867363316481690617217723,-50.829756256183622574802818231495260,20.215099017175839289720860977766924,4.0351630369635931391881679975333169,2.7759267017958382410025455860458693,499.66680632325088338045820548825647/pi,7.3960834694291863445436294982163265
"m003(-2,7)",AAABB,5,-3,-2,,-2.5556168096502243344958940415134168,-0.50593484586867850550819159259311154,6.2752072095026274833070429279301486,2.5859511933795802874939554587758031,1.5917188993069452599821480645429523,0.58140224009449090154944231196632148,104.65240321700836227889961615393787/pi,2.6052154125966156726038843957048282
"m003(-2,7)",AAAbb,5,-3,2,,-5.5699129483358932909908372899339831,7.3169266869541440081325430956144547,-22.513485890221902622309184946886439,-81.509289391380671955947560815207323,4.4441261376717549496860854446835836,-1.8628600698888211306771017354011789,-335.31481257998780352187831237221220/pi,9.1957243539756882815475825851051674
"m003(-2,7)",AABAB,5,-3,-2,,-0.049454564744940608544961537751154944,-3.5836339490640398850543152864875849,-12.839986526910214090787597041339067,0.35445411431230951082424169867914718,2.6930463901997730981569520095015025,3.1174924649682461530234234112154307,561.14864369428430754421621401877753/pi,3.5839751721877813722572505598646398
"m003(-2,7)",AABAb,5,-3,0,,-4.9464496016491730863719122523369940,0.11272076950258399165593203606218892,24.454657689778008440244310338726164,-1.1151352108072896876633634383425536,3.1107552225704133659095353497799192,-0.049818062118506780383682980379232018,-8.9672511813312204690629364682617632/pi,4.9477337876579938098661007033994996
"m003(-2,7)",AABBB,5,-2,-3,,3.3666474453808669631334562941715268,4.5030944451484277502988835270025653,-8.9435445604371087789501505001633265,30.320662820135453674675304541941860,3.4737972027391216277152490685870679,1.9165590108674230966604924812788588,344.98062195613615739888864663019458/pi,5.6224705071183916333435106194766512
"m003(-2,7)",AABaB,5,-1,-2,,-2.9389054767142004747204526806906694,3.9487221264429797062285934618337491,-6.9552410307996454621583268302817990,-23.209842166851633355273632228440499,3.2151629408432654462887751814469133,-1.9379534492949323738010919322696461,-348.83162087308782728419654780853630/pi,4.9223542977848607275935624219724561
"m003(-2,7)",AABab,5,-1,0,,2.9636327590866707789929334495662468,-2.1569051519109597637014358185899567,4.1308792963916323855579378477059149,-12.784549532892264913132937259260071,2.5675278932103319420540432488275474,-1.4075371722401663840242112343499548,-253.35669100322994912435802218299187/pi,3.6654275282798476325330851699337991
"m003(-2,7)",AAbAB,5,-3,0,,-4.9464496016491730863719122523369940,0.11272076950258399165593203606218892,24.454657689778008440244310338726164,-1.1151352108072896876633634383425536,3.1107552225704133659095353497799192,-0.049818062118506780383682980379232018,-8.9672511813312204690629364682617632/pi,4.9477337876579938098661007033994996
"m003(-2,7)",AAbAb,5,-3,2,,-3.0637507034306095650399047861717213,4.2392275837587826285864194017199813,-8.5844821341297714623808483105227134,-25.975872983486827213406732522321487,3.3348815619834675807756951029056124,-1.9568429059499960503219179257575850,-352.23172307099928905794522663636530/pi,5.2304511162683550417410891947861258
"m003(-2,7)",AAbaB,5,-1,0,,2.9636327590866707789929334495662468,-2.1569051519109597637014358185899567,4.1308792963916323855579378477059149,-12.784549532892264913132937259260071,2.5675278932103319420540432488275474,-1.4075371722401663840242112343499548,-253.35669100322994912435802218299187/pi,3.6654275282798476325330851699337991
"m003(-2,7)",AAbab,5,-1,2,,0.45747051418138705304200094580398497,0.92079395128440161584468787530451669,-0.63858222937655832332067284567981996,0.84247216469837253733055459459232906,0.90949901498091599425189055739196531,2.7246508965390872803213296617935373,490.43716137703571045783933912283671/pi,1.0281735126267957059303625883484841
"m003(-2,7)",AAbbb,5,-2,3,,10.285452775759578833736078186874021,1.7814639382999331782454250823017078,102.61692503891731694634311630764585,36.646326418205277582191442074019225,4.6735352690255134178470513978996614,0.34933923165144379767483870747338626,62.881061697259883581470967345209527/pi,10.438589587000895840802196629092580
"m003(-2,7)",ABABB,5,-2,-3,,-2.2099966317275535226968992603347667,0.088613528578077377706060424669786795,4.8762327548000740934687743503232689,-0.39167119936608862012658119492588497,0.92850269126238473498958637098338887,-0.18444746887651251383993254856622962,-33.200544397772252491187858741921332/pi,2.2117724724062802128848784887619284
"m003(-2,7)",ABAbb,5,-2,1,,4.6014517029713302332317882232867935,7.1754007522086589539421086370519855,-30.313018180018833619338597733513975,66.034520021504595377857681511014101,4.2976246400087990199334024694153799,2.0257297456550817384074677908318792,364.63135421791471291334420234973825/pi,8.5240679097232879711292016532490712
"m003(-2,7)",ABBAb,5,-2,-1,,2.9380618477318621625096827088264736,5.2569530812687229099233776969251076,-19.003348277563156016185336423201251,30.890506566784180372659922086353124,3.6207193887643050832636798989674465,2.1672584433375526724472445838076803,390.10651980075948104050402508538245/pi,6.0222722555326477055547298097294275
"m003(-2,7)",ABBBB,5,-1,-4,,1.9580895601900320031064980338951697,0.25236740787635582951834613928397530,3.7704254171669620163557972107360801,0.98831597338982400932510382236081602,0.66321620804456052499256169355956348,0.76584970897100341538937486053255110,137.85294761478061477008747489585920/pi,1.9742857022942307447822313347789168
"m003(-2,7)",ABBaB,5,0,-3,,1.5714144023509951993762264146549468,0.75385863612029515962449416992254226,1.9010403806629838408702070191037689,2.3692486362722199612227043397933221,1.0064817426744213989421785494531672,1.6027091644709341835248980646058229,288.48764960476815303448165162904811/pi,1.7428844101572791946317615846391552
"m003(-2,7)",ABBab,5,0,-1,,-3.9380618477318621625096827088264736,-5.2569530812687229099233776969251076,-12.127224582099431691165971005548304,41.404412729321626192506677480203339,3.7788635919520129258630461212076090,1.8992919634994781143427175618082248,341.87255342990606058168916112548046/pi,6.5684006284043003970557242948927025
"m003(-2,7)",ABaBB,5,0,-3,,1.5714144023509951993762264146549468,0.75385863612029515962449416992254226,1.9010403806629838408702070191037689,2.3692486362722199612227043397933221,1.0064817426744213989421785494531672,1.6027091644709341835248980646058229,288.48764960476815303448165162904811/pi,1.7428844101572791946317615846391552
"m003(-2,7)",ABabb,5,0,1,,-3.9380618477318621625096827088264736,-5.2569530812687229099233776969251076,-12.127224582099431691165971005548304,41.404412729321626192506677480203339,3.7788635919520129258630461212076090,1.8992919634994781143427175618082248,341.87255342990606058168916112548046/pi,6.5684006284043003970557242948927025
"m003(-2,7)",AbAbb,5,-2,3,,4.7088086986511583479057226323677275,-2.6330169782704171943473980200310707,15.240100952632536777418786131855028,-24.796746501951856932820134156579830,3.3368346238369130485119474063226149,-1.0814122586744705263229560669010436,-194.65420656140469473813209204218785/pi,5.3949659654490030898464372186843250
"m003(-2,7)",Abbbb,5,-1,4,,-6.4860334243653001528712626611740087,-9.0496387253638900727617320155590706,-39.827331477621911234583608896602491,117.39251850228156396879902691692416,4.8253313722816405329080347201045291,1.9130346978806071240074128689541966,344.34624561850928232133431641175539/pi,11.133938685011231675249325657090250
"m003(-2,7)",AAAAAB,6,-5,-1,,6.9787210089566160022958525928588962,5.5150975619698316654438870329531637,18.286245802806867221256327443063094,76.976654444328553375720131216075032,4.3655451181389927333107846738031291,1.3623626477370382004082388436579496,245.22527659266687607348299185843093/pi,8.8948776292255999577600921063730997
"m003(-2,7)",AAAAAb,6,-5,1,,10.998560346538923734677231256950540,-4.7170365306403064414166296131283344,98.717896065063271502245794407202469,-103.76122187815202271910983692992454,4.9547567571928731317560023999513610,-0.82056576252981117755836991470496458,-147.70183725536601196050658464689362/pi,11.967404201741225920916922765748700
"m003(-2,7)",AAAABB,6,-4,-2,,0.27193478399569136018721655150829314,-5.3455666098468002876294381215948944,-28.501133853562230247877738674219696,-2.9072910027665395763811547131987541,3.4212384325268579889993410510700973,-3.0463604097031025234492902528616847,-548.34487374655845422087224551510325/pi,5.3524789497069296632772926001595520
"m003(-2,7)",AAAAbb,6,-4,2,,-12.652100221140445796869534481045548,-6.2845583834483609285443086093042731,120.57996593081104188285621681613571,159.02572502599409971251946130425544,5.2901378284838331318726077498084497,0.93009955485277795887975109162503138,167.41791987350003259835519649250565/pi,14.126971157355464530538331566946940
"m003(-2,7)",AAABAB,6,-4,-2,,5.8485788611041118460175721060145867,-0.93108569327644991503661501926211585,33.338954126329782634087217597350009,-10.891056207146223705071909536286885,3.5011583522168087643090820104172027,-0.33503242585859778070231857709619711,-60.305836654547600526417343877315480/pi,5.9222289100285508446452370261387834
"m003(-2,7)",AAABAb,6,-4,0,,-1.3242872442182135865904425319271536,-8.8603450816054040286032178262366437,-76.751978259930003300644680608718673,23.467283941883246550463109876860695,4.4087165724297217588927104554195086,2.8519000335394374985530162893744373,513.34200603709874973954293208739871/pi,8.9587639588465631283451265480129801
"m003(-2,7)",AAABBB,6,-3,-3,,-3.0637507034306095650399047861717213,4.2392275837587826285864194017199813,-8.5844821341297714623808483105227134,-25.975872983486827213406732522321487,3.3348815619834675807756951029056124,-1.9568429059499960503219179257575850,-352.23172307099928905794522663636530/pi,5.2304511162683550417410891947861258
"m003(-2,7)",AAABaB,6,-2,-2,,-6.5518364512455107384289228857257935,-1.6535610809320417912435375676135715,40.192296635496225348625063446144836,21.667723528822958927483391104501503,3.7818901267558611250828053498858981,0.51649824888111458296034375840963020,92.969684798600624932861876513733436/pi,6.7572794179493946892233649263613773
"m003(-2,7)",AAABab,6,-2,0,,2.9380618477318621625096827088264736,5.2569530812687229099233776969251076,-19.003348277563156016185336423201251,30.890506566784180372659922086353124,3.6207193887643050832636798989674465,2.1672584433375526724472445838076803,390.10651980075948104050402508538245/pi,6.0222722555326477055547298097294275
"m003(-2,7)",AAAbAB,6,-4,0,,-1.3242872442182135865904425319271536,-8.8603450816054040286032178262366437,-76.751978259930003300644680608718673,23.467283941883246550463109876860695,4.4087165724297217588927104554195086,2.8519000335394374985530162893744373,513.34200603709874973954293208739871/pi,8.9587639588465631283451265480129801
"m003(-2,7)",AAAbAb,6,-4,2,,-7.0754561440320253110391789265392543,-1.8700774668780105559514855069714946,46.564889913995659435551451733553947,26.463302205675732198295844022083148,3.9477886355782050857499719262384018,0.53618635223551443184671298152948184,96.513543402392597732408336675306731/pi,7.3184198689502239279400109048444519
"m003(-2,7)",AAAbaB,6,-2,0,,2.9380618477318621625096827088264736,5.2569530812687229099233776969251076,-19.003348277563156016185336423201251,30.890506566784180372659922086353124,3.6207193887643050832636798989674465,2.1672584433375526724472445838076803,390.10651980075948104050402508538245/pi,6.0222722555326477055547298097294275
"m003(-2,7)",AAAbab,6,-2,2,,-2.2099966317275535226968992603347667,0.088613528578077377706060424669786795,4.8762327548000740934687743503232689,-0.39167119936608862012658119492588497,0.92850269126238473498958637098338887,-0.18444746887651251383993254856622962,-33.200544397772252491187858741921332/pi,2.2117724724062802128848784887619284
"m003(-2,7)",AAAbbb,6,-3,3,,1.9839962902291350631754022824028028,16.569161892157606621250403143092260,-270.60088452888486857897262377111877,65.746311452493295177526472418749595,5.6362672619117438344280331585427779,2.9049249498871822964388370278251037,522.88649097969281335899066500851867/pi,16.687521298508380008415280773794582
"m003(-2,7)",AABAAb,6,-4,0,,0.27193478399569136018721655150829314,-5.3455666098468002876294381215948944,-28.501133853562230247877738674219696,-2.9072910027665395763811547131987541,3.4212384325268579889993410510700973,-3.0463604097031025234492902528616847,-548.34487374655845422087224551510325/pi,5.3524789497069296632772926001595520
"m003(-2,7)",AABABB,6,-3,-3,,-1.5500736107535855586094586258423397,-2.9152074056559940987279735504670435,-6.0957060192368934588033559887423798,9.0375721387615587840153386755762172,2.4967695691854376291830793200938643,2.2945412116814458812992206378466256,413.01741810266025863385971481239261/pi,3.3016908420907930320753840361499686
"m003(-2,7)",AABAbb,6,-3,1,,-6.4601266943261970928023584126663756,7.2671557589173607189703249882492137,-11.078315917619842297356158588687111,-93.893493820016791204295976689222750,4.5518759025316288216634147113751860,-1.7091643138666605884231233910436336,-307.64957649599890591616221038785405/pi,9.7234145098885751326684619334211005
"m003(-2,7)",AABBAB,6,-3,-3,,-1.5500736107535855586094586258423397,-2.9152074056559940987279735504670435,-6.0957060192368934588033559887423798,9.0375721387615587840153386755762172,2.4967695691854376291830793200938643,2.2945412116814458812992206378466256,413.01741810266025863385971481239261/pi,3.3016908420907930320753840361499686
"m003(-2,7)",AABBAb,6,-3,-1,,-3.0637507034306095650399047861717213,4.2392275837587826285864194017199813,-8.5844821341297714623808483105227134,-25.975872983486827213406732522321487,3.3348815619834675807756951029056124,-1.9568429059499960503219179257575850,-352.23172307099928905794522663636530/pi,5.2304511162683550417410891947861258
"m003(-2,7)",AABBBB,6,-2,-4,,10.285452775759578833736078186874021,1.7814639382999331782454250823017078,102.61692503891731694634311630764585,36.646326418205277582191442074019225,4.6735352690255134178470513978996614,0.34933923165144379767483870747338626,62.881061697259883581470967345209527/pi,10.438589587000895840802196629092580
"m003(-2,7)",AABBaB,6,-1,-3,,-1.0562065784956369533884452145253966,8.0752289406991783431590808274915415,-64.093750108248113877104604960347495,-17.058219860049651910644209904497576,4.2231295534245746804540955838925680,-2.8889093714022276466200239047667511,-520.00368685240097639160430285801520/pi,8.1440097483465130051407980323454745
"m003(-2,7)",AABBab,6,-1,-1,,1.0809338608681072576609259834009741,-6.2834119661671584006319231842477490,-38.312847925001402686935549326264686,-13.583905512027862931859420164563948,3.7500038450448141770673020037628398,-2.8162448162323000250367344594180878,-506.92406692181400450661220269525581/pi,6.3757104661475859716439910013389694
"m003(-2,7)",AABaBB,6,-1,-3,,-1.0562065784956369533884452145253966,8.0752289406991783431590808274915415,-64.093750108248113877104604960347495,-17.058219860049651910644209904497576,4.2231295534245746804540955838925680,-2.8889093714022276466200239047667511,-520.00368685240097639160430285801520/pi,8.1440097483465130051407980323454745
"m003(-2,7)",AABaaB,6,0,-2,,-4.0052296747574252864541291398513468,-3.6606222804500552129683289324102363,2.6417092674301080630151802626625220,29.323265971473518186578782376444010,3.3797799627182966956732482793037605,1.5489665326400133572952128677938314,278.81397587520240431313831620288965/pi,5.4260501497576331765611839463367967
"m003(-2,7)",AABaab,6,0,0,,5.9804220488945155390526964710708468,0.89970244481174663161904339769102923,34.955983393703441215447085430860280,10.761200676792941165064139015579598,3.5451575752106807601252520022997242,0.31610939486539451202238531491828251,56.899691075771012164029356685290853/pi,6.0477196009821676588069643139640919
"m003(-2,7)",AABabb,6,-1,1,,3.4717666528670560095369441942245513,-6.9020675815384208977960468129030495,-35.585373208163905025107015423114776,-47.924736130839719409022452084650946,4.1093825326826671493604277281505196,-2.2356029479858414988586711099808259,-402.40853063745146979456079979654865/pi,7.7260404213337732052751714680602372
"m003(-2,7)",AAbABB,6,-3,-1,,-3.0637507034306095650399047861717213,4.2392275837587826285864194017199813,-8.5844821341297714623808483105227134,-25.975872983486827213406732522321487,3.3348815619834675807756951029056124,-1.9568429059499960503219179257575850,-352.23172307099928905794522663636530/pi,5.2304511162683550417410891947861258
"m003(-2,7)",AAbAbb,6,-3,3,,3.4976733829061590696058484427321844,9.4147269027428298939360101909052348,-76.403363559739383936592472954278361,65.859279390108278164312919943799895,4.6288117086811067230493459455502884,2.4428354820698104631866989521669661,439.71038677256588337360581139005389/pi,10.043445710846443043897894528732169
"m003(-2,7)",AAbaBB,6,-1,-1,,1.0809338608681072576609259834009741,-6.2834119661671584006319231842477490,-38.312847925001402686935549326264686,-13.583905512027862931859420164563948,3.7500038450448141770673020037628398,-2.8162448162323000250367344594180878,-506.92406692181400450661220269525581/pi,6.3757104661475859716439910013389694
"m003(-2,7)",AAbabb,6,-1,3,,-0.43274323180891674876952017692840750,0.87102302324761832668246976793927576,-0.57141440235099519937622641465494676,-0.75385863612029515962449416992254226,0.86166245889066085007744823289470655,-2.7434997890612223398230895552266173,-493.82996203102002116815611994079111/pi,0.97259848432117501042285985248836124
"m003(-2,7)",AAbbAB,6,-3,1,,-6.4601266943261970928023584126663756,7.2671557589173607189703249882492137,-11.078315917619842297356158588687111,-93.893493820016791204295976689222750,4.5518759025316288216634147113751860,-1.7091643138666605884231233910436336,-307.64957649599890591616221038785405/pi,9.7234145098885751326684619334211005
"m003(-2,7)",AAbbAb,6,-3,3,,3.4976733829061590696058484427321844,9.4147269027428298939360101909052348,-76.403363559739383936592472954278361,65.859279390108278164312919943799895,4.6288117086811067230493459455502884,2.4428354820698104631866989521669661,439.71038677256588337360581139005389/pi,10.043445710846443043897894528732169
"m003(-2,7)",AAbbaB,6,-1,1,,3.4717666528670560095369441942245513,-6.9020675815384208977960468129030495,-35.585373208163905025107015423114776,-47.924736130839719409022452084650946,4.1093825326826671493604277281505196,-2.2356029479858414988586711099808259,-402.40853063745146979456079979654865/pi,7.7260404213337732052751714680602372
"m003(-2,7)",AAbbab,6,-1,3,,-0.43274323180891674876952017692840750,0.87102302324761832668246976793927576,-0.57141440235099519937622641465494676,-0.75385863612029515962449416992254226,0.86166245889066085007744823289470655,-2.7434997890612223398230895552266173,-493.82996203102002116815611994079111/pi,0.97259848432117501042285985248836124
"m003(-2,7)",AAbbbb,6,-2,4,,14.987746474502206418670242449234883,-10.249226958472036575263018007035821,119.58589113768336388862414063675610,-307.22563042642447634690015395717588,5.7959400306565916139831022314733913,-1.2052680747122347114171429769669346,-216.94825344820224805508573585404823/pi,18.157070182995473330749878657210165
"m003(-2,7)",ABABAb,6,-3,-1,,-5.3022808604442773983405114962108013,-3.0458578638278971026487706830206636,18.836932196391466122299595907714235,32.299987710016701897760956316287197,3.5956838314152524231055897883796681,1.0908969540802037804198370826091251,196.36145173443668047557067486964252/pi,6.1148534283068426840636756427539974
"m003(-2,7)",ABABBB,6,-2,-4,,-0.97519237413709025259856733121950001,2.7609198356383085813492855347192070,-6.6716781722459302578168380099747011,-5.3848559386366142969252652116132439,2.3189616353372788551489294932042687,-2.5771847182306156116774266620731962,-463.89324928151081010193679917317532/pi,2.9280844430098322363153505185202018
"m003(-2,7)",ABABaB,6,-1,-3,,-3.2947367355093047866890519245644766,0.79014349311249861192389074275089657,10.230963416606489463911863261174523,-5.2066295861627850551111106567005471,2.2717819820680641212094358626638264,-0.57367532338092365944143912689793418,-103.26155820856625869945904284162815/pi,3.3881583339658924131419871441540904
"m003(-2,7)",ABABab,6,-1,-1,,3.3194640178817750909615326934400541,1.0016734814195213306032669004928959,10.015491602632713516510696205918187,6.6500381584769397269879178568393824,2.3416601300926687043776321067306440,0.70166408195447776404909255226922329,126.29953475180599752883665940846019/pi,3.4673031493353623124556406307639042
"m003(-2,7)",ABAbAb,6,-3,1,,-2.7079194446355052530713055422979140,7.3978062170892637228911221208028338,-47.394709106969499337805259971399046,-40.065326605802894062048975071649170,4.1525758578551978553278313258547700,-2.4598624319261690260987028670818086,-442.77523774671042469776651607472555/pi,7.8778400938480355611044988938745151
"m003(-2,7)",ABAbaB,6,-1,-1,,3.3194640178817750909615326934400541,1.0016734814195213306032669004928959,10.015491602632713516510696205918187,6.6500381584769397269879178568393824,2.3416601300926687043776321067306440,0.70166408195447776404909255226922329,126.29953475180599752883665940846019/pi,3.4673031493353623124556406307639042
"m003(-2,7)",ABAbab,6,-1,1,,-1.7941176895006598366245548364732919,0.12171694970445282559754900673035518,3.2040432679338297605820087222966272,-0.43674906515364184924813035554281639,0.26528648321782420999702467742382539,-0.95029717784751592922930740909878072,-171.05349201255286726127533363778053/pi,1.7982417244699174085948260942169333
"m003(-2,7)",ABAbbb,6,-2,2,,14.627292595277536049468101812265048,3.5236385478100523471950230745850661,201.54166005224810146655305884373463,103.08258407763293777400170232130564,5.4142871021896727073667365124011024,0.47685289264017103747379760327139540,85.833520675230786745283568588851173/pi,15.045720896104445901736317907182419
"m003(-2,7)",ABBAbb,6,-2,0,,10.218284948734015709791631755849148,3.3777947391186008752004738468165791,93.003849993906829116857534608758645,69.030538285297081025690415656236554,4.7381328780995490959453601737838766,0.64902148999672694836080702491708874,116.82386819941085070494526448507597/pi,10.762102238556434704804180094037000
"m003(-2,7)",ABBBAb,6,-2,-2,,10.285452775759578833736078186874021,1.7814639382999331782454250823017078,102.61692503891731694634311630764585,36.646326418205277582191442074019225,4.6735352690255134178470513978996614,0.34933923165144379767483870747338626,62.881061697259883581470967345209527/pi,10.438589587000895840802196629092580
"m003(-2,7)",ABBBBB,6,-1,-5,,2.9636327590866707789929334495662468,-2.1569051519109597637014358185899567,4.1308792963916323855579378477059149,-12.784549532892264913132937259260071,2.5675278932103319420540432488275474,-1.4075371722401663840242112343499548,-253.35669100322994912435802218299187/pi,3.6654275282798476325330851699337991
"m003(-2,7)",ABBBaB,6,0,-4,,1.6385822293765583233206728456798200,-0.84247216469837253733055459459232906,1.9751923741370902525985673312195000,-2.7609198356383085813492855347192070,1.1265933209060988985577494264345868,-1.5780729248465243732100246329217248,-284.05312647237438717780443392591046/pi,1.8424741709777680725451249554915860
"m003(-2,7)",ABBBab,6,0,-2,,-11.285452775759578833736078186874021,-1.7814639382999331782454250823017078,124.18783059043647461381527268139389,40.209254294805143938682292238622641,4.8569208474931954735908594762457875,0.31795123599871896681704958854896104,57.231222479769414027068925938812987/pi,11.425194007865367135277834053492429
"m003(-2,7)",ABBaBB,6,0,-4,,3.2348042575904632700983319291152667,2.6723063070602312036432251100494202,3.3227375861714975490294852624334085,17.288775639328567547441039466032999,2.8562474048906481384875854515686683,1.4949376802739128124047507453517037,269.08878244930430623285513416330666/pi,4.1958526646772618710896213411236162
"m003(-2,7)",ABBabb,6,0,0,,-10.856867178110574033112304601528968,-2.5353225744202283378699192522242501,111.44370436676984460703555408196356,55.051320888291560525959472877101177,4.8081486853245321286057894735714981,0.46610652425756084449707152380780599,83.899174366360952009472874285405078/pi,11.148965220122425026468876693187893
"m003(-2,7)",ABaBAb,6,-1,-1,,1.8057869252047510845310865331106725,8.1561084708342980579176598526799207,-63.261238968774562526376070781802165,29.456388074368582658994214343509077,4.2709804948477714028092374408514496,2.7174610306258567424707580445371787,489.14298551265421364473644801669217/pi,8.3536202814860708212340921473780130
"m003(-2,7)",ABaBBB,6,0,-4,,1.6385822293765583233206728456798200,-0.84247216469837253733055459459232906,1.9751923741370902525985673312195000,-2.7609198356383085813492855347192070,1.1265933209060988985577494264345868,-1.5780729248465243732100246329217248,-284.05312647237438717780443392591046/pi,1.8424741709777680725451249554915860
"m003(-2,7)",ABaBaB,6,1,-3,,3.3194640178817750909615326934400541,1.0016734814195213306032669004928959,10.015491602632713516510696205918187,6.6500381584769397269879178568393824,2.3416601300926687043776321067306440,0.70166408195447776404909255226922329,126.29953475180599752883665940846019/pi,3.4673031493353623124556406307639042
"m003(-2,7)",ABaBab,6,1,-1,,-0.28044059682363583019410867614391029,-7.0327180397103239017168439454566696,-49.380476097720223892886825769639669,3.9445192886974269270168286280876360,3.9418241189370249547195602149184756,3.0649146185322597414910417162993520,551.68463133580675346838750893388336/pi,7.0383073216799661154784339619706549
"m003(-2,7)",ABabAb,6,-1,1,,-0.28044059682363583019410867614391029,-7.0327180397103239017168439454566696,-49.380476097720223892886825769639669,3.9445192886974269270168286280876360,3.9418241189370249547195602149184756,3.0649146185322597414910417162993520,551.68463133580675346838750893388336/pi,7.0383073216799661154784339619706549
"m003(-2,7)",ABabbb,6,0,2,,-11.285452775759578833736078186874021,-1.7814639382999331782454250823017078,124.18783059043647461381527268139389,40.209254294805143938682292238622641,4.8569208474931954735908594762457875,0.31795123599871896681704958854896104,57.231222479769414027068925938812987/pi,11.425194007865367135277834053492429
"m003(-2,7)",AbAbbb,6,-2,4,,3.7271013246055373323355969311413617,-9.2697710611336611721591575546183213,-72.037371241954731689812922351197121,-69.098752001482691870884761725246514,4.6178106648276186698185301624458304,-2.3905864913444365476798589444351099,-430.30556844199857858237460999831978/pi,9.9909929341235865781890825711268630
"m003(-2,7)",Abbbbb,6,-1,5,,-19.332901695871010879302519511024007,-3.0808626121610078499020613614977136,364.26937354720065976139143874829021,119.12402803878628225421696853505068,5.9437182792472648642919452181036720,0.31769365853101539500945547707725951,57.184858535582771101701985873906712/pi,19.576843525380279166692316615443823
"m003(-2,9)",A,1,-1,0,,0.48018863148456822216506748130044374,0.90285375978945081409068933076827057,-0.58456378975892488802810906457033645,0.86708022268798695183252938207876079,0.89492107952287010809976844152612993,2.7022424194005354575092880644570598,486.40363549209638235167185160227077/pi,1.0226074678844125355999022324670886
"m003(-2,9)",B,1,0,-1,,1.5845637897589248880281090645703364,-0.86708022268798695183252938207876079,1.7590142912385172715269776486295493,-2.7478878473749782601863632429054240,1.1247751623945218378362732046835756,-1.6416452494951256312712764762342735,-295.49614490912261362882976572216923/pi,1.8062863882540374600113817175766825
"m003(-2,9)",AB,2,-1,-1,,-0.45919162013756963470899646550777598,0.86337504372661819676069438900562854,-0.53455952212537383640507792596340345,-0.79290917023034167254871344921661462,0.85663857302215601461334573671743972,-2.7183744687564787064934171317210733,-489.30740437616616716881508370979319/pi,0.97789233054283942990307703424619268
"m003(-2,9)",Ab,2,-1,1,,2.0029277769348321465215850254525200,0.15089226596356889946921525217429612,3.9889512036894883078280806058486267,0.60445262164614098744174380799120670,0.55799454823663742445480350562147470,0.54043754730764536274249586461158319,97.278758515376165293649255630084975/pi,2.0086035336882012800654718356273062
"m003(-2,9)",AAB,3,-2,-1,,-2.5845637897589248880281090645703365,0.86708022268798695183252938207876079,5.9281418707563670475831957777702222,-4.4820482927509521638514220070629455,1.7898421590457402161995368830522599,-0.87870046837851556190671063764488607,-158.16608430813280114320791477607949/pi,2.7261324428408949060764222327951879
"m003(-2,9)",AAb,3,-2,1,,-0.75901429123851727152697764862954930,2.7478878473749782601863632429054240,-6.9747849274467831007157343727155559,-4.1713722937565080942275716589873607,2.2856612416597082492932764041194275,-2.6985488507957527921657747896472470,-485.73879314323550258983946213650446/pi,2.8507876659013733942850940222188541
"m003(-2,9)",ABB,3,-1,-2,,-0.45919162013756963470899646550777598,0.86337504372661819676069438900562854,-0.53455952212537383640507792596340345,-0.79290917023034167254871344921661462,0.85663857302215601461334573671743972,-2.7183744687564787064934171317210733,-489.30740437616616716881508370979319/pi,0.97789233054283942990307703424619268
"m003(-2,9)",Abb,3,-1,2,,2.8244138969222942242242772854139776,-2.4004544018415153598672523326926447,2.2151325258074727631367664305265927,-13.559753542978938404877360361226835,2.6126228276823042454195731542137936,-1.5551018659194143972068076773635633,-279.91833586549459149722538192544140/pi,3.7066825054822388123217862317776781
"m003(-2,9)",AAAB,4,-3,-1,,-1.5647331681442610992686595757374118,-2.7804961132062561070812933609538238,-5.2827687480643208993102018851214812,8.7014689844600583633120584400383370,2.4304048732314984288301589247366318,2.2600576352576120796684352313508442,406.81037434637017434031834164315196/pi,3.1905404750678017146700632384803440
"m003(-2,9)",AAAb,4,-3,1,,-4.8483386852041249582019333266591653,0.48333333236187744954665336074444947,23.272776896274825996829502772340071,-4.6867273862774265082642891681230529,3.0792103746290304474387896122502599,-0.21774219258074812140671883658025557,-39.193594664534661853209390584446003/pi,4.8723709953798571740130089693490339
"m003(-2,9)",AABB,4,-2,-2,,-0.75901429123851727152697764862954930,2.7478878473749782601863632429054240,-6.9747849274467831007157343727155559,-4.1713722937565080942275716589873607,2.2856612416597082492932764041194275,-2.6985488507957527921657747896472470,-485.73879314323550258983946213650446/pi,2.8507876659013733942850940222188541
"m003(-2,9)",AAbb,4,-2,2,,3.7644964345763448727061808831824809,4.1452496392514609201768205001132453,-3.0116611657763541057890014416070887,31.209554974782008877931449786490354,3.4544033176605124464357020955716208,1.7297055601706864544463346822565200,311.34700083072356180034024280617361/pi,5.5995114052613893832770424828257157
"m003(-2,9)",ABAb,4,-2,0,,-0.80901855887206832315000878723648230,4.4078772402933068845676060742007993,-18.774870736896300802422645626329221,-7.1321089852541614927960592034297799,3.0878141091117803090804609498966791,-2.8096155843325048520665715401131369,-505.73080517985087337198287722036464/pi,4.4815056391903801063137075602909990
"m003(-2,9)",ABBB,4,-1,-3,,0.48018863148456822216506748130044374,0.90285375978945081409068933076827057,-0.58456378975892488802810906457033645,0.86708022268798695183252938207876079,0.89492107952287010809976844152612993,2.7022424194005354575092880644570598,486.40363549209638235167185160227077/pi,1.0226074678844125355999022324670886
"m003(-2,9)",ABaB,4,0,-2,,1.5345595221253738364050779259634034,0.79290917023034167254871344921661462,1.7261679747102867640988021424483260,2.4335326347149996230311583471543550,1.0295818828874933897458285975337814,1.6576420981239383219990123958825154,298.37557766230889795982223125885277/pi,1.7273036441752285789082317023560732
"m003(-2,9)",ABab,4,0,0,,0.22445476911314343512189972266614585,-3.5407970176053199327350766921220386,-12.486863576505093785483306211334710,-1.5894975541262179126287814461087133,2.6745989812742891206357567634046949,-3.0312746967625646428203414197874271,-545.62944541726163570766145556173687/pi,3.5479040944281967501377119503244038
"m003(-2,9)",Abbb,4,-1,3,,0.39114967411903217446880989644483459,-6.4035588207954815440830298815165497,-40.852567503824193047660859620310921,-5.0094998919124131148386161846241474,3.7640290726667975911239000031419030,-3.0250959287945840978048039025628724,-544.51726718302513760486470246131704/pi,6.4154940292194991009940944283544851
"m003(-2,9)",AAAAB,5,-4,-1,,4.3435780809974421595550867131998857,-3.6149680700629652120188926249841847,5.7986763981466628396754464914892476,-31.403792145262242946508205166213536,3.4551608159849882019858987215825026,-1.4506564179104821997883019955310489,-261.11815522388679596189435919558880/pi,5.6510764189927728815376007216937969
"m003(-2,9)",AAAAb,5,-4,1,,-2.0054821433378276011792032345529316,-6.8931374866264391803631837430186692,-43.493385782287776097844616805463672,27.648128282003834379198746633095731,3.9745716595084472218938935503873361,2.5951884041817463737451125268596909,467.13391275271434727412025483474436/pi,7.1789486024613346497789644881252600
"m003(-2,9)",AAABB,5,-3,-2,,-2.3862192881317231769713518356988694,-0.22914944540117184774482577608688295,5.6415330227242030774670638350621194,1.0936016529619269076815365068892645,1.2754161102551712558966937271347993,0.33768792139181990385066386674661790,60.783825850527582693119496014391222/pi,2.3971966876707326939044081250400678
"m003(-2,9)",AAAbb,5,-3,2,,-4.7592997278385889105056757418035562,7.7897459129468098077203725730292698,-38.029207488867060927785994051083369,-74.147471206839024443317194693561252,4.4340153395267188858717840967785960,-2.0657029839955560226582135941577076,-371.82653711920008407847844694838737/pi,9.1285856126607036318002320249981950
"m003(-2,9)",AABAB,5,-3,-2,,-0.041994022693997174912142031585335518,-3.5324576070321380217027674395477982,-12.476493247537194897732747962134960,0.29668420983058111713526373144858468,2.6679360736895855359376879945791093,3.1209030585610722027873452755165996,561.76255054099299650172214959298793/pi,3.5327072116750975938386433011227518
"m003(-2,9)",AABAb,5,-3,0,,-4.8483386852041249582019333266591653,0.48333333236187744954665336074444947,23.272776896274825996829502772340071,-4.6867273862774265082642891681230529,3.0792103746290304474387896122502599,-0.21774219258074812140671883658025557,-39.193594664534661853209390584446003/pi,4.8723709953798571740130089693490339
"m003(-2,9)",AABBB,5,-2,-3,,3.7644964345763448727061808831824809,4.1452496392514609201768205001132453,-3.0116611657763541057890014416070887,31.209554974782008877931449786490354,3.4544033176605124464357020955716208,1.7297055601706864544463346822565200,311.34700083072356180034024280617361/pi,5.5995114052613893832770424828257157
"m003(-2,9)",AABaB,5,-1,-2,,-2.8034168855752956367682062696213098,4.1666832053575843707186360524665438,-9.5021026994802633795189381782989158,-23.361900109484898311044612327024408,3.2605303463891931509128518748197884,-2.0271350921296671519576383215715025,-364.88431658334008735237489788287045/pi,5.0219911557207708644991254298848064
"m003(-2,9)",AABab,5,-1,0,,2.8244138969222942242242772854139776,-2.4004544018415153598672523326926447,2.2151325258074727631367664305265927,-13.559753542978938404877360361226835,2.6126228276823042454195731542137936,-1.5551018659194143972068076773635633,-279.91833586549459149722538192544140/pi,3.7066825054822388123217862317776781
"m003(-2,9)",AAbAB,5,-3,0,,-4.8483386852041249582019333266591653,0.48333333236187744954665336074444947,23.272776896274825996829502772340071,-4.6867273862774265082642891681230529,3.0792103746290304474387896122502599,-0.21774219258074812140671883658025557,-39.193594664534661853209390584446003/pi,4.8723709953798571740130089693490339
"m003(-2,9)",AAbAb,5,-3,2,,-2.4150744624008629084464659376900224,4.4864377513158436337624309095683545,-14.295539037491146614884434565517450,-21.670162480708094682882838815540806,3.3004107548295124604299079188553644,-2.2142583866379584037288066434798429,-398.56650959483251267118519582637172/pi,5.0951651941200866814329054527479591
"m003(-2,9)",AAbaB,5,-1,0,,2.8244138969222942242242772854139776,-2.4004544018415153598672523326926447,2.2151325258074727631367664305265927,-13.559753542978938404877360361226835,2.6126228276823042454195731542137936,-1.5551018659194143972068076773635633,-279.91833586549459149722538192544140/pi,3.7066825054822388123217862317776781
"m003(-2,9)",AAbab,5,-1,2,,0.48018863148456822216506748130044374,0.90285375978945081409068933076827057,-0.58456378975892488802810906457033645,0.86708022268798695183252938207876079,0.89492107952287010809976844152612993,2.7022424194005354575092880644570598,486.40363549209638235167185160227077/pi,1.0226074678844125355999022324670886
"m003(-2,9)",AAbbb,5,-2,3,,10.318363008444225260270821085915442,0.55640422369354288220867903400317592,106.15902951388614894332655789825107,11.482361519003157630659566648484936,4.6518696363256253609662844147605350,0.10981526160003305638242865825288918,19.766747088005950148837158485520052/pi,10.333353803783850754337910947806502
"m003(-2,9)",ABABB,5,-2,-3,,-2.1191233118842987244331869905337399,0.074171052457645279283815932862146170,4.4851822659488040356257797910778753,-0.31435521265997863715520489575106894,0.71742156201853383144189022151332461,-0.20274962591582545889183199786496529,-36.494932664848582600529759615693752/pi,2.1204209383974101785435164104261445
"m003(-2,9)",ABAbb,5,-2,1,,5.1246054552221263256123902250866715,6.8189664341687939010793678101565230,-20.236722158628299662562679885170691,69.889025175035943149476391352575562,4.2952757275403777794426916896854513,1.8787326998774833920037319480421094,338.17188597794701056067175064757970/pi,8.5299404629817348351983726577539725
"m003(-2,9)",ABBAb,5,-2,-1,,3.2990559567017187091112588091458843,4.9381588094818025927255339493298599,-13.501642222213641406212734491923496,32.582524471120017084646752383386588,3.5862831182471624877685269755539256,2.0142739846880914498052135966704019,362.56931724385646096493844740067234/pi,5.9387862929315638429484558522441045
"m003(-2,9)",ABBBB,5,-1,-4,,2.0029277769348321465215850254525200,0.15089226596356889946921525217429612,3.9889512036894883078280806058486267,0.60445262164614098744174380799120670,0.55799454823663742445480350562147470,0.54043754730764536274249586461158319,97.278758515376165293649255630084975/pi,2.0086035336882012800654718356273062
"m003(-2,9)",ABBaB,5,0,-3,,1.5345595221253738364050779259634034,0.79290917023034167254871344921661462,1.7261679747102867640988021424483260,2.4335326347149996230311583471543550,1.0295818828874933897458285975337814,1.6576420981239383219990123958825154,298.37557766230889795982223125885277/pi,1.7273036441752285789082317023560732
"m003(-2,9)",ABBab,5,0,-1,,-4.2990559567017187091112588091458843,-4.9381588094818025927255339493298599,-5.9035303088102039879902168736317273,42.458842090083622270097820282046308,3.7660667936243155244909583388410207,1.7546430154585500291609228966291004,315.83574278253900524896612139323807/pi,6.5473120092535122626440515262313573
"m003(-2,9)",ABaBB,5,0,-3,,1.5345595221253738364050779259634034,0.79290917023034167254871344921661462,1.7261679747102867640988021424483260,2.4335326347149996230311583471543550,1.0295818828874933897458285975337814,1.6576420981239383219990123958825154,298.37557766230889795982223125885277/pi,1.7273036441752285789082317023560732
"m003(-2,9)",ABabb,5,0,1,,-4.2990559567017187091112588091458843,-4.9381588094818025927255339493298599,-5.9035303088102039879902168736317273,42.458842090083622270097820282046308,3.7660667936243155244909583388410207,1.7546430154585500291609228966291004,315.83574278253900524896612139323807/pi,6.5473120092535122626440515262313573
"m003(-2,9)",AbAbb,5,-2,3,,4.4347432619835816631314532121992209,-3.5146743631002727586843255332479232,7.3140119210744704688779777184833066,-31.173356899650741878521678471011134,3.4548284296177989872993013362828200,-1.4022832078412698664310906101531890,-252.41097741142857595759630982757402/pi,5.6586114620411151165830596096642831
"m003(-2,9)",Abbbb,5,-1,4,,-7.7570114952682414100418589168293567,-8.0855511777218289750291435474499159,-5.2049105098352171394688579558744877,125.43942686233578984120570172776503,4.8335327192071063496014340220752110,1.6281634052253180788851930996294436,293.06941294055725419933475793329985/pi,11.204792063455818277014456129777748
"m003(-2,9)",AAAAAB,6,-5,-1,,6.9142574961799528670917313994896886,4.9662453441498984824767130507515440,23.143363905190127319096021022968231,68.675798197314450836928748803817091,4.2748360795287752195851759433311229,1.2722420128368110881297094683104022,229.00356231062599586334770429587240/pi,8.5129636168476142826447313966646522
"m003(-2,9)",AAAAAb,6,-5,1,,10.108824055874280678328747565555833,-5.6039966820031674323249528832315496,70.783544980720032445108086842426556,-113.29963293614654109314569634044956,4.8869429507174214834083128588422059,-1.0252273543669829668224118124670712,-184.54092378605693402803412624407281/pi,11.558248249822507243432610354375780
"m003(-2,9)",AAAABB,6,-4,-2,,-0.17993264481741998467807181861214441,-5.0123298619394478720093498821920060,-25.091074888218932750461997941997902,1.8037635375121968449176024609997062,3.3000687632811208433786875210858053,3.0749287421849372600821096846009409,553.48717359328870681477974322816936/pi,5.0155584336702644362109213407732660
"m003(-2,9)",AAAAbb,6,-4,2,,-13.082859443020570132977001969097922,-4.7016538629450038023854995341164212,149.05566215888682596685032537557699,123.02215327728836886176530445051363,5.2560755098265716898413440065174384,0.69667137044695155531440671532082901,125.40084668045127995659320875774922/pi,13.902041585780779815923297262140242
"m003(-2,9)",AAABAB,6,-4,-2,,5.7036871016432236124612960551040763,-0.94125127514563223111634531494090695,31.646092590487997972862052809309635,-10.737205514906758997082248985797739,3.4501854841680501718047789715688981,-0.34812924484149498559117615310285923,-62.663264071469097406411707558514661/pi,5.7808304348436440984068962696481611
"m003(-2,9)",AAABAb,6,-4,0,,-1.9554778757042765495561720959459986,-8.5531268795447678047444265743140446,-69.332085695222306901870652612616451,33.450900762082700401663968919306680,4.3666319345763227988341931225117445,2.7029714651554770688588838021738161,486.53486372798587239459908439128690/pi,8.7738174781539721174829241489620421
"m003(-2,9)",AAABBB,6,-3,-3,,-2.4150744624008629084464659376900224,4.4864377513158436337624309095683545,-14.295539037491146614884434565517450,-21.670162480708094682882838815540806,3.3004107548295124604299079188553644,-2.2142583866379584037288066434798429,-398.56650959483251267118519582637172/pi,5.0951651941200866814329054527479591
"m003(-2,9)",AAABaB,6,-2,-2,,-6.6426340376991608686663455223457700,-1.3231907394188373807066413243456751,42.373753225915687328800418142732406,17.578943688063779941666402312232342,3.7846277848329458084557690550742640,0.41102878261423397846297204213433434,73.985180870562116123334967584180181/pi,6.7731396480275841529749813793346897
"m003(-2,9)",AAABab,6,-2,0,,3.2990559567017187091112588091458843,4.9381588094818025927255339493298599,-13.501642222213641406212734491923496,32.582524471120017084646752383386588,3.5862831182471624877685269755539256,2.0142739846880914498052135966704019,362.56931724385646096493844740067234/pi,5.9387862929315638429484558522441045
"m003(-2,9)",AAAbAB,6,-4,0,,-1.9554778757042765495561720959459986,-8.5531268795447678047444265743140446,-69.332085695222306901870652612616451,33.450900762082700401663968919306680,4.3666319345763227988341931225117445,2.7029714651554770688588838021738161,486.53486372798587239459908439128690/pi,8.7738174781539721174829241489620421
"m003(-2,9)",AAAbAb,6,-4,2,,-7.1992396965599265358376340953817017,-0.63057527615118816149249496686532209,51.431427029631115894260658674430225,9.0793251194737434794844452918870238,3.9168061476702111399891854482834064,0.18179130601703720630957608796203361,32.722435083066697135723695833166050/pi,7.2268027084885477945105088504582260
"m003(-2,9)",AAAbaB,6,-2,0,,3.2990559567017187091112588091458843,4.9381588094818025927255339493298599,-13.501642222213641406212734491923496,32.582524471120017084646752383386588,3.5862831182471624877685269755539256,2.0142739846880914498052135966704019,362.56931724385646096493844740067234/pi,5.9387862929315638429484558522441045
"m003(-2,9)",AAAbab,6,-2,2,,-2.1191233118842987244331869905337399,0.074171052457645279283815932862146170,4.4851822659488040356257797910778753,-0.31435521265997863715520489575106894,0.71742156201853383144189022151332461,-0.20274962591582545889183199786496529,-36.494932664848582600529759615693752/pi,2.1204209383974101785435164104261445
"m003(-2,9)",AAAbbb,6,-3,3,,4.0612592927423467891837042536701008,15.986710640569375064888736430890840,-239.08109006240801156087064745046688,129.85235429879065993309623846823363,5.6124925157916512378661274280151532,2.6475132690969883911311000763751469,476.55238843745791040359801374752645/pi,16.494506483923068417152699046271165
"m003(-2,9)",AABAAb,6,-4,0,,-0.17993264481741998467807181861214441,-5.0123298619394478720093498821920060,-25.091074888218932750461997941997902,1.8037635375121968449176024609997062,3.3000687632811208433786875210858053,3.0749287421849372600821096846009409,553.48717359328870681477974322816936/pi,5.0155584336702644362109213407732660
"m003(-2,9)",AABABB,6,-3,-3,,-1.5647331681442610992686595757374118,-2.7804961132062561070812933609538238,-5.2827687480643208993102018851214812,8.7014689844600583633120584400383370,2.4304048732314984288301589247366318,2.2600576352576120796684352313508442,406.81037434637017434031834164315196/pi,3.1905404750678017146700632384803440
"m003(-2,9)",AABAbb,6,-3,1,,-5.6986799794607267673797396886117759,7.7502671968839771903903776312666277,-27.591688114789312006846101190818896,-88.332585020707855105439815077163322,4.5343832207274492446673078757878363,-1.8939795050421047796921976302959530,-340.91631090757886034459557345327154/pi,9.6198542157042239924422783720190925
"m003(-2,9)",AABBAB,6,-3,-3,,-1.5647331681442610992686595757374118,-2.7804961132062561070812933609538238,-5.2827687480643208993102018851214812,8.7014689844600583633120584400383370,2.4304048732314984288301589247366318,2.2600576352576120796684352313508442,406.81037434637017434031834164315196/pi,3.1905404750678017146700632384803440
"m003(-2,9)",AABBAb,6,-3,-1,,-2.4150744624008629084464659376900224,4.4864377513158436337624309095683545,-14.295539037491146614884434565517450,-21.670162480708094682882838815540806,3.3004107548295124604299079188553644,-2.2142583866379584037288066434798429,-398.56650959483251267118519582637172/pi,5.0951651941200866814329054527479591
"m003(-2,9)",AABBBB,6,-2,-4,,10.318363008444225260270821085915442,0.55640422369354288220867903400317592,106.15902951388614894332655789825107,11.482361519003157630659566648484936,4.6518696363256253609662844147605350,0.10981526160003305638242865825288918,19.766747088005950148837158485520052/pi,10.333353803783850754337910947806502
"m003(-2,9)",AABBaB,6,-1,-3,,-0.37015266277203358701273888065216683,8.1697876243115505549344136012904488,-66.608416832596942292635688782675544,-6.0481372868418535999721583197683531,4.2320781874070427074158904326828561,-3.0536285963119923205268874288374732,-549.65314733615861769483973719074518/pi,8.1781686715371306244414793687159550
"m003(-2,9)",AABBab,6,-1,-1,,0.39114967411903217446880989644483459,-6.4035588207954815440830298815165497,-40.852567503824193047660859620310921,-5.0094998919124131148386161846241474,3.7640290726667975911239000031419030,-3.0250959287945840978048039025628724,-544.51726718302513760486470246131704/pi,6.4154940292194991009940944283544851
"m003(-2,9)",AABaBB,6,-1,-3,,-0.37015266277203358701273888065216683,8.1697876243115505549344136012904488,-66.608416832596942292635688782675544,-6.0481372868418535999721583197683531,4.2320781874070427074158904326828561,-3.0536285963119923205268874288374732,-549.65314733615861769483973719074518/pi,8.1781686715371306244414793687159550
"m003(-2,9)",AABaaB,6,0,-2,,-4.3490602243352697607342899477528173,-3.2781694165634739683442911180344845,8.1679301112030396217570831860886107,28.513912436417124965846588861333161,3.3743254871835655135088196140507269,1.3582495586942095831114573378561853,244.48492056495772496006232081411335/pi,5.4461655831040662781051995446846516
"m003(-2,9)",AABaab,6,0,0,,6.1080745155737870322612675963823666,0.53028156918849570815792787512906053,37.027375745180939762135259593689565,6.4779986776774571080676636824006810,3.5722088867703134441105300707352340,0.18315722525239941424889293338454963,32.968300545431894564800728009218933/pi,6.1310498962594462385391437434677884
"m003(-2,9)",AABabb,6,-1,1,,2.8532690711914339556993913874051306,-7.1160415985585308413745090183478821,-42.496903639797822795376685845737474,-40.607962804957412450053947548529715,4.0983285770104644345732263856765551,-2.4015841613571657681857181958873016,-432.28514904428983827342927525971429/pi,7.6667589257151603238707258525489229
"m003(-2,9)",AAbABB,6,-3,-1,,-2.4150744624008629084464659376900224,4.4864377513158436337624309095683545,-14.295539037491146614884434565517450,-21.670162480708094682882838815540806,3.3004107548295124604299079188553644,-2.2142583866379584037288066434798429,-398.56650959483251267118519582637172/pi,5.0951651941200866814329054527479591
"m003(-2,9)",AAbAbb,6,-3,3,,4.9116005869989485983615106156227113,8.7197767760472753240450121603686615,-51.910686697884998282182931124260159,85.656121463467194067480998308640152,4.6172334158685291568214979640423494,2.1324547519660171633275610191639258,383.84185535388308939896098344950665/pi,10.007913236549457174783500554112261
"m003(-2,9)",AAbaBB,6,-1,-1,,0.39114967411903217446880989644483459,-6.4035588207954815440830298815165497,-40.852567503824193047660859620310921,-5.0094998919124131148386161846241474,3.7640290726667975911239000031419030,-3.0250959287945840978048039025628724,-544.51726718302513760486470246131704/pi,6.4154940292194991009940944283544851
"m003(-2,9)",AAbabb,6,-1,3,,-0.45919162013756963470899646550777598,0.86337504372661819676069438900562854,-0.53455952212537383640507792596340345,-0.79290917023034167254871344921661462,0.85663857302215601461334573671743972,-2.7183744687564787064934171317210733,-489.30740437616616716881508370979319/pi,0.97789233054283942990307703424619268
"m003(-2,9)",AAbbAB,6,-3,1,,-5.6986799794607267673797396886117759,7.7502671968839771903903776312666277,-27.591688114789312006846101190818896,-88.332585020707855105439815077163322,4.5343832207274492446673078757878363,-1.8939795050421047796921976302959530,-340.91631090757886034459557345327154/pi,9.6198542157042239924422783720190925
"m003(-2,9)",AAbbAb,6,-3,3,,4.9116005869989485983615106156227113,8.7197767760472753240450121603686615,-51.910686697884998282182931124260159,85.656121463467194067480998308640152,4.6172334158685291568214979640423494,2.1324547519660171633275610191639258,383.84185535388308939896098344950665/pi,10.007913236549457174783500554112261
"m003(-2,9)",AAbbaB,6,-1,1,,2.8532690711914339556993913874051306,-7.1160415985585308413745090183478821,-42.496903639797822795376685845737474,-40.607962804957412450053947548529715,4.0983285770104644345732263856765551,-2.4015841613571657681857181958873016,-432.28514904428983827342927525971429/pi,7.6667589257151603238707258525489229
"m003(-2,9)",AAbbab,6,-1,3,,-0.45919162013756963470899646550777598,0.86337504372661819676069438900562854,-0.53455952212537383640507792596340345,-0.79290917023034167254871344921661462,0.85663857302215601461334573671743972,-2.7183744687564787064934171317210733,-489.30740437616616716881508370979319/pi,0.97789233054283942990307703424619268
"m003(-2,9)",AAbbbb,6,-2,4,,13.068055056377071859812665442405438,-12.210440149055053850119967878007044,21.679214322846749099615835467560174,-319.13340826089700692909588285810867,5.7675165823748655696313758783863392,-1.5092109723699686414865325959805399,-271.65797502659435546757586727649718/pi,17.884879412234178115827672847696688
"m003(-2,9)",ABABAb,6,-3,-1,,-5.4370844392448043088070013707937366,-2.8734389909431894511323516396502538,21.305235564805373328518920720148777,31.246260849553015087715189989798422,3.6038993756728826283935836091719188,1.0180235589124559726405820048377746,183.24424060424207507530476087079943/pi,6.1496779455635400700924145222087385
"m003(-2,9)",ABABBB,6,-2,-4,,-0.75901429123851727152697764862954930,2.7478878473749782601863632429054240,-6.9747849274467831007157343727155559,-4.1713722937565080942275716589873607,2.2856612416597082492932764041194275,-2.6985488507957527921657747896472470,-485.73879314323550258983946213650446/pi,2.8507876659013733942850940222188541
"m003(-2,9)",ABABaB,6,-1,-3,,-3.3921626396159749873732743137558811,0.80991088205251747003963105207184049,10.850811736739332133868490528176084,-5.4946988710339404862180304296177385,2.3394990334377073454291790131643418,-0.56394134957735938239375267562332300,-101.50944292392468883087548161219814/pi,3.4875095713809167786581729995464235
"m003(-2,9)",ABABab,6,-1,-1,,3.4131596509629735748293453295485488,0.95631792146355154081175266770205862,10.735114836049320067389108377206705,6.5281314860643439045982555817971948,2.3869286798484924640939911570233489,0.64991977078204477520895673122873213,116.98555874076805953761221162117178/pi,3.5446019198034149816352283959592384
"m003(-2,9)",ABAbAb,6,-3,1,,-1.8263287083601835578413978935554511,7.8432100746209105344414359099630578,-58.180467723654372586152738912834189,-28.648559449959972871448945130960899,4.1993363388788206286728475058179173,-2.6971179350459675629734765946238002,-485.48122830827416133522578703228404/pi,8.0530379873446223177883249128773271
"m003(-2,9)",ABAbaB,6,-1,-1,,3.4131596509629735748293453295485488,0.95631792146355154081175266770205862,10.735114836049320067389108377206705,6.5281314860643439045982555817971948,2.3869286798484924640939911570233489,0.64991977078204477520895673122873213,116.98555874076805953761221162117178/pi,3.5446019198034149816352283959592384
"m003(-2,9)",ABAbab,6,-1,1,,-1.8694234941657110630167567696038048,0.057949388226635555418156973477866043,3.4913860689428950173435311615862934,-0.21666389564680471719729629549718208,0.15942701378189640698708671589184991,-0.74318717322347082163432786247654849,-133.77369118022474789417901524577873/pi,1.8703214515517319683149855156873931
"m003(-2,9)",ABAbbb,6,-2,2,,14.841873734259087404503979617727472,1.9537660155700255421991362912109972,216.46401430009341455411665224181226,57.995097018753586596913178531217298,5.4034125492894725974582348107735314,0.26411232949507429450537086603205016,47.540219309113373010966755885769029/pi,14.969917086854093900094949312855414
"m003(-2,9)",ABBAbb,6,-2,0,,10.268358740810674208647789947308509,2.2163936166118715065899218652985513,100.52679056622512313356863140187599,45.517449532426986227296867725155906,4.6869973174581832470077366797608420,0.43283672583656512834109549033818297,77.910610650581723101397188260872935/pi,10.504836595289848983857811805321656
"m003(-2,9)",ABBBAb,6,-2,-2,,10.318363008444225260270821085915442,0.55640422369354288220867903400317592,106.15902951388614894332655789825107,11.482361519003157630659566648484936,4.6518696363256253609662844147605350,0.10981526160003305638242865825288918,19.766747088005950148837158485520052/pi,10.333353803783850754337910947806502
"m003(-2,9)",ABBBBB,6,-1,-5,,2.8244138969222942242242772854139776,-2.4004544018415153598672523326926447,2.2151325258074727631367664305265927,-13.559753542978938404877360361226835,2.6126228276823042454195731542137936,-1.5551018659194143972068076773635633,-279.91833586549459149722538192544140/pi,3.7066825054822388123217862317776781
"m003(-2,9)",ABBBaB,6,0,-4,,1.5845637897589248880281090645703364,-0.86708022268798695183252938207876079,1.7590142912385172715269776486295493,-2.7478878473749782601863632429054240,1.1247751623945218378362732046835756,-1.6416452494951256312712764762342735,-295.49614490912261362882976572216923/pi,1.8062863882540374600113817175766825
"m003(-2,9)",ABBBab,6,0,-2,,-11.318363008444225260270821085915442,-0.55640422369354288220867903400317592,127.79575553077459946386820007008195,12.595169966390243395076924716491288,4.8395857215391131486312958622534616,0.099803796303772385491952903809150440,17.964683334679029388551522685647079/pi,11.332031011741126879151060629103767
"m003(-2,9)",ABBaBB,6,0,-4,,3.3601090206457814529062093419041906,2.6737167949173329809025473100432778,4.1415711312021369398348082940626977,17.967959842507714839911171213976215,2.8985992356416996162457505565889001,1.4528791113564898303731751709365663,261.51824004416816946717153076858193/pi,4.2940766329966874731174231698789996
"m003(-2,9)",ABBabb,6,0,0,,-10.852922530569599096675899011878845,-1.3493133939238845547573924832197905,115.96528081952283858259392236173206,29.287987467431718959514519380109859,4.7678079091730113470511514664592766,0.25158182931923675171373662461698867,45.284729277462615308472592431057961/pi,10.936479053587933548992979908110609
"m003(-2,9)",ABaBAb,6,-1,-1,,2.5628183567063717656515389675959383,8.2232517859856512816554769382242369,-61.053832006245055757650635620668673,42.149401257884967081410876209271581,4.3286161169784270295982950770729901,2.5521840845924799352620803637369537,459.39313522664638834717446547265167/pi,8.6133563646924159606765281727234163
"m003(-2,9)",ABaBBB,6,0,-4,,1.5845637897589248880281090645703364,-0.86708022268798695183252938207876079,1.7590142912385172715269776486295493,-2.7478878473749782601863632429054240,1.1247751623945218378362732046835756,-1.6416452494951256312712764762342735,-295.49614490912261362882976572216923/pi,1.8062863882540374600113817175766825
"m003(-2,9)",ABaBaB,6,1,-3,,3.4131596509629735748293453295485488,0.95631792146355154081175266770205862,10.735114836049320067389108377206705,6.5281314860643439045982555817971948,2.3869286798484924640939911570233489,0.64991977078204477520895673122873213,116.98555874076805953761221162117178/pi,3.5446019198034149816352283959592384
"m003(-2,9)",ABaBab,6,1,-1,,-1.0190821999091092538389504076511942,-7.2089844762954641854255672970443122,-50.930928649297398311087726098662785,14.693095518427599027981553979868211,4.0058195672427185309738080606057888,2.8706491898963936751561014626752370,516.71685418135086152809826328154266/pi,7.2806583294122913912737525106364641
"m003(-2,9)",ABabAb,6,-1,1,,-1.0190821999091092538389504076511942,-7.2089844762954641854255672970443122,-50.930928649297398311087726098662785,14.693095518427599027981553979868211,4.0058195672427185309738080606057888,2.8706491898963936751561014626752370,516.71685418135086152809826328154266/pi,7.2806583294122913912737525106364641
"m003(-2,9)",ABabbb,6,0,2,,-11.318363008444225260270821085915442,-0.55640422369354288220867903400317592,127.79575553077459946386820007008195,12.595169966390243395076924716491288,4.8395857215391131486312958622534616,0.099803796303772385491952903809150440,17.964683334679029388551522685647079/pi,11.332031011741126879151060629103767
"m003(-2,9)",AbAbbb,6,-2,4,,1.9906777566943293280148667078604469,-10.018956525373618472142283669104796,-96.416691926329042650083179351655750,-39.889027800697534466794356259098336,4.6651957170852344848101069237706081,-2.7564574452081124311082115496574574,-496.16234013746023759947807893834233/pi,10.214807281017306472202133631214505
"m003(-2,9)",Abbbbb,6,-1,5,,-19.693450721998980065571706901387160,0.31743845904530321853095574703114998,387.73123416452109257843501222617814,-12.502917300951940666548259244368726,5.9556591857642826797258681844669164,-0.032402636825186602521686891918440873,-5.8324746285335884539036405453193571/pi,19.696008948898332734935578752644230
"m003(-2,11)",A,1,-1,0,,0.48954935181786881020845124328218507,0.89151356190618676261132984393333262,-0.55513786319736080500426275251350062,0.87287977273602637736415799980289800,0.88526725010358125067646644968562940,2.6926130160134767595874091591715036,484.67034288242581672573364865087064/pi,1.0170816087846401469336073655619728
"m003(-2,11)",B,1,0,-1,,1.5551378631973608050042627525135006,-0.87287977273602637736415799980289800,1.6565346758983562326465698331649519,-2.7148967692018039564496966667817431,1.1171718370165397805097586505101934,-1.6724862679879474375808201120742848,-301.04752823783053876454762017337126/pi,1.7833599948416893731384352429356196
"m003(-2,11)",AB,2,-1,-1,,-0.47324373928803951272397644353414999,0.86181956956087881067919186291749109,-0.51877333370277251803070036234231044,-0.81570143138119793072799308112688155,0.85634425821485722397904708780596166,-2.7051906182992308039727754161049580,-486.93431129386154471509957489889244/pi,0.98320527218553112482046517860300339
"m003(-2,11)",Ab,2,-1,1,,2.0127446275114907176884128951091899,0.097289199155526163516960735080169220,4.0416757473040458840686719306593748,0.39163662583036149055215430809128164,0.47228178517022629281692898912570763,0.41108054290916680269781452096120059,73.994497723650024485606613773016106/pi,2.0150945694554122214990895907592641
"m003(-2,11)",AAB,3,-2,-1,,-2.5551378631973608050042627525135006,0.87287977273602637736415799980289800,5.7668104022930778426550953381919531,-4.4606563146738567111780126663875391,1.7705345002071625013529328993712588,-0.89795927515263295775046844821599865,-161.63266952747393239508432067887976/pi,2.7001201079945447414846969500176425
"m003(-2,11)",AAb,3,-2,1,,-0.65653467589835623264656983316495187,2.7148967692018039564496966667817431,-6.9396266867654335194373970688919495,-3.5648477409308016071317847120317077,2.2564397311278765322649072990426472,-2.7545409202633439543411454474168039,-495.81736564740191178140618053502470/pi,2.7931527434208378501149768441788815
"m003(-2,11)",ABB,3,-1,-2,,-0.47324373928803951272397644353414999,0.86181956956087881067919186291749109,-0.51877333370277251803070036234231044,-0.81570143138119793072799308112688155,0.85634425821485722397904708780596166,-2.7051906182992308039727754161049580,-486.93431129386154471509957489889244/pi,0.98320527218553112482046517860300339
"m003(-2,11)",Abb,3,-1,2,,2.7254678014208644593573376996912670,-2.4970995176571674071578525899200589,1.1926687354982225468686199092103249,-13.611528664636362327071273327914569,2.6179721067819504776022057824940485,-1.6294134586653976191029765599012150,-293.29442255977157143853578078221871/pi,3.6964416318488702447496920044070871
"m003(-2,11)",AAAB,4,-3,-1,,-1.5558065007532805024489112513230750,-2.7124419001834705474866743048484840,-4.9368071940847489962372559932110308,8.4400694824420485355440216410634619,2.3927661634923588213188267210844197,2.2505647540561168594239199027855182,405.10165573010103469630558250139328/pi,3.1269593744813960734997232195085984
"m003(-2,11)",AAAb,4,-3,1,,-4.7545180414621844745302253945484920,0.64647718703457567035037014798906594,22.187509053233268792847049092509410,-6.1473748982992260688917145144358885,3.0475357159957211875025680360698705,-0.29685130814444473948161867534166718,-53.433235466000053106691361561500092/pi,4.7982678707993725617737792059404106
"m003(-2,11)",AABB,4,-2,-2,,-0.65653467589835623264656983316495187,2.7148967692018039564496966667817431,-6.9396266867654335194373970688919495,-3.5648477409308016071317847120317077,2.2564397311278765322649072990426472,-2.7545409202633439543411454474168039,-495.81736564740191178140618053502470/pi,2.7931527434208378501149768441788815
"m003(-2,11)",AAbb,4,-2,2,,3.9039144051084621694528024598367334,3.9222348264133633777298440559999063,-0.14337835111650867156038661067755611,30.624138078106435746390247737225360,3.4252809530468582243595500922644664,1.6405248704073266784297182635116931,295.29447667331880211734928743210476/pi,5.5339383549099302217898656094118869
"m003(-2,11)",ABAb,4,-2,0,,-0.69289920539294451962013222333614205,4.4034779733190282645418477477115227,-18.910508952671682684788467586522799,-6.1023327773561768655145099491684271,3.0793384714864235565012216514973864,-2.8565075657996016402680139416448796,-514.17136184392829524824250949607833/pi,4.4576594273609587317831866801394882
"m003(-2,11)",ABBB,4,-1,-3,,0.48954935181786881020845124328218507,0.89151356190618676261132984393333262,-0.55513786319736080500426275251350062,0.87287977273602637736415799980289800,0.88526725010358125067646644968562940,2.6926130160134767595874091591715036,484.67034288242581672573364865087064/pi,1.0170816087846401469336073655619728
"m003(-2,11)",ABaB,4,0,-2,,1.5187733337027725180307003623423104,0.81570143138119793072799308112688155,1.6413036140092980522710304649191915,2.4777311644898906473549363707293172,1.0455550331841569206398352078117625,1.6832494606320873136147158332304720,302.98490291377571645064884998148497/pi,1.7239609230849660894287817524626586
"m003(-2,11)",ABab,4,0,0,,0.13776134219558371461586947082264143,-3.5305982005830018871776897479086247,-12.446145466556402113236292833684380,-0.97275989373125406650451850395035755,2.6679293198451890327890354922744188,-3.0737084386903800700387649727107341,-553.26751896426841260697769508793214/pi,3.5332848514326522583164523361965086
"m003(-2,11)",Abbb,4,-1,3,,0.046065885931531948126058799642924476,-6.3596289223396554605274407273342424,-40.442757964012390551626294929542527,-0.58592388100674003754033256161644373,3.7476963048711510276783861603554844,-3.1277731457804994216553185278445153,-562.99916624048989589795733501201276/pi,6.3597957589615803933197602521306439
"m003(-2,11)",AAAAB,5,-4,-1,,4.2116725390957170376508325856784525,-3.5877765419378303338138546665846411,4.8660450616935881349154236923403468,-30.221079876182706409024904156757624,3.4140806885371498867174967383341107,-1.4764464967870271837650602453224438,-265.76036942166489307771084415803988/pi,5.5326599472091487093172797986527947
"m003(-2,11)",AAAAb,5,-4,1,,-2.2473797292101059368062326266717815,-6.6371315956151673341795407227816494,-39.000800170248648037482428199805609,29.832310016170906206762077870705987,3.9259118978318803421538682766706771,2.5122100966954993703213866727209185,452.19781740518988665784960108976533/pi,7.0072984426794343731187562687482811
"m003(-2,11)",AAABB,5,-3,-2,,-2.2685296746626542441178360559051521,-0.11805318337077697681186097984825593,5.1322903307210736154768224100403873,0.53561429932999871865196611745162782,1.0495150781560584284820644202793503,0.21538061677819439744788929474055623,38.768511020074991540620073053300121/pi,2.2715993130235407347858818665287993
"m003(-2,11)",AAAbb,5,-3,2,,-4.3110345755758476124478329509092314,7.8976196712804178934891407192566409,-43.787377360384987424799858390415740,-68.093822935275682982016441953263686,4.4074628610020527219088548598488099,-2.1626311782134527580818431124049516,-389.27361207842149645473176023289129/pi,8.9976338880844582041873339605958430
"m003(-2,11)",AABAB,5,-3,-2,,-0.032611225059658594968949599496070163,-3.5066662629341311465810434137016474,-12.295644787600533292139852459423244,0.22871336541931378654465967470406581,2.6551572396017614941424275339644910,3.1254363801594198301194333426166094,562.57854842869556942149800167098969/pi,3.5068178982662211657177646496467382
"m003(-2,11)",AABAb,5,-3,0,,-4.7545180414621844745302253945484920,0.64647718703457567035037014798906594,22.187509053233268792847049092509410,-6.1473748982992260688917145144358885,3.0475357159957211875025680360698705,-0.29685130814444473948161867534166718,-53.433235466000053106691361561500092/pi,4.7982678707993725617737792059404106
"m003(-2,11)",AABBB,5,-2,-3,,3.9039144051084621694528024598367334,3.9222348264133633777298440559999063,-0.14337835111650867156038661067755611,30.624138078106435746390247737225360,3.4252809530468582243595500922644664,1.6405248704073266784297182635116931,295.29447667331880211734928743210476/pi,5.5339383549099302217898656094118869
"m003(-2,11)",AABaB,5,-1,-2,,-2.7091621888910351618728628999432319,4.2504326491242329804483742967708826,-10.726617939024380151133348850003574,-23.030222838870656497350782683492128,3.2708214817773160096495448589103365,-2.0744173422322660943720967777380125,-373.39512160180789698697741999284225/pi,5.0404104466261584316249589324846293
"m003(-2,11)",AABab,5,-1,0,,2.7254678014208644593573376996912670,-2.4970995176571674071578525899200589,1.1926687354982225468686199092103249,-13.611528664636362327071273327914569,2.6179721067819504776022057824940485,-1.6294134586653976191029765599012150,-293.29442255977157143853578078221871/pi,3.6964416318488702447496920044070871
"m003(-2,11)",AAbAB,5,-3,0,,-4.7545180414621844745302253945484920,0.64647718703457567035037014798906594,22.187509053233268792847049092509410,-6.1473748982992260688917145144358885,3.0475357159957211875025680360698705,-0.29685130814444473948161867534166718,-53.433235466000053106691361561500092/pi,4.7982678707993725617737792059404106
"m003(-2,11)",AAbAb,5,-3,2,,-2.0751161259728519632989464945001495,4.5090065917170637237199582854032494,-16.025033507875354175849225203138171,-18.713424581179932572047334241713138,3.2574848111444641000109715602064492,-2.3359790898835111605544519146935896,-420.47623617903200889980134464484613/pi,4.9635921851437904580631496478689180
"m003(-2,11)",AAbaB,5,-1,0,,2.7254678014208644593573376996912670,-2.4970995176571674071578525899200589,1.1926687354982225468686199092103249,-13.611528664636362327071273327914569,2.6179721067819504776022057824940485,-1.6294134586653976191029765599012150,-293.29442255977157143853578078221871/pi,3.6964416318488702447496920044070871
"m003(-2,11)",AAbab,5,-1,2,,0.48954935181786881020845124328218507,0.89151356190618676261132984393333262,-0.55513786319736080500426275251350062,0.87287977273602637736415799980289800,0.88526725010358125067646644968562940,2.6926130160134767595874091591715036,484.67034288242581672573364865087064/pi,1.0170816087846401469336073655619728
"m003(-2,11)",AAbbb,5,-2,3,,10.151299225861150557088229654570402,-0.022928801007028726682069954552933456,103.04835024305357466974690563258763,-0.46551423982515016496200300027761508,4.6155117850085002329131483642125174,-0.0046077164990613344400270903075362852,-0.82938896983104019920487625535653134/pi,10.151325120538934571753626400204292
"m003(-2,11)",ABABB,5,-2,-3,,-2.0739111969001333230349631148558111,0.057178341354828446636164918676016453,4.2978382899076542849176002980841434,-0.23716560471191330909476029605242591,0.57723329298583213566513543115364267,-0.19569992613097240524992522622064436,-35.225986703575032944986540719715985/pi,2.0746992590126967254684639830346051
"m003(-2,11)",ABAbb,5,-2,1,,5.3212909261102392598411957415275926,6.5799532542603388875433758041056330,-14.979647707948056114359352817935201,70.027691092250162681017654213562692,4.2776262127993284095087694413978064,1.8085877558377136252984936808974132,325.54579605078845255372886256153437/pi,8.4623827583343446731507152330945234
"m003(-2,11)",ABBAb,5,-2,-1,,3.4226877388112346874835028221790438,4.7379362577945613084578371371267879,-10.733248625515569033496626236788736,32.432952673645260305913205329124147,3.5514547933963776272932939524275621,1.9443496854624555320541742541901632,349.98294338324199576975136575422938/pi,5.8448978896412804991401089078638216
"m003(-2,11)",ABBBB,5,-1,-4,,2.0127446275114907176884128951091899,0.097289199155526163516960735080169220,4.0416757473040458840686719306593748,0.39163662583036149055215430809128164,0.47228178517022629281692898912570763,0.41108054290916680269781452096120059,73.994497723650024485606613773016106/pi,2.0150945694554122214990895907592641
"m003(-2,11)",ABBaB,5,0,-3,,1.5187733337027725180307003623423104,0.81570143138119793072799308112688155,1.6413036140092980522710304649191915,2.4777311644898906473549363707293172,1.0455550331841569206398352078117625,1.6832494606320873136147158332304720,302.98490291377571645064884998148497/pi,1.7239609230849660894287817524626586
"m003(-2,11)",ABBab,5,0,-1,,-4.4226877388112346874835028221790438,-4.7379362577945613084578371371267879,-2.8878731478930996585296205924306487,41.908825189234382922828879603377723,3.7427982168750373824412067930701943,1.6867738240945408083270573964511907,303.61928833701734549887033136121433/pi,6.4813738372320080028031714621784940
"m003(-2,11)",ABaBB,5,0,-3,,1.5187733337027725180307003623423104,0.81570143138119793072799308112688155,1.6413036140092980522710304649191915,2.4777311644898906473549363707293172,1.0455550331841569206398352078117625,1.6832494606320873136147158332304720,302.98490291377571645064884998148497/pi,1.7239609230849660894287817524626586
"m003(-2,11)",ABabb,5,0,1,,-4.4226877388112346874835028221790438,-4.7379362577945613084578371371267879,-2.8878731478930996585296205924306487,41.908825189234382922828879603377723,3.7427982168750373824412067930701943,1.6867738240945408083270573964511907,303.61928833701734549887033136121433/pi,6.4813738372320080028031714621784940
"m003(-2,11)",AbAbb,5,-2,3,,4.1734736238525550646004640798778575,-3.8879852860655636577757490918768233,2.3014525043306554087958433731234702,-32.452808082642921842163536247682422,3.4807780224695275268556622705027424,-1.5615252307948357135104803763617946,-281.07454154307042843188646774512303/pi,5.7038856644970804628203675893692875
"m003(-2,11)",Abbbb,5,-1,4,,-8.2050204464243073029353982574729808,-7.4332101954010581511576648679415162,12.069746717226702007017294988599053,121.97928327167060534089225293469479,4.8073129994325314469770815505746284,1.4884411149868159690242328320680778,267.91940069762687442436190977225400/pi,11.071358287728528578947806324144669
"m003(-2,11)",AAAAAB,6,-5,-1,,6.8161795065631630846720626889017872,4.7108114065221472130381557076435744,24.268558957872474459016916167990368,64.219472336840499303262087300100233,4.2192481354700724437942333656820499,1.2371473378691122724969870172085068,222.68652081644020904945766309753122/pi,8.2856530927568296496907225184001113
"m003(-2,11)",AAAAAb,6,-5,1,,9.5714075813857301946709843884879436,-5.8992501649417412279376593164615505,56.810690580443072296537246587271830,-112.92825550642880265391715196797278,4.8325593458310512668180007754344672,-1.1189802167581415883762793322747760,-201.41643901646548590773027980945968/pi,11.243353396454875929238793090352568
"m003(-2,11)",AAAABB,6,-4,-2,,-0.34877654191110136444853970732323277,-4.7951145991493897550940020558028043,-22.871478942788146545591295249616435,3.3448469759175223100292894227747804,3.2211493515540273341857285758183818,3.0074880629160723451837400636239637,541.34785132489302213307321145231347/pi,4.8077821389038708228177926210724340
"m003(-2,11)",AAAAbb,6,-4,2,,-13.055213630969612726541032114407135,-3.8993060254063346510477741014469729,155.23401547048463253650121518615744,101.81254634841344634322461082537657,5.2147833714333392651267570191161418,0.58647647365736650937164090484974583,105.56576525832597168689536287295425/pi,13.625094143895847826547245898965706
"m003(-2,11)",AAABAB,6,-4,-2,,5.6290490600974941280392258673693117,-0.93005811409085482400032291847891445,30.821185225398244531075613991740867,-10.470685505918348612989155808059550,3.4222815533326468931835344691259996,-0.34915663269276747579826290584359273,-62.848193884698145643687323051846692/pi,5.7053660195092408802092462204534627
"m003(-2,11)",AAABAb,6,-4,0,,-2.2110151997155176498326702365005913,-8.3257127997323916422716918037114290,-64.428905410254728942042952382219174,36.816555097348711018659166816928710,4.3299708540581298627333203003787900,2.6353644779066380296272429159727608,474.36560602319484533290372487509694/pi,8.6142952025688572719332296919503062
"m003(-2,11)",AAABBB,6,-3,-3,,-2.0751161259728519632989464945001495,4.5090065917170637237199582854032494,-16.025033507875354175849225203138171,-18.713424581179932572047334241713138,3.2574848111444641000109715602064492,-2.3359790898835111605544519146935896,-420.47623617903200889980134464484613/pi,4.9635921851437904580631496478689180
"m003(-2,11)",AAABaB,6,-2,-2,,-6.6343602779069517251343354078574963,-1.1501597158567309746439824705421467,42.691868925089969593607897896610951,15.261147864257284679459621408988616,3.7714312458257499176195796897898059,0.35915581396546286421341409730107499,64.648046513783315558414537514193498/pi,6.7333204044549403767970227943377247
"m003(-2,11)",AAABab,6,-2,0,,3.4226877388112346874835028221790438,4.7379362577945613084578371371267879,-10.733248625515569033496626236788736,32.432952673645260305913205329124147,3.5514547933963776272932939524275621,1.9443496854624555320541742541901632,349.98294338324199576975136575422938/pi,5.8448978896412804991401089078638216
"m003(-2,11)",AAAbAB,6,-4,0,,-2.2110151997155176498326702365005913,-8.3257127997323916422716918037114290,-64.428905410254728942042952382219174,36.816555097348711018659166816928710,4.3299708540581298627333203003787900,2.6353644779066380296272429159727608,474.36560602319484533290372487509694/pi,8.6142952025688572719332296919503062
"m003(-2,11)",AAAbAb,6,-4,2,,-7.0773880289610172340532665397145909,-0.034249540347799719954094964123082997,50.088248281466676957942001376610244,0.48479457370987018535500529603439726,3.8726560581376539608849361838033963,0.010089739446943144141745143515731435,1.8161531004497659455141258328316583/pi,7.0774709002223914534086391653698964
"m003(-2,11)",AAAbaB,6,-2,0,,3.4226877388112346874835028221790438,4.7379362577945613084578371371267879,-10.733248625515569033496626236788736,32.432952673645260305913205329124147,3.5514547933963776272932939524275621,1.9443496854624555320541742541901632,349.98294338324199576975136575422938/pi,5.8448978896412804991401089078638216
"m003(-2,11)",AAAbab,6,-2,2,,-2.0739111969001333230349631148558111,0.057178341354828446636164918676016453,4.2978382899076542849176002980841434,-0.23716560471191330909476029605242591,0.57723329298583213566513543115364267,-0.19569992613097240524992522622064436,-35.225986703575032944986540719715985/pi,2.0746992590126967254684639830346051
"m003(-2,11)",AAAbbb,6,-3,3,,4.9439374072540420852435505148566043,15.398425073491694256231628341262485,-212.66897765709186967061586636017623,152.25769946726831870465398561310863,5.5728440083702861826693865158001812,2.5246603987384727082172416240240996,454.43887177292508747910349232433792/pi,16.172631567892205885979186795968046
"m003(-2,11)",AABAAb,6,-4,0,,-0.34877654191110136444853970732323277,-4.7951145991493897550940020558028043,-22.871478942788146545591295249616435,3.3448469759175223100292894227747804,3.2211493515540273341857285758183818,3.0074880629160723451837400636239637,541.34785132489302213307321145231347/pi,4.8077821389038708228177926210724340
"m003(-2,11)",AABABB,6,-3,-3,,-1.5558065007532805024489112513230750,-2.7124419001834705474866743048484840,-4.9368071940847489962372559932110308,8.4400694824420485355440216410634619,2.3927661634923588213188267210844197,2.2505647540561168594239199027855182,405.10165573010103469630558250139328/pi,3.1269593744813960734997232195085984
"m003(-2,11)",AABAbb,6,-3,1,,-5.2738276666817559353802606377255665,7.8679256789351099415570027382407994,-34.090996231388576543332228174158932,-82.988168249927642518559484551510599,4.5053931939797901328234072239033405,-1.9809274436056397243583496072139261,-356.56693984901515038450292929850670/pi,9.4719328939295407631785399506584321
"m003(-2,11)",AABBAB,6,-3,-3,,-1.5558065007532805024489112513230750,-2.7124419001834705474866743048484840,-4.9368071940847489962372559932110308,8.4400694824420485355440216410634619,2.3927661634923588213188267210844197,2.2505647540561168594239199027855182,405.10165573010103469630558250139328/pi,3.1269593744813960734997232195085984
"m003(-2,11)",AABBAb,6,-3,-1,,-2.0751161259728519632989464945001495,4.5090065917170637237199582854032494,-16.025033507875354175849225203138171,-18.713424581179932572047334241713138,3.2574848111444641000109715602064492,-2.3359790898835111605544519146935896,-420.47623617903200889980134464484613/pi,4.9635921851437904580631496478689180
"m003(-2,11)",AABBBB,6,-2,-4,,10.151299225861150557088229654570402,-0.022928801007028726682069954552933456,103.04835024305357466974690563258763,-0.46551423982515016496200300027761508,4.6155117850085002329131483642125174,-0.0046077164990613344400270903075362852,-0.82938896983104019920487625535653134/pi,10.151325120538934571753626400204292
"m003(-2,11)",AABBaB,6,-1,-3,,-0.029760273401702650641583999894889395,8.1129620538067210338179624341850661,-65.819267612634824988837717353539142,-0.48288793763785413754002773383456036,4.2166542307632696226384371009639577,-3.1344694585677178465427932634831172,-564.20450254218921237770278742696110/pi,8.1130166375017815052275684969467949
"m003(-2,11)",AABBab,6,-1,-1,,0.046065885931531948126058799642924476,-6.3596289223396554605274407273342424,-40.442757964012390551626294929542527,-0.58592388100674003754033256161644373,3.7476963048711510276783861603554844,-3.1277731457804994216553185278445153,-562.99916624048989589795733501201276/pi,6.3597957589615803933197602521306439
"m003(-2,11)",AABaBB,6,-1,-3,,-0.029760273401702650641583999894889395,8.1129620538067210338179624341850661,-65.819267612634824988837717353539142,-0.48288793763785413754002773383456036,4.2166542307632696226384371009639577,-3.1344694585677178465427932634831172,-564.20450254218921237770278742696110/pi,8.1130166375017815052275684969467949
"m003(-2,11)",AABaaB,6,0,-2,,-4.4590522683058229744570652123502340,-3.0493550536773370003656860561970083,10.584580888095790261055372440597828,27.194467137939508248744432382507220,3.3515155110496193415292759515305803,1.2657265032157441641828264303361514,227.83077057883394955290875746050725/pi,5.4020101235439035317847166042734448
"m003(-2,11)",AABaab,6,0,0,,6.1155869442041792071036350455151859,0.33445828447553304391598938941526519,37.288541328066293934507205648652421,4.0908174358389943962933193801882867,3.5694606224887754579242060870521340,0.11559136753570715340334877356142211,20.806446156427287612602779241055979/pi,6.1247257911007678932481263664003695
"m003(-2,11)",AABabb,6,-1,1,,2.5320542527310621785384481382862644,-7.1241592927450081076896718551715642,-44.342346889631596430756688462478279,-36.077515668657027887318406102480994,4.0728778343915691356641259605272889,-2.4798185352353832389205057903746181,-446.36733634236898300569104226743126/pi,7.5607502516072114885570454153953947
"m003(-2,11)",AAbABB,6,-3,-1,,-2.0751161259728519632989464945001495,4.5090065917170637237199582854032494,-16.025033507875354175849225203138171,-18.713424581179932572047334241713138,3.2574848111444641000109715602064492,-2.3359790898835111605544519146935896,-420.47623617903200889980134464484613/pi,4.9635921851437904580631496478689180
"m003(-2,11)",AAbAbb,6,-3,3,,5.4632470324736135460935857580336787,8.1769765815911599850249957510107514,-37.015877878058507643451007074500324,89.345686087968275001513137274189883,4.5798523705051696913925081346228155,1.9824449396113113190742117195015048,356.84008913003603743335810951027087/pi,9.8341249815996337525386986113728356
"m003(-2,11)",AAbaBB,6,-1,-1,,0.046065885931531948126058799642924476,-6.3596289223396554605274407273342424,-40.442757964012390551626294929542527,-0.58592388100674003754033256161644373,3.7476963048711510276783861603554844,-3.1277731457804994216553185278445153,-562.99916624048989589795733501201276/pi,6.3597957589615803933197602521306439
"m003(-2,11)",AAbabb,6,-1,3,,-0.47324373928803951272397644353414999,0.86181956956087881067919186291749109,-0.51877333370277251803070036234231044,-0.81570143138119793072799308112688155,0.85634425821485722397904708780596166,-2.7051906182992308039727754161049580,-486.93431129386154471509957489889244/pi,0.98320527218553112482046517860300339
"m003(-2,11)",AAbbAB,6,-3,1,,-5.2738276666817559353802606377255665,7.8679256789351099415570027382407994,-34.090996231388576543332228174158932,-82.988168249927642518559484551510599,4.5053931939797901328234072239033405,-1.9809274436056397243583496072139261,-356.56693984901515038450292929850670/pi,9.4719328939295407631785399506584321
"m003(-2,11)",AAbbAb,6,-3,3,,5.4632470324736135460935857580336787,8.1769765815911599850249957510107514,-37.015877878058507643451007074500324,89.345686087968275001513137274189883,4.5798523705051696913925081346228155,1.9824449396113113190742117195015048,356.84008913003603743335810951027087/pi,9.8341249815996337525386986113728356
"m003(-2,11)",AAbbaB,6,-1,1,,2.5320542527310621785384481382862644,-7.1241592927450081076896718551715642,-44.342346889631596430756688462478279,-36.077515668657027887318406102480994,4.0728778343915691356641259605272889,-2.4798185352353832389205057903746181,-446.36733634236898300569104226743126/pi,7.5607502516072114885570454153953947
"m003(-2,11)",AAbbab,6,-1,3,,-0.47324373928803951272397644353414999,0.86181956956087881067919186291749109,-0.51877333370277251803070036234231044,-0.81570143138119793072799308112688155,0.85634425821485722397904708780596166,-2.7051906182992308039727754161049580,-486.93431129386154471509957489889244/pi,0.98320527218553112482046517860300339
"m003(-2,11)",AAbbbb,6,-2,4,,11.862741295062145621987549926123037,-12.818756034262193123025350201340621,-23.595875232360676614263570643238060,-304.13117311793836556926744001671431,5.7209987065538450745913290254202497,-1.6547573126021642456716097211233130,-297.85631626838956422088974980219633/pi,17.465541425890755946991735544802247
"m003(-2,11)",ABABAb,6,-3,-1,,-5.4798379081382382664890763917243821,-2.7783616760623633927822883322372267,22.309329896456797953118024556381108,30.449943270010061987236846241387282,3.6003759147038161020472143958091286,0.98326933263254347554411886540116103,176.98847987385782559794139577220899/pi,6.1439333575878675986545856574654330
"m003(-2,11)",ABABBB,6,-2,-4,,-0.65653467589835623264656983316495187,2.7148967692018039564496966667817431,-6.9396266867654335194373970688919495,-3.5648477409308016071317847120317077,2.2564397311278765322649072990426472,-2.7545409202633439543411454474168039,-495.81736564740191178140618053502470/pi,2.7931527434208378501149768441788815
"m003(-2,11)",ABABaB,6,-1,-3,,-3.4344820555670889538317138971191220,0.82559378602729391731571581654458993,11.114061890485455523305429106172733,-5.6709740865968716312793234072199905,2.3696848917077874774525294615197267,-0.56447428099152551923934252282161117,-101.60537057847459346308165410789001/pi,3.5323182316347458262219392700062693
"m003(-2,11)",ABABab,6,-1,-1,,3.4507876680969182513161886968671571,0.92773934543977165597480589030623378,11.047235237212750875580787979510022,6.4028629849037418844220937487319098,2.4028502587712768379943181649390288,0.62362307835080308672673897835714589,112.25215410314455561081301610428626/pi,3.5733227986520869030367538435153421
"m003(-2,11)",ABAbAb,6,-3,1,,-1.3497962592967981713400954973242594,7.9338454548140027868526167656295421,-61.123953759261181532896636532499194,-21.418149833493690650385921565165957,4.1994056603660701984122373603903262,-2.8143419840481850699079253519853378,-506.58155712867331258342656335736080/pi,8.0478477646190872725423210096933111
"m003(-2,11)",ABAbaB,6,-1,-1,,3.4507876680969182513161886968671571,0.92773934543977165597480589030623378,11.047235237212750875580787979510022,6.4028629849037418844220937487319098,2.4028502587712768379943181649390288,0.62362307835080308672673897835714589,112.25215410314455561081301610428626/pi,3.5733227986520869030367538435153421
"m003(-2,11)",ABAbab,6,-1,1,,-1.9112867798734670463517522452921172,0.031369423276633318221346707691426530,3.6520331142023782927046291231266188,-0.11991192800176855648511713669770679,0.10495150781560584284820644202793503,-0.60678046904013920794773974718184495,-109.22048442722505743059315449273209/pi,1.9115441913897244403298526984588625
"m003(-2,11)",ABAbbb,6,-2,2,,14.711748306867968959187601947572087,1.1844092562045306945980774346652297,215.03271295844958173505296525902788,34.849461739211509810276554663106473,5.3746299036172540506837140697052903,0.16215795815890176559705883420870199,29.188432468602317807470590157566358/pi,14.759348343704593281002706788378841
"m003(-2,11)",ABBAbb,6,-2,0,,10.114934696366562270114667264399212,1.6656524031101955814100811263768461,99.537505983773349785625600940894217,33.695930568611321847713492692668379,4.6365358499851478919816537954953764,0.33268825519947706717280243546200418,59.883885935905872091104438383160753/pi,10.251160999601308024690748043482148
"m003(-2,11)",ABBBAb,6,-2,-2,,10.151299225861150557088229654570402,-0.022928801007028726682069954552933456,103.04835024305357466974690563258763,-0.46551423982515016496200300027761508,4.6155117850085002329131483642125174,-0.0046077164990613344400270903075362852,-0.82938896983104019920487625535653134/pi,10.151325120538934571753626400204292
"m003(-2,11)",ABBBBB,6,-1,-5,,2.7254678014208644593573376996912670,-2.4970995176571674071578525899200589,1.1926687354982225468686199092103249,-13.611528664636362327071273327914569,2.6179721067819504776022057824940485,-1.6294134586653976191029765599012150,-293.29442255977157143853578078221871/pi,3.6964416318488702447496920044070871
"m003(-2,11)",ABBBaB,6,0,-4,,1.5551378631973608050042627525135006,-0.87287977273602637736415799980289800,1.6565346758983562326465698331649519,-2.7148967692018039564496966667817431,1.1171718370165397805097586505101934,-1.6724862679879474375808201120742848,-301.04752823783053876454762017337126/pi,1.7833599948416893731384352429356196
"m003(-2,11)",ABBBab,6,0,-2,,-11.151299225861150557088229654570402,0.022928801007028726682069954552933456,124.35094869477587578392336494172843,-0.51137184183920761832614290938348199,4.8068354734861309768245958258519327,-0.0041800836172370229803161106720875152,-0.75241505110266413645689992097575274/pi,11.151322798422038129168631293273675
"m003(-2,11)",ABBaBB,6,0,-4,,3.4173765210017770903883932816908592,2.6577184278469755098135317481057267,4.6149950445768102459223302655750950,18.164849109516019387943902095550178,2.9125820478271036212271308236081806,1.4286499522628957732485023703914493,257.15699140732123918473042667046087/pi,4.3291950207875376544405962543611089
"m003(-2,11)",ABBabb,6,0,0,,-10.670072559563923075118930016912712,-0.79277263037416920404592312657394809,113.22195998288862963169180207553500,16.917882978657471012208000978268764,4.7228891998382142985443314576134923,0.15097558881286922045736479770071140,27.175605986316459682325663586128052/pi,10.699483018811207396373089055985860
"m003(-2,11)",ABaBAb,6,-1,-1,,2.9314780428773467904661534536900826,8.1491878373403059271814384805579672,-57.815698892383172946696635461797171,47.778330424892476602182338907411065,4.3379733616873336285640898556800030,2.4674424217301090913937172224654097,444.13963591141963645086910004377375/pi,8.6604171911130916304552732776762385
"m003(-2,11)",ABaBBB,6,0,-4,,1.5551378631973608050042627525135006,-0.87287977273602637736415799980289800,1.6565346758983562326465698331649519,-2.7148967692018039564496966667817431,1.1171718370165397805097586505101934,-1.6724862679879474375808201120742848,-301.04752823783053876454762017337126/pi,1.7833599948416893731384352429356196
"m003(-2,11)",ABaBaB,6,1,-3,,3.4507876680969182513161886968671571,0.92773934543977165597480589030623378,11.047235237212750875580787979510022,6.4028629849037418844220937487319098,2.4028502587712768379943181649390288,0.62362307835080308672673897835714589,112.25215410314455561081301610428626/pi,3.5733227986520869030367538435153421
"m003(-2,11)",ABaBab,6,1,-1,,-1.3919771546538955855017170021150427,-7.1900790686239009529852858825603069,-49.759636613985187840851497845347835,20.016851607359258614591623641194294,4.0160590777614560080222939964346491,2.7723619514998406080391878337161452,499.02515126997130944705381006890614/pi,7.3235809145623494052017648428322095
"m003(-2,11)",ABabAb,6,-1,1,,-1.3919771546538955855017170021150427,-7.1900790686239009529852858825603069,-49.759636613985187840851497845347835,20.016851607359258614591623641194294,4.0160590777614560080222939964346491,2.7723619514998406080391878337161452,499.02515126997130944705381006890614/pi,7.3235809145623494052017648428322095
"m003(-2,11)",ABabbb,6,0,2,,-11.151299225861150557088229654570402,0.022928801007028726682069954552933456,124.35094869477587578392336494172843,-0.51137184183920761832614290938348199,4.8068354734861309768245958258519327,-0.0041800836172370229803161106720875152,-0.75241505110266413645689992097575274/pi,11.151322798422038129168631293273675
"m003(-2,11)",AbAbbb,6,-2,4,,1.0549073933026388322527504383876835,-10.080930464053360439893583580005944,-100.51232941263453273199796576930422,-21.268896155799383396399520070322637,4.6509722405543309279501224029493791,-2.9369823221184035351626306197877971,-528.65681798131263632927351156180347/pi,10.135974971828002170621422099231903
"m003(-2,11)",Abbbbb,6,-1,5,,-19.294302676535274498699654201045261,1.9619586849361161606918474432635353,368.42083389236000304331657938702599,-75.709249412029066759664341024240385,5.9246784279753838676610962532301201,-0.20375396510732451948815892492605037,-36.675713719318413507868606486689067/pi,19.393797917250569095140862284913008
"m003(-2,13)",A,1,-1,0,,0.49390783697142855670068104444472034,0.88443529683194357992605518409737497,-0.53828084286041289994558388034978164,0.87365904879889722626392866008627390,0.87910140414371767209944091055291086,2.6879567365812135327083505191741166,483.83221258461843588750309345134099/pi,1.0130008616501781628222850128641712
"m003(-2,13)",B,1,0,-1,,1.5382808428604128999455838803497816,-0.87365904879889722626392866008627390,1.6030278179631484401988136117309699,-2.6878659559179884592590004747684230,1.1105831487837505974227911438917112,-1.6890251406222323436097413449464359,-304.02452531200182184975344209035846/pi,1.7690641834200183167942216546465107
"m003(-2,13)",AB,2,-1,-1,,-0.48131155466976754076118447621870502,0.86187927353666435102701742865263918,-0.51117506949345966253073715027789502,-0.82966490616716351247780632030742334,0.85707761874595054968768759845550219,-2.6976941785494896326714674843508898,-485.58495213890813388086414718316016/pi,0.98716599151850694155911262124582431
"m003(-2,13)",Ab,2,-1,1,,2.0137754185759062146968537884526714,0.067123549286698213125912917919854482,4.0507858655917224765954417471377384,0.27034350712224233032841688202477905,0.40638564068804051068189654858575269,0.32957135499641502288229955488502537,59.322843899354704118813919879304567/pi,2.0148937955459116666964802891222605
"m003(-2,13)",AAB,3,-2,-1,,-2.5382808428604128999455838803497816,0.87365904879889722626392866008627390,5.6795895036839742400899813724305332,-4.4351840535157829117868577949409708,1.7582028082874353441988818211058217,-0.90727183401715941150858572821077252,-163.30893012308869407154543107793905/pi,2.6844272705328341619910754229809619
"m003(-2,13)",AAb,3,-2,1,,-0.60302781796314844019881361173096993,2.6878659559179884592590004747684230,-6.8609808477455257866853004638490424,-3.2417158847493134290481043698392937,2.2358526106963621139380413423245164,-2.7834359532565787441844702253542017,-501.01847158618417395320464056375631/pi,2.7546807339908409015468703103013449
"m003(-2,13)",ABB,3,-1,-2,,-0.48131155466976754076118447621870502,0.86187927353666435102701742865263918,-0.51117506949345966253073715027789502,-0.82966490616716351247780632030742334,0.85707761874595054968768759845550219,-2.6976941785494896326714674843508898,-485.58495213890813388086414718316016/pi,0.98716599151850694155911262124582431
"m003(-2,13)",Abb,3,-1,2,,2.6624874074689199011772749617862765,-2.5405335435470463210305323535214373,0.63452850904285840716735677449590823,-13.528277135892807359934209580612013,2.6151101222851018621486911403237201,-1.6703262611820089582613796229139645,-300.65872701276161248704833212451362/pi,3.6801018845703555084036126930646994
"m003(-2,13)",AAAB,4,-3,-1,,-1.5450601462077996898751658804599817,-2.6753173931919704951060029593225078,-4.7701122989158131036389371173735464,8.2670525653549109276382038118204467,2.3707133133311201432994003083205156,2.2484319959041532250620958760478712,404.71775926274758051117725768861682/pi,3.0894229250323025031338772039506592
"m003(-2,13)",AAAb,4,-3,1,,-4.6888591083464871318136253184649632,0.72709542389174017695154682285156869,21.456731982479505019609720479959408,-6.8184960019036718852957062986874973,3.0242710340147357859795003202618776,-0.33854706673968979606689729677426597,-60.938472013144163292041513419367875/pi,4.7448991025487700757820763583569837
"m003(-2,13)",AABB,4,-2,-2,,-0.60302781796314844019881361173096993,2.6878659559179884592590004747684230,-6.8609808477455257866853004638490424,-3.2417158847493134290481043698392937,2.2358526106963621139380413423245164,-2.7834359532565787441844702253542017,-501.01847158618417395320464056375631/pi,2.7546807339908409015468703103013449
"m003(-2,13)",AAbb,4,-2,2,,3.9589331171220336989273652856846635,3.7878743692073943020652236771006254,1.3251591889472669099799783757683522,29.991882567505773328139308722897916,3.4022880280701681722275638688458107,1.5932435002944454209133338136740004,286.78383005300017576440008646132006/pi,5.4791553785911106863298200717952744
"m003(-2,13)",ABAb,4,-2,0,,-0.63013359133010167761366034180285656,4.3911899108840491980007354551621202,-18.885480490527292345061779069827667,-5.5340725375157501241197554948944699,3.0711172281277056227259234161236666,-2.8815061812250773064394760669755729,-518.67111262051391515910569205560312/pi,4.4361714547988827174713590449989442
"m003(-2,13)",ABBB,4,-1,-3,,0.49390783697142855670068104444472034,0.88443529683194357992605518409737497,-0.53828084286041289994558388034978164,0.87365904879889722626392866008627390,0.87910140414371767209944091055291086,2.6879567365812135327083505191741166,483.83221258461843588750309345134099/pi,1.0130008616501781628222850128641712
"m003(-2,13)",ABaB,4,0,-2,,1.5111750694934596625307371502778950,0.82966490616716351247780632030742334,1.5953062341331944046297076383770255,2.5075378444668960222275510748199504,1.0561664759959608738211865502312907,1.6966884827656786946077365851019347,305.40392689782216502939258531834825/pi,1.7239471996508277272151344523194705
"m003(-2,13)",ABab,4,0,0,,0.091852748469688777668076461453074911,-3.5175308620851519717368067950758463,-12.364586438320076507008234886727370,-0.64618975501894997924830861546164219,2.6609247952365197395232726496939111,-3.0961973997292761535284999938757127,-557.31553195126970763512999889762829/pi,3.5187299261413838061017127378801494
"m003(-2,13)",Abbb,4,-1,3,,-0.13768216440638474216802806559107753,-6.3012838458177385833064576151992178,-39.687221727167963116911331630258565,1.7351487968623484174922587363768163,3.7304871988653732110385066636681226,3.0999458089830081954492412323855985,557.99024561694147518086342182940773/pi,6.3027878342808919774306203520019110
"m003(-2,13)",AAAAB,5,-4,-1,,4.1413086608235613401443974920807516,-3.5615250047168856855229291348546969,4.4659770649886264161275403055351702,-29.498748695547427687057126058400303,3.3889533738240858764780335189701115,-1.4875830974841206372618013173367194,-267.76495754714171470712423712060950/pi,5.4621330799822015710713373364109397
"m003(-2,13)",AAAAb,5,-4,1,,-2.3559052991588852587285516739536936,-6.4757403251253827613242241518690483,-36.384922979850081385181572008065035,30.512461895879543527646907425586714,3.8924368779819677389878853599012592,2.4695593417740065373410104672149344,444.52068151932117672138188409868819/pi,6.8909725392762896047322391367256995
"m003(-2,13)",AAABB,5,-3,-2,,-2.1937721351008133763555870537935868,-0.067660300358225960949557687881216013,4.8080582645002160246788762420535137,0.29686256315685538897816738321235738,0.88665957968299747785141065145982405,0.14786611024857946111362750460741848,26.615899844744303000452950829335326/pi,2.1948152762793835468092518839703169
"m003(-2,13)",AAAbb,5,-3,2,,-4.0572691069686738329449162084291653,7.9128145665414223401840596221481614,-46.151201758107737446491250289674426,-64.208836180000461091362105523639318,4.3852873463873408301774269776634816,-2.2140943422970648326064309046076149,-398.53698161347166986915756282937068/pi,8.8923600338061266324297354425561385
"m003(-2,13)",AABAB,5,-3,-2,,-0.025192564603322031878993136452030653,-3.4926291407372158619061452255000283,-12.197823649415490249905284122510707,0.17597657052693485514448935911540224,2.6481696584479957365210681012236732,3.1290738748334943338242570097107741,563.23329747002898008836626174793934/pi,3.4927199973714004202064049822635868
"m003(-2,13)",AABAb,5,-3,0,,-4.6888591083464871318136253184649632,0.72709542389174017695154682285156869,21.456731982479505019609720479959408,-6.8184960019036718852957062986874973,3.0242710340147357859795003202618776,-0.33854706673968979606689729677426597,-60.938472013144163292041513419367875/pi,4.7448991025487700757820763583569837
"m003(-2,13)",AABBB,5,-2,-3,,3.9589331171220336989273652856846635,3.7878743692073943020652236771006254,1.3251591889472669099799783757683522,29.991882567505773328139308722897916,3.4022880280701681722275638688458107,1.5932435002944454209133338136740004,286.78383005300017576440008646132006/pi,5.4791553785911106863298200717952744
"m003(-2,13)",AABaB,5,-1,-2,,-2.6498911251672588852377783935602611,4.2868481139156542519836049662714515,-11.355143776542000878225169128056885,-22.719361544010189275234147235649260,3.2723190812140145210753007721122085,-2.1009645439272108603981746507010646,-378.17361790689795487167143712619163/pi,5.0397410376945364900377786197641517
"m003(-2,13)",AABab,5,-1,0,,2.6624874074689199011772749617862765,-2.5405335435470463210305323535214373,0.63452850904285840716735677449590823,-13.528277135892807359934209580612013,2.6151101222851018621486911403237201,-1.6703262611820089582613796229139645,-300.65872701276161248704833212451362/pi,3.6801018845703555084036126930646994
"m003(-2,13)",AAbAB,5,-3,0,,-4.6888591083464871318136253184649632,0.72709542389174017695154682285156869,21.456731982479505019609720479959408,-6.8184960019036718852957062986874973,3.0242710340147357859795003202618776,-0.33854706673968979606689729677426597,-60.938472013144163292041513419367875/pi,4.7448991025487700757820763583569837
"m003(-2,13)",AAbAb,5,-3,2,,-1.8886895364711824884683222910876092,4.4878457261624324392274720845293491,-16.573611096658680365072780075247459,-16.952294528599803802782044502307847,3.2245885393577184778215128149532985,-2.4002249575649790667094173385786513,-432.04049236169623200769512094415723/pi,4.8690766503527278831663733312941052
"m003(-2,13)",AAbaB,5,-1,0,,2.6624874074689199011772749617862765,-2.5405335435470463210305323535214373,0.63452850904285840716735677449590823,-13.528277135892807359934209580612013,2.6151101222851018621486911403237201,-1.6703262611820089582613796229139645,-300.65872701276161248704833212451362/pi,3.6801018845703555084036126930646994
"m003(-2,13)",AAbab,5,-1,2,,0.49390783697142855670068104444472034,0.88443529683194357992605518409737497,-0.53828084286041289994558388034978164,0.87365904879889722626392866008627390,0.87910140414371767209944091055291086,2.6879567365812135327083505191741166,483.83221258461843588750309345134099/pi,1.0130008616501781628222850128641712
"m003(-2,13)",AAbbb,5,-2,3,,10.002289508569087126829697955929794,-0.31980911996757225647482476501540318,99.943517540016797436216658913676829,-6.3976468107927210687726093900230531,4.5864168238829853665459087994188898,-0.065240602273084081919620846435815257,-11.743308409155134745531752358446746/pi,10.007400925637268755090431365203734
"m003(-2,13)",ABABB,5,-2,-3,,-2.0494559123538725624763210306276767,0.043994142631733713786122339778850559,4.1983340520963428448285212501079954,-0.18032811145109243703144939994847259,0.48027393899495696716951410287407136,-0.18170524474783556176867205027760690,-32.706944054610401118360969049969242/pi,2.0499280527053005585122905176773178
"m003(-2,13)",ABAbb,5,-2,1,,5.4053612115127578212048727045813702,6.4317461824936490475381018120901978,-12.149429129094958881727630054731727,69.531822674292851948975503294367811,4.2622553342604365624519752199630031,1.7714733187895044287824968444235120,318.86519738211079718084943199623215/pi,8.4015051498495373399694696976546520
"m003(-2,13)",ABBAb,5,-2,-1,,3.4701081866154933614581024359625585,4.6175392753745578145430299974080487,-9.2800181328107287635338395413854524,32.046721682991652117282270713226010,3.5262699987251544070412223628478809,1.9086983157695167589480299661728222,343.56569683851301661064539391110799/pi,5.7760990111356699426711722965200312
"m003(-2,13)",ABBBB,5,-1,-4,,2.0137754185759062146968537884526714,0.067123549286698213125912917919854482,4.0507858655917224765954417471377384,0.27034350712224233032841688202477905,0.40638564068804051068189654858575269,0.32957135499641502288229955488502537,59.322843899354704118813919879304567/pi,2.0148937955459116666964802891222605
"m003(-2,13)",ABBaB,5,0,-3,,1.5111750694934596625307371502778950,0.82966490616716351247780632030742334,1.5953062341331944046297076383770255,2.5075378444668960222275510748199504,1.0561664759959608738211865502312907,1.6966884827656786946077365851019347,305.40392689782216502939258531834825/pi,1.7239471996508277272151344523194705
"m003(-2,13)",ABBab,5,0,-1,,-4.4701081866154933614581024359625585,-4.6175392753745578145430299974080487,-1.3398017595797420406176346694603354,41.281800233740767746368330708042107,3.7242585858569184620406511729337108,1.6514294773702869979934390400507799,297.25730592665165963881902720914038/pi,6.4267827223015289119661062598467254
"m003(-2,13)",ABaBB,5,0,-3,,1.5111750694934596625307371502778950,0.82966490616716351247780632030742334,1.5953062341331944046297076383770255,2.5075378444668960222275510748199504,1.0561664759959608738211865502312907,1.6966884827656786946077365851019347,305.40392689782216502939258531834825/pi,1.7239471996508277272151344523194705
"m003(-2,13)",ABabb,5,0,1,,-4.4701081866154933614581024359625585,-4.6175392753745578145430299974080487,-1.3398017595797420406176346694603354,41.281800233740767746368330708042107,3.7242585858569184620406511729337108,1.6514294773702869979934390400507799,297.25730592665165963881902720914038/pi,6.4267827223015289119661062598467254
"m003(-2,13)",AbAbb,5,-2,3,,3.9939004790931808654260116396174538,-4.0636893465432328447539261023371780,-0.56233006830822711641685738436024634,-32.459941656089745486009200510085003,3.4840429773436899936273980341170270,-1.6494236220082243868336235232196922,-296.89625196148038963005223417954459/pi,5.6977901103945296530511281671884523
"m003(-2,13)",Abbbb,5,-1,4,,-8.3794548943278018214130251357898134,-7.0323234131083131943797944888272216,20.761691739522796994950999629106799,117.85407368493289434462581778418092,4.7820274388971873060704202550180280,1.4129485930187856671321490796229918,254.33074674338142008378683433213852/pi,10.939325249421259793136460500150684
"m003(-2,13)",AAAAAB,6,-5,-1,,6.7404233738273763943289688115956805,4.5789718365007818290335839333183283,24.466324178971088824389965457324246,61.728417589694275162019145034732835,4.1851192582999822329603612362201501,1.2218934070694569434508241459266301,219.94081327250224982114834626679341/pi,8.1486373301249439138664741060159150
"m003(-2,13)",AAAAAb,6,-5,1,,9.2526323345882505373987191395648641,-6.0091601232326110062564786481523410,49.501199732419050747013790730607281,-111.20109851988074574307901478212049,4.7951901959991260355861441655826438,-1.1671428725831926283919785535595815,-210.08571706497467311055613964072467/pi,11.032733591713206420044457461829322
"m003(-2,13)",AAAABB,6,-4,-2,,-0.42065227426162079898178140533488184,-4.6615334180062915283291523371868993,-21.552945471347945219010102322237853,3.9217692676617863499953474798758570,3.1712617297239192343720925520131021,2.9760265183288981317427674208227970,535.68477329920166371369813574810346/pi,4.6804745638696609529528401332930049
"m003(-2,13)",AAAAbb,6,-4,2,,-12.961222625691120825757063241614457,-3.4680652492398220455903989120852222,155.96581537974256338673008275368193,89.900731551640595334228122033631885,5.1834005345369055943488702178655154,0.52852498563916222247813274509484612,95.134497415049200046063894117072302/pi,13.417181839928692767790074606293756
"m003(-2,13)",AAABAB,6,-4,-2,,5.5877367552142854624219049109774583,-0.91765319143063094005005099986512446,30.380714665829849340174056029766529,-10.255208932593254550053042183099393,3.4062258648213282756009897728042684,-0.34744885895229668120038241743934130,-62.540794611413402616068835139081434/pi,5.6625868139319059562643679446630845
"m003(-2,13)",AAABAb,6,-4,0,,-2.3287995257919320213137049438818069,-8.1790642800914435000659591322627456,-61.473785266539035474301241653978131,38.094802033797366974610965825378441,4.3043567355105244024635548294959501,2.6008900985765086573802729169326361,468.16021774377155832844912504787450/pi,8.5041401522550467892242405060998442
"m003(-2,13)",AAABBB,6,-3,-3,,-1.8886895364711824884683222910876092,4.4878457261624324392274720845293491,-16.573611096658680365072780075247459,-16.952294528599803802782044502307847,3.2245885393577184778215128149532985,-2.4002249575649790667094173385786513,-432.04049236169623200769512094415723/pi,4.8690766503527278831663733312941052
"m003(-2,13)",AAABaB,6,-2,-2,,-6.6114168474390547016024999280433101,-1.0560142706576721290201008625533518,42.595666590768313504165872989481788,13.963501080324398628194876552742743,3.7591436938842970470138338062053664,0.33162282948759494245232162134247023,59.692109307767089641417891841644641/pi,6.6952220926892054756846118803201602
"m003(-2,13)",AAABab,6,-2,0,,3.4701081866154933614581024359625585,4.6175392753745578145430299974080487,-9.2800181328107287635338395413854524,32.046721682991652117282270713226010,3.5262699987251544070412223628478809,1.9086983157695167589480299661728222,343.56569683851301661064539391110799/pi,5.7760990111356699426711722965200312
"m003(-2,13)",AAAbAB,6,-4,0,,-2.3287995257919320213137049438818069,-8.1790642800914435000659591322627456,-61.473785266539035474301241653978131,38.094802033797366974610965825378441,4.3043567355105244024635548294959501,2.6008900985765086573802729169326361,468.16021774377155832844912504787450/pi,8.5041401522550467892242405060998442
"m003(-2,13)",AAAbAb,6,-4,2,,-6.9528335962152145643533769253021173,0.27581497733583854268870242523655262,48.265821114936224193848060031385101,-3.8353912815199123892543188280274751,3.8373698961496064984829435412425092,-0.082786407453712585910950611393834837,-14.901553341668265463971110050890271/pi,6.9583021577380327535723693817925623
"m003(-2,13)",AAAbaB,6,-2,0,,3.4701081866154933614581024359625585,4.6175392753745578145430299974080487,-9.2800181328107287635338395413854524,32.046721682991652117282270713226010,3.5262699987251544070412223628478809,1.9086983157695167589480299661728222,343.56569683851301661064539391110799/pi,5.7760990111356699426711722965200312
"m003(-2,13)",AAAbab,6,-2,2,,-2.0494559123538725624763210306276767,0.043994142631733713786122339778850559,4.1983340520963428448285212501079954,-0.18032811145109243703144939994847259,0.48027393899495696716951410287407136,-0.18170524474783556176867205027760690,-32.706944054610401118360969049969242/pi,2.0499280527053005585122905176773178
"m003(-2,13)",AAAbbb,6,-3,3,,5.3607418142938381057030971951498941,14.989705505641154518790729273450502,-195.95371834633034882949248934432155,160.71188217608219315788278936538564,5.5411756698151346849078627832463867,2.4596430901527449097558864786574508,442.73575622749408375605956615834114/pi,15.919447978663303226517876807628948
"m003(-2,13)",AABAAb,6,-4,0,,-0.42065227426162079898178140533488184,-4.6615334180062915283291523371868993,-21.552945471347945219010102322237853,3.9217692676617863499953474798758570,3.1712617297239192343720925520131021,2.9760265183288981317427674208227970,535.68477329920166371369813574810346/pi,4.6804745638696609529528401332930049
"m003(-2,13)",AABABB,6,-3,-3,,-1.5450601462077996898751658804599817,-2.6753173931919704951060029593225078,-4.7701122989158131036389371173735464,8.2670525653549109276382038118204467,2.3707133133311201432994003083205156,2.2484319959041532250620958760478712,404.71775926274758051117725768861682/pi,3.0894229250323025031338772039506592
"m003(-2,13)",AABAbb,6,-3,1,,-5.0324884986098699304067817290925907,7.8902585432461431112850218667034256,-36.930239390628125597826753056905692,-79.415270739888964438129693658244217,4.4824483790010128926793548252461521,-2.0264810857745268617480899454642290,-364.76659543941483511465619018356122/pi,9.3585319558095954201989979222092266
"m003(-2,13)",AABBAB,6,-3,-3,,-1.5450601462077996898751658804599817,-2.6753173931919704951060029593225078,-4.7701122989158131036389371173735464,8.2670525653549109276382038118204467,2.3707133133311201432994003083205156,2.2484319959041532250620958760478712,404.71775926274758051117725768861682/pi,3.0894229250323025031338772039506592
"m003(-2,13)",AABBAb,6,-3,-1,,-1.8886895364711824884683222910876092,4.4878457261624324392274720845293491,-16.573611096658680365072780075247459,-16.952294528599803802782044502307847,3.2245885393577184778215128149532985,-2.4002249575649790667094173385786513,-432.04049236169623200769512094415723/pi,4.8690766503527278831663733312941052
"m003(-2,13)",AABBBB,6,-2,-4,,10.002289508569087126829697955929794,-0.31980911996757225647482476501540318,99.943517540016797436216658913676829,-6.3976468107927210687726093900230531,4.5864168238829853665459087994188898,-0.065240602273084081919620846435815257,-11.743308409155134745531752358446746/pi,10.007400925637268755090431365203734
"m003(-2,13)",AABBaB,6,-1,-3,,0.15027844670804575810752463381709286,8.0475984161863465142595302279492319,-64.741256656660009933047048572745830,2.4187611794292266442280306061864732,4.2012558823443600792926856947897048,3.1053513975631554189941093589583757,558.96325156136797541893968461250762/pi,8.0490014212789138897502671976174652
"m003(-2,13)",AABBab,6,-1,-1,,-0.13768216440638474216802806559107753,-6.3012838458177385833064576151992178,-39.687221727167963116911331630258565,1.7351487968623484174922587363768163,3.7304871988653732110385066636681226,3.0999458089830081954492412323855985,557.99024561694147518086342182940773/pi,6.3027878342808919774306203520019110
"m003(-2,13)",AABaBB,6,-1,-3,,0.15027844670804575810752463381709286,8.0475984161863465142595302279492319,-64.741256656660009933047048572745830,2.4187611794292266442280306061864732,4.2012558823443600792926856947897048,3.1053513975631554189941093589583757,558.96325156136797541893968461250762/pi,8.0490014212789138897502671976174652
"m003(-2,13)",AABaaB,6,0,-2,,-4.4972139599824465988729491660344451,-2.9142153204084970758012950170143515,11.732282468157399525694662343828080,26.211699642671623122846069633606830,3.3317494463512517922683734316751337,1.2161098853128894460960627317196981,218.89977935632010029729129170954566/pi,5.3588790185601874690069680654025543
"m003(-2,13)",AABaab,6,0,0,,6.1002417779455950390717627777654151,0.22634936449050861654229454224592849,37.161715714587577329810843973455122,2.7615716993528716375380992471562534,3.5622376521959250997766425190694711,0.078504067567280573657191009348346627,14.130732162110503258294381682702393/pi,6.1044396781521309071597619742503162
"m003(-2,13)",AABabb,6,-1,1,,2.3574048088392890132900101990802989,-7.0960395700677047212075621259320025,-44.796420147228050886366644055776232,-33.456475612382976088655997217331105,4.0521393720841120722089101939777369,-2.5206262606768212850106404820852399,-453.71272692182783130191528677534318/pi,7.4773748744265363625608231508316368
"m003(-2,13)",AAbABB,6,-3,-1,,-1.8886895364711824884683222910876092,4.4878457261624324392274720845293491,-16.573611096658680365072780075247459,-16.952294528599803802782044502307847,3.2245885393577184778215128149532985,-2.4002249575649790667094173385786513,-432.04049236169623200769512094415723/pi,4.8690766503527278831663733312941052
"m003(-2,13)",AAbAbb,6,-3,3,,5.7043712045572209042962536057775216,7.8265423862867515844572542295986448,-28.714914884961520478317671493510225,89.291006039161406502157994640104951,4.5479060124639167095760081920949436,1.9020350612368521345663574830020636,342.36631102263338422194434694037144/pi,9.6847620809044513787920634847848879
"m003(-2,13)",AAbaBB,6,-1,-1,,-0.13768216440638474216802806559107753,-6.3012838458177385833064576151992178,-39.687221727167963116911331630258565,1.7351487968623484174922587363768163,3.7304871988653732110385066636681226,3.0999458089830081954492412323855985,557.99024561694147518086342182940773/pi,6.3027878342808919774306203520019110
"m003(-2,13)",AAbabb,6,-1,3,,-0.48131155466976754076118447621870502,0.86187927353666435102701742865263918,-0.51117506949345966253073715027789502,-0.82966490616716351247780632030742334,0.85707761874595054968768759845550219,-2.6976941785494896326714674843508898,-485.58495213890813388086414718316016/pi,0.98716599151850694155911262124582431
"m003(-2,13)",AAbbAB,6,-3,1,,-5.0324884986098699304067817290925907,7.8902585432461431112850218667034256,-36.930239390628125597826753056905692,-79.415270739888964438129693658244217,4.4824483790010128926793548252461521,-2.0264810857745268617480899454642290,-364.76659543941483511465619018356122/pi,9.3585319558095954201989979222092266
"m003(-2,13)",AAbbAb,6,-3,3,,5.7043712045572209042962536057775216,7.8265423862867515844572542295986448,-28.714914884961520478317671493510225,89.291006039161406502157994640104951,4.5479060124639167095760081920949436,1.9020350612368521345663574830020636,342.36631102263338422194434694037144/pi,9.6847620809044513787920634847848879
"m003(-2,13)",AAbbaB,6,-1,1,,2.3574048088392890132900101990802989,-7.0960395700677047212075621259320025,-44.796420147228050886366644055776232,-33.456475612382976088655997217331105,4.0521393720841120722089101939777369,-2.5206262606768212850106404820852399,-453.71272692182783130191528677534318/pi,7.4773748744265363625608231508316368
"m003(-2,13)",AAbbab,6,-1,3,,-0.48131155466976754076118447621870502,0.86187927353666435102701742865263918,-0.51117506949345966253073715027789502,-0.82966490616716351247780632030742334,0.85707761874595054968768759845550219,-2.6976941785494896326714674843508898,-485.58495213890813388086414718316016/pi,0.98716599151850694155911262124582431
"m003(-2,13)",AAbbbb,6,-2,4,,11.147993087105405196527791880703597,-13.018421349693216103931228025319993,-45.201544567998236081795841237603488,-290.25854242281078391653683724187923,5.6838336722573739669215025174123000,-1.7320004723733702877726088397056877,-311.76008502720665179906959114702379/pi,17.139342003364599434954980580603618
"m003(-2,13)",ABABAb,6,-3,-1,,-5.4951604104374452172805221682568643,-2.7237530740711352858254698250518104,22.777957127927071996399860528538869,29.934920120885985803455387837906698,3.5959120237135150031784156954455020,0.96474316575998443460972530389396120,173.65376983679719822975055470091302/pi,6.1331573226969313380407883127745839
"m003(-2,13)",ABABBB,6,-2,-4,,-0.60302781796314844019881361173096993,2.6878659559179884592590004747684230,-6.8609808477455257866853004638490424,-3.2417158847493134290481043698392937,2.2358526106963621139380413423245164,-2.7834359532565787441844702253542017,-501.01847158618417395320464056375631/pi,2.7546807339908409015468703103013449
"m003(-2,13)",ABABaB,6,-1,-3,,-3.4561924272582169707046752433521622,0.83599961595277878920658831836807237,11.246370736363851778589899462695765,-5.7787510836935434584072766385868584,2.3854777947145346752205128653461454,-0.56622500999697332419154804471347009,-101.92050179945519835447864804842462/pi,3.5558629686913188238691216836650535
"m003(-2,13)",ABABab,6,-1,-1,,3.4687887095598779866441718115781776,0.91031495441582914174648429438194179,11.203821795336990470036840785915990,6.3153804720422862433075614409835855,2.4097172470794568239870254426627879,0.60893588239457262218014658008326492,109.60845883102307199242638441498769/pi,3.5862471230805019143600480343082693
"m003(-2,13)",ABAbAb,6,-3,1,,-1.0823882343802244030014254412957081,7.9386942241253079020044887324327282,-61.851301694235784815423482552367074,-17.185498449070954973471586311965332,4.1913278210363839448979653752296221,-2.8785595267161231139510225956321707,-518.14071480890216051118406721379073/pi,8.0121426768427722506620541994641584
"m003(-2,13)",ABAbaB,6,-1,-1,,3.4687887095598779866441718115781776,0.91031495441582914174648429438194179,11.203821795336990470036840785915990,6.3153804720422862433075614409835855,2.4097172470794568239870254426627879,0.60893588239457262218014658008326492,109.60845883102307199242638441498769/pi,3.5862471230805019143600480343082693
"m003(-2,13)",ABAbab,6,-1,1,,-1.9363248456537393127085024993442112,0.018687868407533422406446052190551877,3.7490046714703600863556470507069428,-0.072371567819629090444418031327761708,0.073888298306916456487617554288318670,-0.51127659974425058465097160516263228,-92.029787953965105237174888929273810/pi,1.9364150237801798923280748043856584
"m003(-2,13)",ABAbbb,6,-2,2,,14.564250443654269265955876853345427,0.78019929332183358633139843731679921,211.50868004818369062036399692567094,22.726035807802524340480636699929718,5.3505920298772778604532247085271136,0.10805536539877493397215388918317871,19.449965771779488114987700052972169/pi,14.585132907271824640410693931261750
"m003(-2,13)",ABBAbb,6,-2,0,,9.9751837352021338894148512258579073,1.3835148349984884822669102153782941,97.590177252380300786421671630631505,27.601629358975572585110218640961894,4.6000258009792600227870574609824344,0.28115753661733817586454834241796803,50.608356591120871655618701635234246/pi,10.070670476671455980183858113809771
"m003(-2,13)",ABBBAb,6,-2,-2,,10.002289508569087126829697955929794,-0.31980911996757225647482476501540318,99.943517540016797436216658913676829,-6.3976468107927210687726093900230531,4.5864168238829853665459087994188898,-0.065240602273084081919620846435815257,-11.743308409155134745531752358446746/pi,10.007400925637268755090431365203734
"m003(-2,13)",ABBBBB,6,-1,-5,,2.6624874074689199011772749617862765,-2.5405335435470463210305323535214373,0.63452850904285840716735677449590823,-13.528277135892807359934209580612013,2.6151101222851018621486911403237201,-1.6703262611820089582613796229139645,-300.65872701276161248704833212451362/pi,3.6801018845703555084036126930646994
"m003(-2,13)",ABBBaB,6,0,-4,,1.5382808428604128999455838803497816,-0.87365904879889722626392866008627390,1.6030278179631484401988136117309699,-2.6878659559179884592590004747684230,1.1105831487837505974227911438917112,-1.6890251406222323436097413449464359,-304.02452531200182184975344209035846/pi,1.7690641834200183167942216546465107
"m003(-2,13)",ABBBab,6,0,-2,,-11.002289508569087126829697955929794,0.31980911996757225647482476501540318,120.94809655715497168987605482553642,-7.0372650507278655817222589200538594,4.7803643312061727354093457210430568,-0.059101909865011308985783971719325248,-10.638343775702035617441114909478545/pi,11.006936553991025787346270436545257
"m003(-2,13)",ABBaBB,6,0,-4,,3.4464280943907241222775074188967067,2.6438718132862547454728781349895724,4.8878084447161293453256455118159804,18.223828190554990624998120764716870,2.9179132377286432711264729465925537,1.4145403057040067324449225064093347,254.61725502672121184008605115368025/pi,4.3437224560157186330901029169407183
"m003(-2,13)",ABBabb,6,0,0,,-10.513464578062546789360435106207689,-0.50985578619959125600298155529202016,110.27298451145468168336494420051703,10.720701496259267501059002629149841,4.6894509874803272207286252559343004,0.098710355320040797955676466508973407,17.767863957607343632021763971615213/pi,10.525820175021853768619823940186566
"m003(-2,13)",ABaBAb,6,-1,-1,,3.1251593192964951880510154009505501,8.0734780737702320760799593382337987,-55.414427436662963723258410623023100,50.461810482757915274124512928444500,4.3364617027577772263625742941512947,2.4203856679652177397785349486745520,435.66942023373919316013629076141937/pi,8.6572321777017410684749238301320262
"m003(-2,13)",ABaBBB,6,0,-4,,1.5382808428604128999455838803497816,-0.87365904879889722626392866008627390,1.6030278179631484401988136117309699,-2.6878659559179884592590004747684230,1.1105831487837505974227911438917112,-1.6890251406222323436097413449464359,-304.02452531200182184975344209035846/pi,1.7690641834200183167942216546465107
"m003(-2,13)",ABaBaB,6,1,-3,,3.4687887095598779866441718115781776,0.91031495441582914174648429438194179,11.203821795336990470036840785915990,6.3153804720422862433075614409835855,2.4097172470794568239870254426627879,0.60893588239457262218014658008326492,109.60845883102307199242638441498769/pi,3.5862471230805019143600480343082693
"m003(-2,13)",ABaBab,6,1,-1,,-1.5926954553903565141153460887165837,-7.1444752509468695119270289916613051,-48.506847797771238969906350415916087,22.757946526663911944534459649380128,4.0143158168090431291843610248276454,2.7180028530814763093893994828654139,489.24051355466573569009190691577450/pi,7.3198500958020601532559408641621527
"m003(-2,13)",ABabAb,6,-1,1,,-1.5926954553903565141153460887165837,-7.1444752509468695119270289916613051,-48.506847797771238969906350415916087,22.757946526663911944534459649380128,4.0143158168090431291843610248276454,2.7180028530814763093893994828654139,489.24051355466573569009190691577450/pi,7.3198500958020601532559408641621527
"m003(-2,13)",ABabbb,6,0,2,,-11.002289508569087126829697955929794,0.31980911996757225647482476501540318,120.94809655715497168987605482553642,-7.0372650507278655817222589200538594,4.7803643312061727354093457210430568,-0.059101909865011308985783971719325248,-10.638343775702035617441114909478545/pi,11.006936553991025787346270436545257
"m003(-2,13)",AbAbbb,6,-2,4,,0.54267576057316962949928031304283331,-10.010746273807655388197402785536167,-99.920543977440188735259939322408841,-10.865178696087186428755510752517952,4.6297506747249264675892056573263608,-3.0353692829283810460113068702240607,-546.36647092710858828203523664033093/pi,10.025444525788745542805974884829731
"m003(-2,13)",Abbbbb,6,-1,5,,-18.896125757093421648486939313501418,2.8043820510661581561389995309733898,349.19900993954740539326832729116399,-105.98391181576342087890312246430838,5.8944372987672484238144863045399558,-0.29627428508152137098891383223973854,-53.329371314673846778004489803152937/pi,19.103092087833096910778580533958229
"m003(-2,15)",A,1,-1,0,,0.49616504948796659513939039771605802,0.87985232195543107854675923371223707,-0.52796035211696720552913838847504550,0.87310394173023755734670810846087775,0.87505435485363535716122259560122694,2.6854597707159488046953737665207018,483.38275872887078484516727797372633/pi,1.0101088380881338899582961553650883
"m003(-2,15)",B,1,0,-1,,1.5279603521169672055291383884750455,-0.87310394173023755734670810846087775,1.5723523445765283491747030078839998,-2.6681364124816915907355157424247131,1.1056278273228678854611567829933611,-1.6987200871481383754664041882916100,-305.76961568666490758395275389248980/pi,1.7598219599454612070475355699510798
"m003(-2,15)",AB,2,-1,-1,,-0.48628382785933572442878630388287306,0.86232989508824410966371304312908509,-0.50714088672537403340459025755936636,-0.83867416452210146689946721190364736,0.85792087663480567071025467963770432,-2.6931081226050157924783311967812528,-484.75946206890284264609961542062550/pi,0.98999232784927689655337356789863512
"m003(-2,15)",Ab,2,-1,1,,2.0126068820228905336656642811952795,0.048845908120985536730328917928373628,4.0482005388257374543693031810342409,0.19661522168590657750039424417198551,0.35548339875164634624110426859124131,0.27423080538903084618284222333932063,49.361544970025552312911600201077713/pi,2.0131995391182824766607570004725114
"m003(-2,15)",AAB,3,-2,-1,,-2.5279603521169672055291383884750455,0.87310394173023755734670810846087775,5.6282730488104627602329797848340908,-4.4143442959421667054289319593464686,1.7501087097072707143224451912024539,-0.91226576574768886753453923351760207,-164.20783783458399615621706203316837/pi,2.6744894905271583212996800897754433
"m003(-2,15)",AAb,3,-2,1,,-0.57235234457652834917470300788399979,2.6681364124816915907355157424247131,-6.7913647092684224490257212149758681,-3.0542282626678066406070904429299825,2.2216422840293137066945660820356222,-2.7998678207323870308888547211808800,-503.97620773182966555999384981255840/pi,2.7288347553402570458512580694527417
"m003(-2,15)",ABB,3,-1,-2,,-0.48628382785933572442878630388287306,0.86232989508824410966371304312908509,-0.50714088672537403340459025755936636,-0.83867416452210146689946721190364736,0.85792087663480567071025467963770432,-2.6931081226050157924783311967812528,-484.75946206890284264609961542062550/pi,0.98999232784927689655337356789863512
"m003(-2,15)",Abb,3,-1,2,,2.6216660255585861931126963052786162,-2.5624327128310059004655867928335834,0.30707134178168516322066627144758378,-13.435685572017938539985742228046488,2.6110340942958560073252339121453215,-1.6948065368456778893006761244930943,-305.06517663222202007412170240875697/pi,3.6659506485159646602541675660552143
"m003(-2,15)",AAAB,4,-3,-1,,-1.5362042757921856799474820711455914,-2.6533580202529048346045142378987809,-4.6803852066782208605675180001588952,8.1521998718400024310115500544040449,2.3570317952517529730762323273838343,2.2485121131060610933757623508916396,404.73218035909099680763722316049513/pi,3.0659798369530430139839246890275191
"m003(-2,15)",AAAb,4,-3,1,,-4.6441541292101075974889646803070807,0.77140458766634517552478559806388758,20.973102537986608754575140528467973,-7.1650436022045547717184079945717674,3.0078560474381264562939698945264578,-0.36270098404806086491450377430693610,-65.286177128650955684610679375248498/pi,4.7077842573478212429948605084763427
"m003(-2,15)",AABB,4,-2,-2,,-0.57235234457652834917470300788399979,2.6681364124816915907355157424247131,-6.7913647092684224490257212149758681,-3.0542282626678066406070904429299825,2.2216422840293137066945660820356222,-2.7998678207323870308888547211808800,-503.97620773182966555999384981255840/pi,2.7288347553402570458512580694527417
"m003(-2,15)",AAbb,4,-2,2,,3.9829890809745831385991904307096075,3.7034257986896996351353771985003459,2.1488393727623147503964443932754068,29.501409036761296587360825522827029,3.3855976757106752812641402344028416,1.5657627613481347554856447257554849,281.83729704266425598741605063598729/pi,5.4387098346540969004236589475948043
"m003(-2,15)",ABAb,4,-2,0,,-0.59317180996812152129925113879967893,4.3799145187340306149816910627892382,-18.831798395276297748789277987236260,-5.1960836451662376735750786212137429,3.0647398154409934997768233495499834,-2.8961254484905374356812436194726774,-521.30258072829673842262385150508193/pi,4.4198986399642709780722658492483396
"m003(-2,15)",ABBB,4,-1,-3,,0.49616504948796659513939039771605802,0.87985232195543107854675923371223707,-0.52796035211696720552913838847504550,0.87310394173023755734670810846087775,0.87505435485363535716122259560122694,2.6854597707159488046953737665207018,483.38275872887078484516727797372633/pi,1.0101088380881338899582961553650883
"m003(-2,15)",ABaB,4,0,-2,,1.5071408867253740334045902575593664,0.83867416452210146689946721190364736,1.5680992982025018044769843891116468,2.5280002479830044656727686831777576,1.0633457852825250500987599913918099,1.7044412668015363908212419919394488,306.79942802427655034782355854910078/pi,1.7247747698398743802638246506956130
"m003(-2,15)",ABab,4,0,0,,0.065211457851154315770112750324633432,-3.5068105770037930576349829543283604,-12.293467888750603122416194117933045,-0.45736846026852999403983996663776412,2.6553986958968732826867480996765809,-3.1092878871298380509824961429568121,-559.67181968337084917684930573222618/pi,3.5074168496517132507356013749463293
"m003(-2,15)",Abbb,4,-1,3,,-0.24407524046856035234834839750187667,-6.2531284391097321489737324035970412,-39.042042552993129602725138457094782,3.0524676549130026506104268471797195,3.7167707013824945694234644600891030,3.0672676777743387218941800598275405,552.10818199938096994095241076895729/pi,6.2578900596776786715294240740295864
"m003(-2,15)",AAAAB,5,-4,-1,,4.1003126966934955547038413963590453,-3.5412403542119291480822238508855908,4.2721809643668562528242432938751889,-29.040385572837089208635672202819506,3.3729012710205084174748925108021576,-1.4928959603148329083458537548522886,-268.72127285666992350225367587341195/pi,5.4178360492880287130428780095059220
"m003(-2,15)",AAAAb,5,-4,1,,-2.4106367363980547894244874228256077,-6.3715622111713912258708929409250590,-34.785635535955403544327994032504528,30.719043868990752271170595432321378,3.8695679851602767704266352480812924,2.4453944122984482388494936323595119,440.17099421372068299290885382471214/pi,6.8123398686280423225619449395090406
"m003(-2,15)",AAABB,5,-3,-2,,-2.1452634193278813393945140952289281,-0.042079399300913397408598527136823884,4.6003844624608275365405027286237537,0.18054279205508146910275176226450828,0.76565655115739213036545534773498127,0.10732901874717517047648426822630553,19.319223374491530685767168280734995/pi,2.1456760739104770467719709607867555
"m003(-2,15)",AAAbb,5,-3,2,,-3.9039138392535806500012258850891460,7.9043853487315084030452772353731659,-47.238764476925697771725935117904925,-61.716078707412351849169499974455040,4.3688686793433325917014387333208069,-2.2440545639465126767499727900815843,-403.92982151037228181499510221468517/pi,8.8158862858794272023354911958727442
"m003(-2,15)",AABAB,5,-3,-2,,-0.019762443257261741421208187666369932,-3.4843644340873503764209445536826443,-12.140404955369364955734914584137647,0.13771910883254436178896358622892157,2.6440460193002559441989094422246273,3.1317546729582372254478771061378216,563.71584113248270058061787910480789/pi,3.4844204774533681321643502371245479
"m003(-2,15)",AABAb,5,-3,0,,-4.6441541292101075974889646803070807,0.77140458766634517552478559806388758,20.973102537986608754575140528467973,-7.1650436022045547717184079945717674,3.0078560474381264562939698945264578,-0.36270098404806086491450377430693610,-65.286177128650955684610679375248498/pi,4.7077842573478212429948605084763427
"m003(-2,15)",AABBB,5,-2,-3,,3.9829890809745831385991904307096075,3.7034257986896996351353771985003459,2.1488393727623147503964443932754068,29.501409036761296587360825522827029,3.3855976757106752812641402344028416,1.5657627613481347554856447257554849,281.83729704266425598741605063598729/pi,5.4387098346540969004236589475948043
"m003(-2,15)",AABaB,5,-1,-2,,-2.6117848039299553224020922114454312,4.3046149298746810886760590696749055,-11.708289832460570419720623751124776,-22.485455721233404653608190152297244,3.2715472504598096453774676081921982,-2.1170030306501157251951605125024541,-381.06054551702083053512889225044174/pi,5.0349905219910236444259563347520342
"m003(-2,15)",AABab,5,-1,0,,2.6216660255585861931126963052786162,-2.5624327128310059004655867928335834,0.30707134178168516322066627144758378,-13.435685572017938539985742228046488,2.6110340942958560073252339121453215,-1.6948065368456778893006761244930943,-305.06517663222202007412170240875697/pi,3.6659506485159646602541675660552143
"m003(-2,15)",AAbAB,5,-3,0,,-4.6441541292101075974889646803070807,0.77140458766634517552478559806388758,20.973102537986608754575140528467973,-7.1650436022045547717184079945717674,3.0078560474381264562939698945264578,-0.36270098404806086491450377430693610,-65.286177128650955684610679375248498/pi,4.7077842573478212429948605084763427
"m003(-2,15)",AAbAb,5,-3,2,,-1.7784128631829610520279199775265878,4.4621003139450714240329312088273454,-16.747586899774087618120151142060493,-15.870913190265287727294788951631241,3.2009856220132123455126813633811435,-2.4374644586776127778556340899817102,-438.74360256197030001401413619670784/pi,4.8034457968882424258770574581833668
"m003(-2,15)",AAbaB,5,-1,0,,2.6216660255585861931126963052786162,-2.5624327128310059004655867928335834,0.30707134178168516322066627144758378,-13.435685572017938539985742228046488,2.6110340942958560073252339121453215,-1.6948065368456778893006761244930943,-305.06517663222202007412170240875697/pi,3.6659506485159646602541675660552143
"m003(-2,15)",AAbab,5,-1,2,,0.49616504948796659513939039771605802,0.87985232195543107854675923371223707,-0.52796035211696720552913838847504550,0.87310394173023755734670810846087775,0.87505435485363535716122259560122694,2.6854597707159488046953737665207018,483.38275872887078484516727797372633/pi,1.0101088380881338899582961553650883
"m003(-2,15)",AAbbb,5,-2,3,,9.8916774059619180037295626113349134,-0.48701209154412250747513340795560834,97.608101126307318430286801665881925,-9.6347330047145077332680041057431580,4.5652034276421796533056243020890557,-0.10045573954254240933510509185668241,-18.082033117657633680318916534202835/pi,9.9036590551637872886343332122258453
"m003(-2,15)",ABABB,5,-2,-3,,-2.0351012388423412389337286460344119,0.034429777208136090447240896557230393,4.1404516427790301536516873969956466,-0.14013616449868712506274705924695549,0.41017315240574578412435107914373997,-0.16690178664185567570635795511301510,-30.042321595534021627144431920342718/pi,2.0353924589366626442466637776783981
"m003(-2,15)",ABAbb,5,-2,1,,5.4457379752403960283582160688600196,6.3371324339632551354236520443678286,-10.503185390613682023425107037917431,69.020725499522599427790302304092724,4.2507415150516258151247384924784100,1.7499328308874966086705036314050441,314.98790955974938956069065365290794/pi,8.3555556117211270940997582363382089
"m003(-2,15)",ABBAb,5,-2,-1,,3.4901299676999571720037806882689739,4.5420999632118011020348444104039933,-8.4496648843713408317326348717502520,31.705038395788760078927287510775276,3.5087590675174110611984410381965473,1.8886417459993196542907484623155897,339.95551427987753777233472321680614/pi,5.7281479788188039632161497117441056
"m003(-2,15)",ABBBB,5,-1,-4,,2.0126068820228905336656642811952795,0.048845908120985536730328917928373628,4.0482005388257374543693031810342409,0.19661522168590657750039424417198551,0.35548339875164634624110426859124131,0.27423080538903084618284222333932063,49.361544970025552312911600201077713/pi,2.0131995391182824766607570004725114
"m003(-2,15)",ABBaB,5,0,-3,,1.5071408867253740334045902575593664,0.83867416452210146689946721190364736,1.5680992982025018044769843891116468,2.5280002479830044656727686831777576,1.0633457852825250500987599913918099,1.7044412668015363908212419919394488,306.79942802427655034782355854910078/pi,1.7247747698398743802638246506956130
"m003(-2,15)",ABBab,5,0,-1,,-4.4901299676999571720037806882689739,-4.5420999632118011020348444104039933,-0.46940494897142648772507349521230429,40.789238322212362282996976331583263,3.7108414691964095504982932629659141,1.6311910085550226050141733845733081,293.61438153990406890255120922319546/pi,6.3868567545112410608611704101599872
"m003(-2,15)",ABaBB,5,0,-3,,1.5071408867253740334045902575593664,0.83867416452210146689946721190364736,1.5680992982025018044769843891116468,2.5280002479830044656727686831777576,1.0633457852825250500987599913918099,1.7044412668015363908212419919394488,306.79942802427655034782355854910078/pi,1.7247747698398743802638246506956130
"m003(-2,15)",ABabb,5,0,1,,-4.4901299676999571720037806882689739,-4.5420999632118011020348444104039933,-0.46940494897142648772507349521230429,40.789238322212362282996976331583263,3.7108414691964095504982932629659141,1.6311910085550226050141733845733081,293.61438153990406890255120922319546/pi,6.3868567545112410608611704101599872
"m003(-2,15)",AbAbb,5,-2,3,,3.8735870861449936261966435345908940,-4.1560081130256860521632697098987239,-2.2677265215860613793673574672572255,-32.197318713060241129520456177546487,3.4815056133601864689089771772247900,-1.7023309814921214709459428899142731,-306.41957666858186477026972018456916/pi,5.6812921373121261034233012047837456
"m003(-2,15)",Abbbb,5,-1,4,,-8.4542344042601160207106719830779882,-6.7789965642918663222032186696316306,25.519284943494471151904081070440640,114.62245196039483953850863534812510,4.7623310298331471961828785693803893,1.3684449594712021621050346794214470,246.32009270481638917890624229586046/pi,10.836460389853151976754682426023999
"m003(-2,15)",AAAAAB,6,-5,-1,,6.6864046761188907432864412430019151,4.5039879715856659258369601503884525,24.422099844636206808369789852255372,60.230972468787268517570260372604448,4.1632625188838017921133080061004365,1.2145806816639453563928622532543458,218.62452269951016415071520558578225/pi,8.0618803725317662165100413992368938
"m003(-2,15)",AAAAAb,6,-5,1,,9.0541142395802857133401850569454697,-6.0537553973987473118128313228834942,45.329030251836030410008676690885569,-109.62278589304801873162811307432966,4.7696788606447112801215778326061589,-1.1944357466694807918060230108802014,-214.99843440050654252508414195843626/pi,10.891507658488101177617200306782202
"m003(-2,15)",AAAABB,6,-4,-2,,-0.45502872885761593307005204223456200,-4.5765297404199371924820853069612237,-20.737573320862399941818779974680669,4.1649050207247180601762038836192117,3.1387657164001522086931167809088251,2.9597613500978943539587760964120125,532.75704301762098371257969735416225/pi,4.5990950858874352544563496977391885
"m003(-2,15)",AAAAbb,6,-4,2,,-12.874666486936501142328753042044521,-3.2164137071455771276602437905447376,155.41172001433191355267307332490807,82.820507527020711359118353311433276,5.1609886529404302502066265065611964,0.49505063820993653483150838442922707,89.109114877788576269671509197260873/pi,13.270356223001695380149850696222292
"m003(-2,15)",AAABAB,6,-4,-2,,5.5630615909593084444628670345094574,-0.90753371893837364779394900501810814,30.124036813796597045836445073804208,-10.097331948653053554646155882786233,3.3963826007156574550618298620869077,-0.34540951102046204063881190528820474,-62.173711983683167314986142951876854/pi,5.6366010782932675975809219356526817
"m003(-2,15)",AAABAb,6,-4,0,,-2.3898172710064616172999392919099286,-8.0833403174237302501170682612895841,-59.629164098487200507543114650896798,38.635412596004168457222562890756821,4.2867846743709407673946795245998339,2.5814570083849973106611525182529247,464.66226150929951591900745328552645/pi,8.4292121385150073661466743119319485
"m003(-2,15)",AAABBB,6,-3,-3,,-1.7784128631829610520279199775265878,4.4621003139450714240329312088273454,-16.747586899774087618120151142060493,-15.870913190265287727294788951631241,3.2009856220132123455126813633811435,-2.4374644586776127778556340899817102,-438.74360256197030001401413619670784/pi,4.8034457968882424258770574581833668
"m003(-2,15)",AAABaB,6,-2,-2,,-6.5904426643934527267076220846280191,-1.0008596089998719539526205595184025,42.432214555730095600110723077350205,13.192215736441810876157836173855419,3.7497624477430140964755349400208515,0.31571551303950708711289141717199311,56.828792347111275680320455090958760/pi,6.6660073859533675690440415450677331
"m003(-2,15)",AAABab,6,-2,0,,3.4901299676999571720037806882689739,4.5420999632118011020348444104039933,-8.4496648843713408317326348717502520,31.705038395788760078927287510775276,3.5087590675174110611984410381965473,1.8886417459993196542907484623155897,339.95551427987753777233472321680614/pi,5.7281479788188039632161497117441056
"m003(-2,15)",AAAbAB,6,-4,0,,-2.3898172710064616172999392919099286,-8.0833403174237302501170682612895841,-59.629164098487200507543114650896798,38.635412596004168457222562890756821,4.2867846743709407673946795245998339,2.5814570083849973106611525182529247,464.66226150929951591900745328552645/pi,8.4292121385150073661466743119319485
"m003(-2,15)",AAAbAb,6,-4,2,,-6.8565761671195767647958339653005015,0.45258231433598641702789251139837794,46.807805984262468663971466114284946,-6.2063302202718904527625584204618600,3.8114134179072258983928545168833767,-0.13776732646275952609145080644083839,-24.798118763296714696461145159350910/pi,6.8714967428328090488577196889754361
"m003(-2,15)",AAAbaB,6,-2,0,,3.4901299676999571720037806882689739,4.5420999632118011020348444104039933,-8.4496648843713408317326348717502520,31.705038395788760078927287510775276,3.5087590675174110611984410381965473,1.8886417459993196542907484623155897,339.95551427987753777233472321680614/pi,5.7281479788188039632161497117441056
"m003(-2,15)",AAAbab,6,-2,2,,-2.0351012388423412389337286460344119,0.034429777208136090447240896557230393,4.1404516427790301536516873969956466,-0.14013616449868712506274705924695549,0.41017315240574578412435107914373997,-0.16690178664185567570635795511301510,-30.042321595534021627144431920342718/pi,2.0353924589366626442466637776783981
"m003(-2,15)",AAAbbb,6,-3,3,,5.5804785696821235848069336775851907,14.714705394277173293095778632350018,-185.38081377368830208374083126886018,164.23019622389941680188483639331941,5.5181126482557951149178308332471874,2.4219251853190898755004343981192827,435.94653335743617759007819166147088/pi,15.737353522973650914830786816974293
"m003(-2,15)",AABAAb,6,-4,0,,-0.45502872885761593307005204223456200,-4.5765297404199371924820853069612237,-20.737573320862399941818779974680669,4.1649050207247180601762038836192117,3.1387657164001522086931167809088251,2.9597613500978943539587760964120125,532.75704301762098371257969735416225/pi,4.5990950858874352544563496977391885
"m003(-2,15)",AABABB,6,-3,-3,,-1.5362042757921856799474820711455914,-2.6533580202529048346045142378987809,-4.6803852066782208605675180001588952,8.1521998718400024310115500544040449,2.3570317952517529730762323273838343,2.2485121131060610933757623508916396,404.73218035909099680763722316049513/pi,3.0659798369530430139839246890275191
"m003(-2,15)",AABAbb,6,-3,1,,-4.8863627166008829695694025866880771,7.8868629218643214341622310447900139,-38.326066150091060648858693902039458,-77.076145864679446159213246199466439,4.4658463144299067269863798736941133,-2.0527209020064845179629057091606210,-369.48976236116721323332302764891178/pi,9.2778848530505800041810144756384759
"m003(-2,15)",AABBAB,6,-3,-3,,-1.5362042757921856799474820711455914,-2.6533580202529048346045142378987809,-4.6803852066782208605675180001588952,8.1521998718400024310115500544040449,2.3570317952517529730762323273838343,2.2485121131060610933757623508916396,404.73218035909099680763722316049513/pi,3.0659798369530430139839246890275191
"m003(-2,15)",AABBAb,6,-3,-1,,-1.7784128631829610520279199775265878,4.4621003139450714240329312088273454,-16.747586899774087618120151142060493,-15.870913190265287727294788951631241,3.2009856220132123455126813633811435,-2.4374644586776127778556340899817102,-438.74360256197030001401413619670784/pi,4.8034457968882424258770574581833668
"m003(-2,15)",AABBBB,6,-2,-4,,9.8916774059619180037295626113349134,-0.48701209154412250747513340795560834,97.608101126307318430286801665881925,-9.6347330047145077332680041057431580,4.5652034276421796533056243020890557,-0.10045573954254240933510509185668241,-18.082033117657633680318916534202835/pi,9.9036590551637872886343332122258453
"m003(-2,15)",AABBaB,6,-1,-3,,0.25395646209719122305895249133506163,7.9953106561534073371842046804383634,-63.860498603759306849117992325799020,4.0609216152093837560079345596481666,4.1892081807259317279145254754557520,3.0799829397032519810441782024165377,554.39692914658535658795207643497678/pi,7.9993428713264410925268575336136779
"m003(-2,15)",AABBab,6,-1,-1,,-0.24407524046856035234834839750187667,-6.2531284391097321489737324035970412,-39.042042552993129602725138457094782,3.0524676549130026506104268471797195,3.7167707013824945694234644600891030,3.0672676777743387218941800598275405,552.10818199938096994095241076895729/pi,6.2578900596776786715294240740295864
"m003(-2,15)",AABaBB,6,-1,-3,,0.25395646209719122305895249133506163,7.9953106561534073371842046804383634,-63.860498603759306849117992325799020,4.0609216152093837560079345596481666,4.1892081807259317279145254754557520,3.0799829397032519810441782024165377,554.39692914658535658795207643497678/pi,7.9993428713264410925268575336136779
"m003(-2,15)",AABaaB,6,0,-2,,-4.5109494330915503441283288191846530,-2.8303218569594620777886690900394682,12.337942973926521720424208969691928,25.534877552235819007568736269261589,3.3168834819686036563834703489800834,1.1870250457351713505260742016841757,213.66450823233084309469335630315163/pi,5.3253531903425370035618033277407169
"m003(-2,15)",AABaab,6,0,0,,6.0833017776680786933030318270686528,0.16218544447777048705315334761475512,36.980256399779154360364783673769093,1.9732460054070173614161671582136460,3.5555618733453987094005555582595739,0.056442399219388870960795849100351208,10.159631859489996772943252838063217/pi,6.0854633871694650355213649945532728
"m003(-2,15)",AABabb,6,-1,1,,2.2548154694136659057461021875762759,-7.0666124260769907219071165287977527,-44.852818379278562132517473852143955,-31.867814029338468589030884973645609,4.0370146854279303021695719296661710,-2.5440109702084560907199157704910013,-457.92197463752209632958483868838024/pi,7.4176279214781933673596481757741154
"m003(-2,15)",AAbABB,6,-3,-1,,-1.7784128631829610520279199775265878,4.4621003139450714240329312088273454,-16.747586899774087618120151142060493,-15.870913190265287727294788951631241,3.2009856220132123455126813633811435,-2.4374644586776127778556340899817102,-438.74360256197030001401413619670784/pi,4.8034457968882424258770574581833668
"m003(-2,15)",AAbAbb,6,-3,3,,5.8226871570728989568873715839661870,7.5992470600791970344583331856238918,-23.844870150980640973483781784163987,88.496076520294250318444443466684615,4.5239812186435609943841646376110070,1.8548761200826399242683399383352386,333.87770161487518636830118890034295/pi,9.5735177238705730382572611734455082
"m003(-2,15)",AAbaBB,6,-1,-1,,-0.24407524046856035234834839750187667,-6.2531284391097321489737324035970412,-39.042042552993129602725138457094782,3.0524676549130026506104268471797195,3.7167707013824945694234644600891030,3.0672676777743387218941800598275405,552.10818199938096994095241076895729/pi,6.2578900596776786715294240740295864
"m003(-2,15)",AAbabb,6,-1,3,,-0.48628382785933572442878630388287306,0.86232989508824410966371304312908509,-0.50714088672537403340459025755936636,-0.83867416452210146689946721190364736,0.85792087663480567071025467963770432,-2.6931081226050157924783311967812528,-484.75946206890284264609961542062550/pi,0.98999232784927689655337356789863512
"m003(-2,15)",AAbbAB,6,-3,1,,-4.8863627166008829695694025866880771,7.8868629218643214341622310447900139,-38.326066150091060648858693902039458,-77.076145864679446159213246199466439,4.4658463144299067269863798736941133,-2.0527209020064845179629057091606210,-369.48976236116721323332302764891178/pi,9.2778848530505800041810144756384759
"m003(-2,15)",AAbbAb,6,-3,3,,5.8226871570728989568873715839661870,7.5992470600791970344583331856238918,-23.844870150980640973483781784163987,88.496076520294250318444443466684615,4.5239812186435609943841646376110070,1.8548761200826399242683399383352386,333.87770161487518636830118890034295/pi,9.5735177238705730382572611734455082
"m003(-2,15)",AAbbaB,6,-1,1,,2.2548154694136659057461021875762759,-7.0666124260769907219071165287977527,-44.852818379278562132517473852143955,-31.867814029338468589030884973645609,4.0370146854279303021695719296661710,-2.5440109702084560907199157704910013,-457.92197463752209632958483868838024/pi,7.4176279214781933673596481757741154
"m003(-2,15)",AAbbab,6,-1,3,,-0.48628382785933572442878630388287306,0.86232989508824410966371304312908509,-0.50714088672537403340459025755936636,-0.83867416452210146689946721190364736,0.85792087663480567071025467963770432,-2.6931081226050157924783311967812528,-484.75946206890284264609961542062550/pi,0.98999232784927689655337356789863512
"m003(-2,15)",AAbbbb,6,-2,4,,10.705889634468977200354819140341864,-13.084023499039959580561408424098449,-56.575598057999576931210961307445820,-280.15222311104084187053559050068564,5.6567382413534256205301875872470715,-1.7769070153077349300967642427601106,-319.84326275539228741741756369681991/pi,16.905849395663625082815735083387448
"m003(-2,15)",ABABAb,6,-3,-1,,-5.5010882511287357355103141673657345,-2.6902372906467642582687298698904400,23.024595266720169533930078520820241,29.598465504650633457275051026199331,3.5922248363796332918966304539526138,0.95388874409830344152700056993123591,171.69997393769461947486010258762246/pi,6.1236711723191877341711480675163831
"m003(-2,15)",ABABBB,6,-2,-4,,-0.57235234457652834917470300788399979,2.6681364124816915907355157424247131,-6.7913647092684224490257212149758681,-3.0542282626678066406070904429299825,2.2216422840293137066945660820356222,-2.7998678207323870308888547211808800,-503.97620773182966555999384981255840/pi,2.7288347553402570458512580694527417
"m003(-2,15)",ABABaB,6,-1,-3,,-3.4687189258485834604234416985040850,0.84297305156157165488254360172057800,11.321407420881122499087378979041383,-5.8480731558639147823449489242207795,2.3947331986496553450403106747825659,-0.56782494375149377941970866488815105,-102.20848987526888029554755967986719/pi,3.5696798949204365300376045884578765
"m003(-2,15)",ABABab,6,-1,-1,,3.4786001474772143311340457923372700,0.89920916548210353332792867512074416,11.292081862741476237567393610580998,6.2559782713178163547177952473486870,2.4131451517436108524322556363025714,0.60000234193448712812517303016983849,108.00042154820768306253114543057093/pi,3.5929425418889624028128053427727152
"m003(-2,15)",ABAbAb,6,-3,1,,-0.92147874126433291400657049046793404,7.9237421922581808578264466767816730,-61.936567258770382574041851675858764,-14.603119962850308614673260278514587,4.1831077040378997989425113397910650,-2.9169432869099218150233918335740485,-525.04979164378592670421053004332873/pi,7.9771431853749861959043878045126820
"m003(-2,15)",ABAbaB,6,-1,-1,,3.4786001474772143311340457923372700,0.89920916548210353332792867512074416,11.292081862741476237567393610580998,6.2559782713178163547177952473486870,2.4131451517436108524322556363025714,0.60000234193448712812517303016983849,108.00042154820768306253114543057093/pi,3.5929425418889624028128053427727152
"m003(-2,15)",ABAbab,6,-1,1,,-1.9522770933136595218971678150248635,0.011966637727126113066113285936714556,3.8112426486587389702754488956865665,-0.046724385437302690258615900461911288,0.054689753654099437883246810552498663,-0.44113259203088652188920017845233573,-79.403866565559573940056032121420431/pi,1.9523137681980638857756538907474454
"m003(-2,15)",ABAbbb,6,-2,2,,14.447018831513029491503456049928521,0.54827729466388553692472804812002453,208.41574512624815084261836941099259,15.841944801800345178528791349743198,5.3328057241764321787189120962134106,0.076601157922411726600105715781402625,13.788208426034110788019028840652473/pi,14.457418895153313263782264516381826
"m003(-2,15)",ABBAbb,6,-2,0,,9.8708579405703248316050144804192342,1.2247660147082165167710419124089168,95.933784692135987148089473727264313,24.178982683246540517805180992874043,4.5745742642344417360083561199481678,0.25198674300592278926236482519967448,45.357613741066102067225668535941406/pi,9.9465515769891065106810448977356874
"m003(-2,15)",ABBBAb,6,-2,-2,,9.8916774059619180037295626113349134,-0.48701209154412250747513340795560834,97.608101126307318430286801665881925,-9.6347330047145077332680041057431580,4.5652034276421796533056243020890557,-0.10045573954254240933510509185668241,-18.082033117657633680318916534202835/pi,9.9036590551637872886343332122258453
"m003(-2,15)",ABBBBB,6,-1,-5,,2.6216660255585861931126963052786162,-2.5624327128310059004655867928335834,0.30707134178168516322066627144758378,-13.435685572017938539985742228046488,2.6110340942958560073252339121453215,-1.6948065368456778893006761244930943,-305.06517663222202007412170240875697/pi,3.6659506485159646602541675660552143
"m003(-2,15)",ABBBaB,6,0,-4,,1.5279603521169672055291383884750455,-0.87310394173023755734670810846087775,1.5723523445765283491747030078839998,-2.6681364124816915907355157424247131,1.1056278273228678854611567829933611,-1.6987200871481383754664041882916100,-305.76961568666490758395275389248980/pi,1.7598219599454612070475355699510798
"m003(-2,15)",ABBBab,6,0,-2,,-10.891677405961918003729562611334913,0.48701209154412250747513340795560834,118.39145593823115443774592688855175,-10.608757187802752748218270921654375,4.7610238673859385854962066128737990,-0.090909293980495892892892164524873876,-16.363672916489260720720589614477298/pi,10.902560134796391755274602784090184
"m003(-2,15)",ABBaBB,6,0,-4,,3.4627488942658128897590256381504121,2.6337066352735555002882748458674827,5.0542192640551567187438960421404598,18.239729478228077735140848712137196,2.9201830324133292594272562059801602,1.4058314842286908857679394545035028,253.04966716116435943822910181063050/pi,4.3505218704683077266399472939375072
"m003(-2,15)",ABBabb,6,0,0,,-10.398818292687292037134152868894280,-0.35166207297797895942433380394803902,108.01175567075667788042194141576352,7.3137399946554821179454848830920123,4.6658364171214999171647138515701063,0.068892917168529245575469158812104996,12.400725090335264203584448586178899/pi,10.404762760289107941141826875981058
"m003(-2,15)",ABaBAb,6,-1,-1,,3.2363915600864389590536078859562736,8.0146674996800797919653741218468705,-53.760664800229407577165603145964300,51.877204505727384909352841863484698,4.3328369828428047821450667373771380,2.3920858312869629012427030021002684,430.57544963165332222368654037804831/pi,8.6434440740151073211725304963620187
"m003(-2,15)",ABaBBB,6,0,-4,,1.5279603521169672055291383884750455,-0.87310394173023755734670810846087775,1.5723523445765283491747030078839998,-2.6681364124816915907355157424247131,1.1056278273228678854611567829933611,-1.6987200871481383754664041882916100,-305.76961568666490758395275389248980/pi,1.7598219599454612070475355699510798
"m003(-2,15)",ABaBaB,6,1,-3,,3.4786001474772143311340457923372700,0.89920916548210353332792867512074416,11.292081862741476237567393610580998,6.2559782713178163547177952473486870,2.4131451517436108524322556363025714,0.60000234193448712812517303016983849,108.00042154820768306253114543057093/pi,3.5929425418889624028128053427727152
"m003(-2,15)",ABaBab,6,1,-1,,-1.7100685059228841498167299086438671,-7.1034916964708501455713321607894118,-47.535259986880991351892100387525434,24.294914864439040759087802646545600,4.0102603000776397223992953660951216,2.6853486322774304110272259933979470,483.36275380993747398490067881163046/pi,7.3064306317640244792103715414110163
"m003(-2,15)",ABabAb,6,-1,1,,-1.7100685059228841498167299086438671,-7.1034916964708501455713321607894118,-47.535259986880991351892100387525434,24.294914864439040759087802646545600,4.0102603000776397223992953660951216,2.6853486322774304110272259933979470,483.36275380993747398490067881163046/pi,7.3064306317640244792103715414110163
"m003(-2,15)",ABabbb,6,0,2,,-10.891677405961918003729562611334913,0.48701209154412250747513340795560834,118.39145593823115443774592688855175,-10.608757187802752748218270921654375,4.7610238673859385854962066128737990,-0.090909293980495892892892164524873876,-16.363672916489260720720589614477298/pi,10.902560134796391755274602784090184
"m003(-2,15)",AbAbbb,6,-2,4,,0.24185988393053084745055352112295036,-9.9288749950141454823507592737181271,-98.524062463162257623359084134974366,-4.8027931077097425460949127307378925,4.6114388733338310881473831585712559,-3.0938419949412591496230309429273197,-556.89155908942664693214556972691754/pi,9.9318203200658054056829562131711771
"m003(-2,15)",Abbbbb,6,-1,5,,-18.592428358003071247903200085802067,3.2765158444055151355494417276346149,334.94283616883639420783627060393366,-121.83677220194295650040917316976946,5.8708012535608059150211417002771615,-0.35080835806886240545823414548033183,-63.145504452395232982482146186459729/pi,18.878928685868728762848459265066899
"m003(-3,5)",A,1,-1,0,,-0.37908785910353610166272994018839299,-0.90194259367432872783254053436351246,-0.66979283736427281285828400127316953,0.68383097374058368153768624626760642,0.88634364317476482057109902306067746,2.7951809512615774660086770502852876,503.13257122708394388156186905135177/pi,0.97837009725546993095015918952058105
"m003(-3,5)",B,1,0,-1,,1.6697928373642728128582840012731695,-0.68383097374058368153768624626760642,2.3205833190660339877657624917952582,-2.2837121238397255199096388002054170,0.98240832089328502746267792317101998,-1.4653290291360610016004140623176753,-263.75922524449098028807453121718155/pi,1.8043926735497524971649603761696150
"m003(-3,5)",AB,2,-1,-1,,0.39603496879385575572709990078882109,-0.94226390627325199533601331236817344,-0.73101757255777751870767541253072629,-0.74633891343300795727551174648439888,0.92439526494006074159956166419193874,-2.7824684660360653484211722377135378,-500.84432388649176271581100278843681/pi,1.0221080987708091354139402948268421
"m003(-3,5)",Ab,2,-1,1,,-1.6458094427471208060450622709021306,-0.30456135653389250835474145645357866,2.6159311019418235294748538401916489,1.0024999129587056188941534760278768,0.49996844401119247628379984027009751,1.2941680730057881754633664036617084,232.95025314104187158340595265910751/pi,1.6737521745256533369496523738429053
"m003(-3,5)",AAB,3,-2,-1,,-2.6697928373642728128582840012731695,0.68383097374058368153768624626760642,6.6601689937945796134823304943415972,-3.6513740713208928829850112927406299,1.7726872863495296411421980461213549,-0.69282340465643154490793266598843051,-124.70821283815767808342787987791749/pi,2.7559787000426126861417317049396625
"m003(-3,5)",AAb,3,-2,1,,-1.3205833190660339877657624917952582,2.2837121238397255199096388002054170,-3.4714007619770873028599863944464512,-6.0316642725832127391548545968525566,2.0990209633928480557086867701753168,-2.2925964254552693488484249543407419,-412.66735658194848279271649178133354/pi,2.6380449896027194850139647667385212
"m003(-3,5)",ABB,3,-1,-2,,0.39603496879385575572709990078882109,-0.94226390627325199533601331236817344,-0.73101757255777751870767541253072629,-0.74633891343300795727551174648439888,0.92439526494006074159956166419193874,-2.7824684660360653484211722377135378,-500.84432388649176271581100278843681/pi,1.0221080987708091354139402948268421
"m003(-3,5)",Abb,3,-1,2,,-2.5773414490644162499248154007374882,1.5188436958212994775867846529387839,4.3358027727293608506913929824809277,-7.8291576237808429114664434170331808,2.1128856075170225257603017040960754,-1.2887675730243396742235047697591473,-231.97816314438114136023085855664651/pi,2.9915840481927912959243752633188127
"m003(-3,5)",AAAB,4,-3,-1,,1.2328273642629453962535924095128814,3.0910317627547252268593086155534380,-8.0346140482830628846315231472183760,7.6214170818599077033264898152415302,2.5321196407050017340469269537853977,2.4859339177267439031026044277967090,447.46810519081390255846879700340762/pi,3.3278131961445950423032554148785084
"m003(-3,5)",AAAb,4,-3,1,,4.2062037821212174019055077110391907,0.62992416066017375393651065024648065,17.295345808547409317452179025369375,5.2991787740367124614752447529166017,2.7812239733878868097538318269920647,0.33589736812413813697725425248325199,60.461526262344864655905765446985359/pi,4.2531111794678325935098936569961111
"m003(-3,5)",AABB,4,-2,-2,,-1.3205833190660339877657624917952582,2.2837121238397255199096388002054170,-3.4714007619770873028599863944464512,-6.0316642725832127391548545968525566,2.0990209633928480557086867701753168,-2.2925964254552693488484249543407419,-412.66735658194848279271649178133354/pi,2.6380449896027194850139647667385212
"m003(-3,5)",AAbb,4,-2,2,,2.0263653554335670604167667609271171,4.0325509502314390960793040227176927,-12.155310612511075827793605032697121,16.342843079139397355120605140809904,3.0739702013017924162208869167875676,2.2824750518333419313127528388956011,410.84550933000154763629551100120820/pi,4.5130503786146558990375484849136163
"m003(-3,5)",ABAb,4,-2,0,,-1.2593585838725292819163710805377014,3.7138820110133171587228367929574223,-12.206935548954898463475203382445679,-9.3542183801187845906607112133326568,2.8324452087923680526307744281283550,-2.5561288887800296526904378638548586,-460.10319998040533748427881549387455/pi,3.9215945270389369008313510977310274
"m003(-3,5)",ABBB,4,-1,-3,,-0.37908785910353610166272994018839299,-0.90194259367432872783254053436351246,-0.66979283736427281285828400127316953,0.68383097374058368153768624626760642,0.88634364317476482057109902306067746,2.7951809512615774660086770502852876,503.13257122708394388156186905135177/pi,0.97837009725546993095015918952058105
"m003(-3,5)",ABaB,4,0,-2,,1.7310175725577775187076754125307263,0.74633891343300795727551174648439888,2.4394000627994576111159978532580565,2.5838515484724293722187636291834532,1.0806643486697864115169889280355837,1.4366760276983999430988055728640425,258.60168498571198975778500311552766/pi,1.8850579859007476967062810897628171
"m003(-3,5)",ABab,4,0,0,,0.58956574650825646905808707926453189,-3.0300510372727334771851505466898159,-8.8336215190217303548759073687961863,-3.5728286034956319184117419681026884,2.4280741830295214826090860336973509,-2.8183762651729119384685935696106377,-507.30772773112414892434684252991479/pi,3.0868749663589236157973297368041445
"m003(-3,5)",Abbb,4,-1,3,,-1.6191844848694711071985305898968485,4.6031815936678653962207913044595903,-18.567522388240614537536137896861117,-14.906800435007467391687025983910740,3.2343283995013533117807973248561170,-2.5129577959245108347156093482307105,-452.33240326641195024880968268152789/pi,4.8796556415719176807347227548829800
"m003(-3,5)",AAAAB,5,-4,-1,,4.9903761564303068006240464930684277,-2.9675430975803092014473250464730235,16.097542146671585392284996550314623,-29.618312634688220620087774120920666,3.4910822837932904043466319938541981,-1.1272737619485199153728143841595018,-202.90927715073358476710658914871033/pi,5.8060456610902276360406960004514934
"m003(-3,5)",AAAAb,5,-4,1,,0.29421796363246692734899573086814113,-6.3162630740711646159889428229231098,-39.808615010750882716838768049768251,-3.7167161188403273382793113995209734,3.7364791813426779618899434413349264,-3.0528271071642606153832191406278865,-549.50887928956691076897944531301957/pi,6.3231118471049485287355335896047088
"m003(-3,5)",AAABB,5,-3,-2,,2.1643593705802408401333455393482390,1.2676267103995332409177825061610754,3.0775740081001541831351175194714759,5.4871994981020700020491284750806452,1.7498895540391736669932994409453413,1.3879956019304653756591390295364766,249.83920834748376761864502531656578/pi,2.5082521727164592280520591512377513
"m003(-3,5)",AAAbb,5,-3,2,,5.4463004078871524074413083607476462,-4.8752000266820203701168211885766221,5.8946128327913905565070301531072421,-53.103607787699487683556838007910346,3.9752757932639037663390312072339354,-1.4976389100022571573979956528500769,-269.57500380040628833163921751301385/pi,7.3095665694425503887045664310043201
"m003(-3,5)",AABAB,5,-3,-2,,-0.033894219380639308128739921200856200,3.6884129998951614463371076934633718,-13.603241639688201326263837655215583,-0.25003175876969710295130200086716982,2.7434773208853106931880628655883754,-3.1254364652124461371454151771963186,-562.57856373824030468617473189533735/pi,3.6885687299958295797883219588169625
"m003(-3,5)",AABAb,5,-3,0,,4.2062037821212174019055077110391907,0.62992416066017375393651065024648065,17.295345808547409317452179025369375,5.2991787740367124614752447529166017,2.7812239733878868097538318269920647,0.33589736812413813697725425248325199,60.461526262344864655905765446985359/pi,4.2531111794678325935098936569961111
"m003(-3,5)",AABBB,5,-2,-3,,2.0263653554335670604167667609271171,4.0325509502314390960793040227176927,-12.155310612511075827793605032697121,16.342843079139397355120605140809904,3.0739702013017924162208869167875676,2.2824750518333419313127528388956011,410.84550933000154763629551100120820/pi,4.5130503786146558990375484849136163
"m003(-3,5)",AABaB,5,-1,-2,,2.5942885587547359039891853613379163,-3.3630501957688802007553384996704698,-4.5797734931753786391234507782386548,-17.449445290802161293913900455654157,2.9279379815937355839756335958217629,-1.9294998172746580544013438070806145,-347.30996710943844979224188527451061/pi,4.2474038830027488037433731783516369
"m003(-3,5)",AABab,5,-1,0,,-2.5773414490644162499248154007374882,1.5188436958212994775867846529387839,4.3358027727293608506913929824809277,-7.8291576237808429114664434170331808,2.1128856075170225257603017040960754,-1.2887675730243396742235047697591473,-231.97816314438114136023085855664651/pi,2.9915840481927912959243752633188127
"m003(-3,5)",AAbAB,5,-3,0,,4.2062037821212174019055077110391907,0.62992416066017375393651065024648065,17.295345808547409317452179025369375,5.2991787740367124614752447529166017,2.7812239733878868097538318269920647,0.33589736812413813697725425248325199,60.461526262344864655905765446985359/pi,4.2531111794678325935098936569961111
"m003(-3,5)",AAbAb,5,-3,2,,3.2480468179262722591792229001985510,-2.4544137371863921646974960012743258,4.5256613381517106680227849360506380,-15.944101457885581927127201155058521,2.7851123169256131503695880892498675,-1.4148675872860539262883742611674515,-254.67616571148970673190736701014128/pi,4.0711122466385344020916667906137623
"m003(-3,5)",AAbaB,5,-1,0,,-2.5773414490644162499248154007374882,1.5188436958212994775867846529387839,4.3358027727293608506913929824809277,-7.8291576237808429114664434170331808,2.1128856075170225257603017040960754,-1.2887675730243396742235047697591473,-231.97816314438114136023085855664651/pi,2.9915840481927912959243752633188127
"m003(-3,5)",AAbab,5,-1,2,,-0.37908785910353610166272994018839299,-0.90194259367432872783254053436351246,-0.66979283736427281285828400127316953,0.68383097374058368153768624626760642,0.88634364317476482057109902306067746,2.7951809512615774660086770502852876,503.13257122708394388156186905135177/pi,0.97837009725546993095015918952058105
"m003(-3,5)",AAbbb,5,-2,3,,7.4617769184073941034840328875148790,3.0641211750029035377075295503795332,46.289276204976172352234776983732855,45.727577317680018199406671925993887,4.1535589325296166584524614783191906,0.80162156153918395723480153056451933,144.29188107705311230226427550161348/pi,8.0664089504052868078030401283610064
"m003(-3,5)",ABABB,5,-2,-3,,-2.4008104099220503315659594138038958,-0.062507939692424275737825500216792455,5.7599833818654915988817603450533147,0.30013942463270385230912482897803614,1.2499211100279811907094996006752438,0.093827528924677200195772625874768154,16.888955206441896035239072657458268/pi,2.4016240061497293209888910762729126
"m003(-3,5)",ABAbb,5,-2,1,,3.1065924462895834042169636829357547,6.3787710137635888917267683231399022,-31.037803018687065398235452194264371,39.632483695937827011548085885862636,3.9435275496960213551150464612653781,2.2653249962836973828746482189041035,407.75849933106552891743667940273864/pi,7.0950430776263833544530535112762713
"m003(-3,5)",ABBAb,5,-2,-1,,1.7573829279913445791244421734578434,4.7788898636644470533548157692020916,-19.749393573439365938759233687430154,16.796678922309566938075410817504018,3.3131353663495313619276586368374214,2.4827000293590575440617420503524960,446.88600528463035793111356906344927/pi,5.0917760245939951154930369316902369
"m003(-3,5)",ABBBB,5,-1,-4,,-1.6458094427471208060450622709021306,-0.30456135653389250835474145645357866,2.6159311019418235294748538401916489,1.0024999129587056188941534760278768,0.49996844401119247628379984027009751,1.2941680730057881754633664036617084,232.95025314104187158340595265910751/pi,1.6737521745256533369496523738429053
"m003(-3,5)",ABBaB,5,0,-3,,1.7310175725577775187076754125307263,0.74633891343300795727551174648439888,2.4394000627994576111159978532580565,2.5838515484724293722187636291834532,1.0806643486697864115169889280355837,1.4366760276983999430988055728640425,258.60168498571198975778500311552766/pi,1.8850579859007476967062810897628171
"m003(-3,5)",ABBab,5,0,-1,,-2.7573829279913445791244421734578434,-4.7788898636644470533548157692020916,-15.234627717456676780510349340514467,26.354458649638461044785042355908201,3.4500601276660654722790473842157693,2.1490240086048613133567476257149559,386.82432154887503640421457262869206/pi,5.5173316866591334114916551045155339
"m003(-3,5)",ABaBB,5,0,-3,,1.7310175725577775187076754125307263,0.74633891343300795727551174648439888,2.4394000627994576111159978532580565,2.5838515484724293722187636291834532,1.0806643486697864115169889280355837,1.4366760276983999430988055728640425,258.60168498571198975778500311552766/pi,1.8850579859007476967062810897628171
"m003(-3,5)",ABabb,5,0,1,,-2.7573829279913445791244421734578434,-4.7788898636644470533548157692020916,-15.234627717456676780510349340514467,26.354458649638461044785042355908201,3.4500601276660654722790473842157693,2.1490240086048613133567476257149559,386.82432154887503640421457262869206/pi,5.5173316866591334114916551045155339
"m003(-3,5)",AbAbb,5,-2,3,,3.0346011530517767115013067127838661,-1.0309377149209598341095999725549520,8.1459715860567224968698007927312974,-6.2569695568474171621939194544185267,2.1718854513668787137326914201285728,-0.80732888528839845122577822722282482,-145.31919935191172122064008090010847/pi,3.2049394269080379914164222827347674
"m003(-3,5)",Abbbb,5,-1,4,,3.0214369453606418324621117722488493,7.2747644613262964374500247986747018,-43.793116752985833836774056928921551,43.960484224495760284392699025550843,4.1506929342986431827185291314657061,2.3763621697025918089457548041543638,427.74519054646652561023586474778549/pi,7.8772634323454186555994924119923127
"m003(-3,5)",AAAAAB,6,-5,-1,,-5.8011718957973792457574601001400370,-6.4671050170368084317969136468951170,-8.1698519367932991109600353019564306,75.033575744008329151516752508973201,4.3272056109540428197825639909450838,1.7054663450093097020107556138290752,306.98394210167574636193601048923354/pi,8.6877524519274844173934979307482584
"m003(-3,5)",AAAAAb,6,-5,1,,-10.014644939421586256945176051374802,1.4991267723999371651792161572349431,98.045732182956134063077808884111053,-30.026444689532893719684872968780669,4.6113679255654309248118505023558026,-0.30305640524525729007329003829777642,-54.550152944146312213192206893599756/pi,10.126228041201157942504064150553985
"m003(-3,5)",AAAABB,6,-4,-2,,1.6434274819307057524415172403460525,-4.7163819239720227776169902689852992,-19.543404564404939061698314370956894,-15.502063338273677390491331436506611,3.2782474846390882579622386100304464,-2.5165026877966553079739888065031024,-452.97048380339795543531798517055843/pi,4.9945082181467215428013439968645865
"m003(-3,5)",AAAAbb,6,-4,2,,-8.4881422738409611639007996484419960,-7.0966721252343426337868335730972259,21.685804007887881241379407337640862,120.47512533958079878294322861398253,4.8046818093034774050861940333965843,1.4088476951867527639293525109106538,253.59258513361549750728345196391768/pi,11.063964683333191290879803140193915
"m003(-3,5)",AAABAB,6,-4,-2,,6.0706032472863231444242434150770653,-0.62132303404815940579986074605081397,36.466181473324441177291372305808803,-7.5436112562130944160682110628726731,3.5626441003060434622716340728449008,-0.21580847397706686757573660380678284,-38.845525315872036163632588685220912/pi,6.1023164534955135086108344131937921
"m003(-3,5)",AAABAb,6,-4,0,,0.23299322843896222149960431961058436,-7.7464329612447562548021408156751151,-59.952937778560792926173166465881549,-3.6097328490528121584905955783559567,4.1278116003198455729231273361739656,-3.0833625502458353265824325226089650,-555.00525904425035878483785406961369/pi,7.7499360944176574412803848106174888
"m003(-3,5)",AAABBB,6,-3,-3,,3.2480468179262722591792229001985510,-2.4544137371863921646974960012743258,4.5256613381517106680227849360506380,-15.944101457885581927127201155058521,2.7851123169256131503695880892498675,-1.4148675872860539262883742611674515,-254.67616571148970673190736701014128/pi,4.0711122466385344020916667906137623
"m003(-3,5)",AAABaB,6,-2,-2,,-5.7477590844216513797484886665262711,-1.8113467660841378519074907227290682,29.755757385548155744730088940934439,20.822369659595766619463732420115216,3.5464513662699381315920209643478675,0.64442709466815032928889875467838221,115.99687704026705927200177584210880/pi,6.0264178082468763195058065236629641
"m003(-3,5)",AAABab,6,-2,0,,1.7573829279913445791244421734578434,4.7788898636644470533548157692020916,-19.749393573439365938759233687430154,16.796678922309566938075410817504018,3.3131353663495313619276586368374214,2.4827000293590575440617420503524960,446.88600528463035793111356906344927/pi,5.0917760245939951154930369316902369
"m003(-3,5)",AAAbAB,6,-4,0,,0.23299322843896222149960431961058436,-7.7464329612447562548021408156751151,-59.952937778560792926173166465881549,-3.6097328490528121584905955783559567,4.1278116003198455729231273361739656,-3.0833625502458353265824325226089650,-555.00525904425035878483785406961369/pi,7.7499360944176574412803848106174888
"m003(-3,5)",AAAbAb,6,-4,2,,-4.0609665084853437719180734737109831,-3.0016132353104792619697040501627407,7.4817669686486011205479441060702801,24.378901640044387107504652217765739,3.2198250633826825716662768644712016,1.3503006154569503770432475494817419,243.05411078225106786778455890671354/pi,5.0498644533720591952775226489344121
"m003(-3,5)",AAAbaB,6,-2,0,,1.7573829279913445791244421734578434,4.7788898636644470533548157692020916,-19.749393573439365938759233687430154,16.796678922309566938075410817504018,3.3131353663495313619276586368374214,2.4827000293590575440617420503524960,446.88600528463035793111356906344927/pi,5.0917760245939951154930369316902369
"m003(-3,5)",AAAbab,6,-2,2,,-2.4008104099220503315659594138038958,-0.062507939692424275737825500216792455,5.7599833818654915988817603450533147,0.30013942463270385230912482897803614,1.2499211100279811907094996006752438,0.093827528924677200195772625874768154,16.888955206441896035239072657458268/pi,2.4016240061497293209888910762729126
"m003(-3,5)",AAAbbb,6,-3,3,,1.5541768476767816263239641585738804,-12.494847157141132583425060221709564,-153.70573980646330468888382147091086,-38.838404333777603904391720846452303,5.0781130759926645616520298705641614,-2.8971279309439496345569674180691619,-521.48302756991093422025413525244914/pi,12.591134625369247510094603080805065
"m003(-3,5)",AABAAb,6,-4,0,,1.6434274819307057524415172403460525,-4.7163819239720227776169902689852992,-19.543404564404939061698314370956894,-15.502063338273677390491331436506611,3.2782474846390882579622386100304464,-2.5165026877966553079739888065031024,-452.97048380339795543531798517055843/pi,4.9945082181467215428013439968645865
"m003(-3,5)",AABABB,6,-3,-3,,1.2328273642629453962535924095128814,3.0910317627547252268593086155534380,-8.0346140482830628846315231472183760,7.6214170818599077033264898152415302,2.5321196407050017340469269537853977,2.4859339177267439031026044277967090,447.46810519081390255846879700340762/pi,3.3278131961445950423032554148785084
"m003(-3,5)",AABAbb,6,-3,1,,6.2214232357845442648311382017248603,-4.9155213392809436376202939665812831,14.543757041833507249191777151007934,-61.163077352394450030408513546183089,4.1343795469383334915414130595754909,-1.3686150628963979995276957104720542,-246.35071132135163991498522788496976/pi,7.9289631803714507395610716433456255
"m003(-3,5)",AABBAB,6,-3,-3,,1.2328273642629453962535924095128814,3.0910317627547252268593086155534380,-8.0346140482830628846315231472183760,7.6214170818599077033264898152415302,2.5321196407050017340469269537853977,2.4859339177267439031026044277967090,447.46810519081390255846879700340762/pi,3.3278131961445950423032554148785084
"m003(-3,5)",AABBAb,6,-3,-1,,3.2480468179262722591792229001985510,-2.4544137371863921646974960012743258,4.5256613381517106680227849360506380,-15.944101457885581927127201155058521,2.7851123169256131503695880892498675,-1.4148675872860539262883742611674515,-254.67616571148970673190736701014128/pi,4.0711122466385344020916667906137623
"m003(-3,5)",AABBBB,6,-2,-4,,7.4617769184073941034840328875148790,3.0641211750029035377075295503795332,46.289276204976172352234776983732855,45.727577317680018199406671925993887,4.1535589325296166584524614783191906,0.80162156153918395723480153056451933,144.29188107705311230226427550161348/pi,8.0664089504052868078030401283610064
"m003(-3,5)",AABBaB,6,-1,-3,,1.6361315945597907612629005504972766,-6.4473880936154461193893451511912762,-38.891886634977453076070163085694771,-21.097550724705698742839910584886599,3.8286637816494479491808426926310006,-2.6648933347255402811154688002231763,-479.68080025059725060078438404017173/pi,6.6517471257114833401996515057010725
"m003(-3,5)",AABBab,6,-1,-1,,-1.6191844848694711071985305898968485,4.6031815936678653962207913044595903,-18.567522388240614537536137896861117,-14.906800435007467391687025983910740,3.2343283995013533117807973248561170,-2.5129577959245108347156093482307105,-452.33240326641195024880968268152789/pi,4.8796556415719176807347227548829800
"m003(-3,5)",AABaBB,6,-1,-3,,1.6361315945597907612629005504972766,-6.4473880936154461193893451511912762,-38.891886634977453076070163085694771,-21.097550724705698742839910584886599,3.8286637816494479491808426926310006,-2.6648933347255402811154688002231763,-479.68080025059725060078438404017173/pi,6.6517471257114833401996515057010725
"m003(-3,5)",AABaaB,6,0,-2,,-2.6961581927978398732750507622002866,-3.3487199764908554145416177764500863,-3.9446564803580013551414032738631940,18.057357600003219121362067488874214,2.9472249626798550823880337695130599,1.8871982197714034721240445796059800,339.69567955885262498232802432907640/pi,4.2992085878147188504498831987293502
"m003(-3,5)",AABaab,6,0,0,,5.0167415118638738610408132539955448,1.0650078526511298946319789762446693,24.033453670649656034314914421143994,10.685738209711854378323644204583333,3.1971482694118387103650080337224079,0.45287144907095711432621966049482784,81.516860832772280578719538889069012/pi,5.1285414225749213153817714472218773
"m003(-3,5)",AABabb,6,-1,1,,-3.6610288964104476689706927615878002,5.2408841434072248832020631603741851,-14.063734024264980946219707026092573,-38.374056583506333745159879133869009,3.7285206466221966516734361050579114,-1.9668303633481801482238576079359336,-354.02946540267242668029436942846805/pi,6.3929648196255218939251571590326711
"m003(-3,5)",AAbABB,6,-3,-1,,3.2480468179262722591792229001985510,-2.4544137371863921646974960012743258,4.5256613381517106680227849360506380,-15.944101457885581927127201155058521,2.7851123169256131503695880892498675,-1.4148675872860539262883742611674515,-254.67616571148970673190736701014128/pi,4.0711122466385344020916667906137623
"m003(-3,5)",AAbAbb,6,-3,3,,-0.46104260598654523660166633211178917,-6.9494016572000151918682556048817998,-48.081623108559452662989244239451662,6.4079405001654222244818329460098632,3.9213936084315681380266763634806549,3.0142352895588816522008720634496528,542.56235212059869739615697142093750/pi,6.9646782896002585036924001521752096
"m003(-3,5)",AAbaBB,6,-1,-1,,-1.6191844848694711071985305898968485,4.6031815936678653962207913044595903,-18.567522388240614537536137896861117,-14.906800435007467391687025983910740,3.2343283995013533117807973248561170,-2.5129577959245108347156093482307105,-452.33240326641195024880968268152789/pi,4.8796556415719176807347227548829800
"m003(-3,5)",AAbabb,6,-1,3,,0.39603496879385575572709990078882109,-0.94226390627325199533601331236817344,-0.73101757255777751870767541253072629,-0.74633891343300795727551174648439888,0.92439526494006074159956166419193874,-2.7824684660360653484211722377135378,-500.84432388649176271581100278843681/pi,1.0221080987708091354139402948268421
"m003(-3,5)",AAbbAB,6,-3,1,,6.2214232357845442648311382017248603,-4.9155213392809436376202939665812831,14.543757041833507249191777151007934,-61.163077352394450030408513546183089,4.1343795469383334915414130595754909,-1.3686150628963979995276957104720542,-246.35071132135163991498522788496976/pi,7.9289631803714507395610716433456255
"m003(-3,5)",AAbbAb,6,-3,3,,-0.46104260598654523660166633211178917,-6.9494016572000151918682556048817998,-48.081623108559452662989244239451662,6.4079405001654222244818329460098632,3.9213936084315681380266763634806549,3.0142352895588816522008720634496528,542.56235212059869739615697142093750/pi,6.9646782896002585036924001521752096
"m003(-3,5)",AAbbaB,6,-1,1,,-3.6610288964104476689706927615878002,5.2408841434072248832020631603741851,-14.063734024264980946219707026092573,-38.374056583506333745159879133869009,3.7285206466221966516734361050579114,-1.9668303633481801482238576079359336,-354.02946540267242668029436942846805/pi,6.3929648196255218939251571590326711
"m003(-3,5)",AAbbab,6,-1,3,,0.39603496879385575572709990078882109,-0.94226390627325199533601331236817344,-0.73101757255777751870767541253072629,-0.74633891343300795727551174648439888,0.92439526494006074159956166419193874,-2.7824684660360653484211722377135378,-500.84432388649176271581100278843681/pi,1.0221080987708091354139402948268421
"m003(-3,5)",AAbbbb,6,-2,4,,12.528597263694532472883101282526533,-4.0186975353449314164834021201692488,140.81581951526670015568727363076342,-100.69728588987693888493800884918170,5.1445306386169412283525126384779918,-0.62760402424090536088695184897017025,-112.96872436336296495965133281463064/pi,13.157343169365217736362572442793593
"m003(-3,5)",ABABAb,6,-3,-1,,4.6465163764182582094176290624851405,2.9620366415080941205822491773619984,12.816453370686510929345093383159763,27.526303524636593619482645098085750,3.3877737879444289629159281325134539,1.1971588669252833679693996028559585,215.48859604655100623449192851407252/pi,5.5103335200294011151638717413316182
"m003(-3,5)",ABABBB,6,-2,-4,,-1.3205833190660339877657624917952582,2.2837121238397255199096388002054170,-3.4714007619770873028599863944464512,-6.0316642725832127391548545968525566,2.0990209633928480557086867701753168,-2.2925964254552693488484249543407419,-412.66735658194848279271649178133354/pi,2.6380449896027194850139647667385212
"m003(-3,5)",ABABaB,6,-1,-3,,3.0346011530517767115013067127838661,-1.0309377149209598341095999725549520,8.1459715860567224968698007927312974,-6.2569695568474171621939194544185267,2.1718854513668787137326914201285728,-0.80732888528839845122577822722282482,-145.31919935191172122064008090010847/pi,3.2049394269080379914164222827347674
"m003(-3,5)",ABABab,6,-1,-1,,-3.0176540433614570574369367521834380,-0.81326878502662088905895387417673385,8.4448298087170744494196629269144509,4.9083276749504842608760833971112191,2.0882546178515177141319728123544182,0.66573778249414808248999869530023828,119.83280084894665484819976515404289/pi,3.1253227100756213990806956566855024
"m003(-3,5)",ABAbAb,6,-3,1,,2.8077342236292314516671015487526012,-4.7865262180343125313432345283898435,-15.027461765391016094298539940863832,-26.878586949347063846293063279911272,3.4604589288618144969415271802715091,-2.1345894532651211504403122386997235,-384.22610158772180707925620296595024/pi,5.5492526259370011021391550904194006
"m003(-3,5)",ABAbaB,6,-1,-1,,-3.0176540433614570574369367521834380,-0.81326878502662088905895387417673385,8.4448298087170744494196629269144509,4.9083276749504842608760833971112191,2.0882546178515177141319728123544182,0.66573778249414808248999869530023828,119.83280084894665484819976515404289/pi,3.1253227100756213990806956566855024
"m003(-3,5)",ABAbab,6,-1,1,,1.7678795694081920071189743820701285,-0.43355647778052361463180089464501825,2.9374269525054407136367398301748004,-1.5329512785055289065885104262454756,0.74995266601678871442569976040514626,-1.2003405440811109752675937777869403,-216.06129793459997554816688000164925/pi,1.8202662968248211915678740475624633
"m003(-3,5)",ABAbbb,6,-2,2,,10.808725592906995151666562140237254,4.8129600013946171138771947728918089,93.663964967738201109341499914234178,104.04392788942337015247124273223689,4.9320529262387683357002038854095934,0.84862293551425347603937289152745584,152.75212839256562568708712047494205/pi,11.831869375453193645304741316047420
"m003(-3,5)",ABBAbb,6,-2,0,,7.5230016536008988093334242987724357,4.4942910621764951765207275431315385,36.396901728522328648485658377687459,67.621118185035026277543333681984332,4.3290807262981071252943795787384807,1.1003763812075896986196284776387529,198.06774861736614575153312597497551/pi,8.7632303422677066542050027993538480
"m003(-3,5)",ABBBAb,6,-2,-2,,7.4617769184073941034840328875148790,3.0641211750029035377075295503795332,46.289276204976172352234776983732855,45.727577317680018199406671925993887,4.1535589325296166584524614783191906,0.80162156153918395723480153056451933,144.29188107705311230226427550161348/pi,8.0664089504052868078030401283610064
"m003(-3,5)",ABBBBB,6,-1,-5,,-2.5773414490644162499248154007374882,1.5188436958212994775867846529387839,4.3358027727293608506913929824809277,-7.8291576237808429114664434170331808,2.1128856075170225257603017040960754,-1.2887675730243396742235047697591473,-231.97816314438114136023085855664651/pi,2.9915840481927912959243752633188127
"m003(-3,5)",ABBBaB,6,0,-4,,1.6697928373642728128582840012731695,-0.68383097374058368153768624626760642,2.3205833190660339877657624917952582,-2.2837121238397255199096388002054170,0.98240832089328502746267792317101998,-1.4653290291360610016004140623176753,-263.75922524449098028807453121718155/pi,1.8043926735497524971649603761696150
"m003(-3,5)",ABBBab,6,0,-2,,-8.4617769184073941034840328875148790,-3.0641211750029035377075295503795332,62.212830041790960559202842758762613,51.855819667685825274821731026752953,4.3752872598109043355903327962483986,0.71112209253845903109396992526813221,128.00197665692262559691458654826380/pi,8.9994726063249566943892907370455117
"m003(-3,5)",ABBaBB,6,0,-4,,3.0802270908560163438001969220086376,2.3462200635321497956474643004222095,3.9830503447225125406229591554029700,14.453781201603303214053480464320129,2.6847769968461237232946087968709461,1.4356966355995584699301675314607394,258.42539440792052458743015566293310/pi,3.8720211153561808265526703424397379
"m003(-3,5)",ABBabb,6,0,0,,-8.1927944909651716221917083000456053,-3.8104600884359114949830412968639320,52.602275485626251146068134200316082,62.436632841160792718154344693992358,4.3866410630705897432029985705791209,0.88986239255718569934548705212889142,160.17523066029342588218766938320046/pi,9.0355679210967298250013331728908313
"m003(-3,5)",ABaBAb,6,-1,-1,,-1.0024345896981301945113062614977684,-6.3587142849677382806157584910044976,-39.428372251229516482492316579574635,12.748390290518548084389946736840339,3.7687623333605829101593233106094133,2.8427676602325338080985332479048245,511.69817884185608545773598462286841/pi,6.4372449436444496494954563792965160
"m003(-3,5)",ABaBBB,6,0,-4,,1.6697928373642728128582840012731695,-0.68383097374058368153768624626760642,2.3205833190660339877657624917952582,-2.2837121238397255199096388002054170,0.98240832089328502746267792317101998,-1.4653290291360610016004140623176753,-263.75922524449098028807453121718155/pi,1.8043926735497524971649603761696150
"m003(-3,5)",ABaBaB,6,1,-3,,-3.0176540433614570574369367521834380,-0.81326878502662088905895387417673385,8.4448298087170744494196629269144509,4.9083276749504842608760833971112191,2.0882546178515177141319728123544182,0.66573778249414808248999869530023828,119.83280084894665484819976515404289/pi,3.1253227100756213990806956566855024
"m003(-3,5)",ABaBab,6,1,-1,,-0.24733988425513485580665610861554108,5.1118890221605937769250037221827455,-26.070232356542648107210433359344065,-2.5287480781325915254486473672489594,3.3375101962291064568093730653339343,-3.0515228706156958293682287059558390,-549.27411671082524928628116707205102/pi,5.1178693216249020519401044870340014
"m003(-3,5)",ABabAb,6,-1,1,,-0.24733988425513485580665610861554108,5.1118890221605937769250037221827455,-26.070232356542648107210433359344065,-2.5287480781325915254486473672489594,3.3375101962291064568093730653339343,-3.0515228706156958293682287059558390,-549.27411671082524928628116707205102/pi,5.1178693216249020519401044870340014
"m003(-3,5)",ABabbb,6,0,2,,-8.4617769184073941034840328875148790,-3.0641211750029035377075295503795332,62.212830041790960559202842758762613,51.855819667685825274821731026752953,4.3752872598109043355903327962483986,0.71112209253845903109396992526813221,128.00197665692262559691458654826380/pi,8.9994726063249566943892907370455117
"m003(-3,5)",AbAbbb,6,-2,4,,3.7462370262211043816333059032163958,-4.7991065865081094342812928703433649,-8.9971321720355745429744117721203125,-35.957181574316510212333388138754858,3.6276239450926961130710614537340469,-1.8672070278251513716068683241856615,-336.09726500852724688923629835341906/pi,6.0881619463755611877471269535762536
"m003(-3,5)",Abbbbb,6,-1,5,,11.639067520102612566123216896973172,5.4780158289252043912544538836979963,105.45923531555248538731769207929373,127.51799221810267240216140521951675,5.1011486903752518791592966441006387,0.88922092074008317728946245039121447,160.05976573321497191210324107041861/pi,12.863768894047446845819222621401184
"m003(-4,7)",A,1,-1,0,,0.43446635392560623290317431951995168,0.88993045583952142709885196108016260,-0.60321520353732825840168914212213019,0.77328968079189920894483548142113483,0.87927005687284399815827408848707247,2.7433516263911138020823166585830848,493.80329275040048437481699854495527/pi,0.99032178049568743967416322801169444
"m003(-4,7)",B,1,0,-1,,1.6032152035373282584016891421221302,-0.77328968079189920894483548142113483,1.9723220584339995026494083930483992,-2.4794995459682005768878863261825755,1.0412030807106480087938476310550579,-1.5794847475911081416057980213946998,-284.30725456639946548904364385104596/pi,1.7799651455218088756845158540684105
"m003(-4,7)",AB,2,-1,-1,,-0.44299975682804268590882473899350962,0.90740968079264153270031580354433588,-0.62714354424649864739684411281884572,-0.80396453586910406976982822275865169,0.89603490395441602303280244144047321,-2.7368578220458782198294148353067207,-492.63440796825807956929467035520973/pi,1.0097728028353252058234587324489044
"m003(-4,7)",Ab,2,-1,1,,1.8277168589901372584893789359603135,0.18337200795823177976915558768270506,3.3069236233341394639571425236815503,0.67030422082426768199777041424234876,0.40847195578843257745638692725577337,0.92417152980883349549507278810669177,166.35087536559002918911310185920452/pi,1.8368925417507163209553780979413502
"m003(-4,7)",AAB,3,-2,-1,,-2.6032152035373282584016891421221302,0.77328968079189920894483548142113483,6.1787524655086560194527866772926596,-4.0260789075519989947775572890248452,1.7585401137456879963165481769741449,-0.79648205439735887276065344939283614,-143.36676979152459709691762089071051/pi,2.7156410525596218354528392696346580
"m003(-4,7)",AAb,3,-2,1,,-0.97232205843399950264940839304839922,2.4794995459682005768878863261825755,-5.2025078131391828622994616699263523,-4.8217442048439359144920996837216022,2.1547025021971717605435529782574178,-2.5391724293335787726216043559873890,-457.05103728004417907188878407773002/pi,2.6633302806399815250504329750205656
"m003(-4,7)",ABB,3,-1,-2,,-0.44299975682804268590882473899350962,0.90740968079264153270031580354433588,-0.62714354424649864739684411281884572,-0.80396453586910406976982822275865169,0.89603490395441602303280244144047321,-2.7368578220458782198294148353067207,-492.63440796825807956929467035520973/pi,1.0097728028353252058234587324489044
"m003(-4,7)",Abb,3,-1,2,,2.6375567836690636180445855352218544,-2.0093002512441721856821347628472883,2.9194182874288021884953976480165316,-10.599287016194040466802341193517093,2.3731294098135094005186055723472649,-1.4857521507130453079435595529506972,-267.43538712834815542984071953112550/pi,3.3157191206024356378783129560702643
"m003(-4,7)",AAAB,4,-3,-1,,-1.3761836992596581195749037774932459,-2.8881218253830362722686391558515394,-6.4473661041458443165467416887816387,7.9491723551363664626080495108709043,2.4505892739797803827192876881714254,2.3791419169409002146021422223835929,428.24554504936203862838560002904672/pi,3.1992388551594328566542852086362829
"m003(-4,7)",AAAb,4,-3,1,,-4.4567402397567644235283140517086100,0.028588106653777446113811410540084713,19.861716284825134282849996766491762,-0.25481953060469609499537867049402276,2.8796141289868478382977452552810034,-0.014355516836015770415717316385926182,-2.5839930304828386748291169494667128/pi,4.4568319291296177159934910378085189
"m003(-4,7)",AABB,4,-2,-2,,-0.97232205843399950264940839304839922,2.4794995459682005768878863261825755,-5.2025078131391828622994616699263523,-4.8217442048439359144920996837216022,2.1547025021971717605435529782574178,-2.5391724293335787726216043559873890,-457.05103728004417907188878407773002/pi,2.6633302806399815250504329750205656
"m003(-4,7)",AAbb,4,-2,2,,2.9617451091466386087045782434519968,3.9537683026615723286554849631835760,-6.8603496995773363642102416393220204,23.420107866213837219375355845605667,3.2216740690620446558070244051176654,1.9314246492298915230319032061480981,347.65643686138047414574257710665766/pi,4.9400625383374859513392609999488365
"m003(-4,7)",ABAb,4,-2,0,,-0.94839371772482911365425342235168369,4.0567537626292038556025500303623620,-15.557800446786280016854873760667588,-7.6947995656681991428914342187292525,2.9514996660584345498155288232761112,-2.7265364444662359794861027473707937,-490.77656000392247630749849452674287/pi,4.1661375078633837269204768249016959
"m003(-4,7)",ABBB,4,-1,-3,,0.43446635392560623290317431951995168,0.88993045583952142709885196108016260,-0.60321520353732825840168914212213019,0.77328968079189920894483548142113483,0.87927005687284399815827408848707247,2.7433516263911138020823166585830848,493.80329275040048437481699854495527/pi,0.99032178049568743967416322801169444
"m003(-4,7)",ABaB,4,0,-2,,1.6271435442464986473968441128188457,0.80396453586910406976982822275865169,2.0012371386478333771002192990931085,2.6163314086850905736737345478519598,1.0834200273751161246404214472176227,1.5704206626189081580353082634012410,282.67571927140346844635548741222338/pi,1.8149256426967693339256500457595647
"m003(-4,7)",ABab,4,0,0,,0.34517851418750085525256428022955350,-3.2834640818373046466577145489412272,-10.661988170059003296796308880715196,-2.2667625063132550624683506185446761,2.5486670815020114123959323168457999,-2.9623151196234839751162297047752772,-533.21672153222711552092134685954990/pi,3.3015579024715566474114033699892183
"m003(-4,7)",Abbb,4,-1,3,,0.84708312688143265691438673890649957,-5.4443081625382206592435562533159614,-28.922941544833071162911137594698142,-9.2235631640579661185531182999044231,3.4733098031299506630324403481812804,-2.8511911462650890323611526510529719,-513.21440632771602582500747718953494/pi,5.5098131721980847794466599751400313
"m003(-4,7)",AAAAB,5,-4,-1,,4.5755372619713277610510975351705294,-3.2527892267600997858327218076037103,10.354903481961506983948558661144431,-29.766516624759478709911514129528441,3.4321930916940022590210977398411874,-1.2976989476310230961450551527758279,-233.58581057358415730610992749964903/pi,5.6139272340683792223575627172133810
"m003(-4,7)",AAAAb,5,-4,1,,-0.98942305071263910605516985040359758,-6.4332678486297729055433712893661515,-40.407977238932041057711423144579819,12.730447001685612955342142883223439,3.7900517216015641296095370384471425,2.8496803538819872123245735228335238,512.94246369875769821842323411003428/pi,6.5089087553517795714631201459557679
"m003(-4,7)",AAABB,5,-3,-2,,-2.1860236239385844791301103767547869,-0.69544956618063230681734880532154611,4.2950491853167521422040482067015966,3.0405383618574045532292368666363451,1.3615731859614419248546230908525779,0.98617666363624949267514703816930396,177.51179945452490868152646687047471/pi,2.2939811210030503413188532588576826
"m003(-4,7)",AAAbb,5,-3,2,,-4.8693570127125908475395264710951579,6.3628267250315195324562196249362087,-16.774926215522045647129853670582683,-61.965749868414635290236029336342751,4.1706950595773300279260721979882416,-1.8648605354974552319688867562005610,-335.67489638954194175439961611610098/pi,8.0122532192903525892468167856866284
"m003(-4,7)",AABAB,5,-3,-2,,0.017066805804872906011300838947115876,-3.5946802732643259195983355292489970,-12.921434991135307623194133019763904,-0.12269942030881944329997096535006746,2.6983115749913477556912170572553414,-3.1332949426518446230300046796118263,-563.99308967733203214540084233012874/pi,3.5947207878854889041000218311253761
"m003(-4,7)",AABAb,5,-3,0,,-4.4567402397567644235283140517086100,0.028588106653777446113811410540084713,19.861716284825134282849996766491762,-0.25481953060469609499537867049402276,2.8796141289868478382977452552810034,-0.014355516836015770415717316385926182,-2.5839930304828386748291169494667128/pi,4.4568319291296177159934910378085189
"m003(-4,7)",AABBB,5,-2,-3,,2.9617451091466386087045782434519968,3.9537683026615723286554849631835760,-6.8603496995773363642102416393220204,23.420107866213837219375355845605667,3.2216740690620446558070244051176654,1.9314246492298915230319032061480981,347.65643686138047414574257710665766/pi,4.9400625383374859513392609999488365
"m003(-4,7)",AABaB,5,-1,-2,,-2.6460901865715000710502359546954123,3.8066403878763351454813025274717867,-7.4887177671412992295059803194661293,-20.145427548332598124477960306739065,3.1044463939923965395052635871938054,-2.0094361498304690012825233475006178,-361.69850696948442023085420255011120/pi,4.6359793267530099437300110705181118
"m003(-4,7)",AABab,5,-1,0,,2.6375567836690636180445855352218544,-2.0093002512441721856821347628472883,2.9194182874288021884953976480165316,-10.599287016194040466802341193517093,2.3731294098135094005186055723472649,-1.4857521507130453079435595529506972,-267.43538712834815542984071953112550/pi,3.3157191206024356378783129560702643
"m003(-4,7)",AAbAB,5,-3,0,,-4.4567402397567644235283140517086100,0.028588106653777446113811410540084713,19.861716284825134282849996766491762,-0.25481953060469609499537867049402276,2.8796141289868478382977452552810034,-0.014355516836015770415717316385926182,-2.5839930304828386748291169494667128/pi,4.4568319291296177159934910378085189
"m003(-4,7)",AAbAb,5,-3,2,,-2.6662665829691334623981152553932551,3.4635960179478259196752329010087578,-4.8875198840861373967720549545521567,-18.469740639118494540811181718398235,2.9831794232648993984945524726963000,-1.9260566522540692910687698016713911,-346.69019740573247239237856430085040/pi,4.3709809959552484313533589118003415
"m003(-4,7)",AAbaB,5,-1,0,,2.6375567836690636180445855352218544,-2.0093002512441721856821347628472883,2.9194182874288021884953976480165316,-10.599287016194040466802341193517093,2.3731294098135094005186055723472649,-1.4857521507130453079435595529506972,-267.43538712834815542984071953112550/pi,3.3157191206024356378783129560702643
"m003(-4,7)",AAbab,5,-1,2,,0.43446635392560623290317431951995168,0.88993045583952142709885196108016260,-0.60321520353732825840168914212213019,0.77328968079189920894483548142113483,0.87927005687284399815827408848707247,2.7433516263911138020823166585830848,493.80329275040048437481699854495527/pi,0.99032178049568743967416322801169444
"m003(-4,7)",AAbbb,5,-2,3,,8.7780450751105106233505592050968817,1.5689549780838361286593778761178918,74.592455617417839384287537788761465,27.544715036877873717845052009557083,4.3519923292906425872411134762501397,0.36277047663386364039408165423345837,65.298685794095455270934697762022507/pi,8.9171573421088595703437382453285952
"m003(-4,7)",ABABB,5,-2,-3,,-2.2303587477838269057985332549409759,-0.030674855077204860824992741337516866,4.9735591970818328797496276921415077,0.13683186271688999678584822166938429,0.95310123017300934739823616359680453,0.062005133827415997180074250062612198,11.160924088934879492413365011270196/pi,2.2305696784789862110679441446447877
"m003(-4,7)",ABAbb,5,-2,1,,4.2197817984964660118537031053445735,6.4639427037069777663683640307036683,-23.975996849884604473161572828184354,54.552855535253479518144330446519779,4.1015188921978556243415743932724023,2.0149797915189261621868988004059780,362.69636247340670919364178407307605/pi,7.7193985325107255432719847855629644
"m003(-4,7)",ABBAb,5,-2,-1,,2.5888886533931372561014223562708425,4.7577328385306763984253131859422277,-15.933677303165435726621373897473964,24.634481123095982707403564082297895,3.4171037162753006367489303601361264,2.1990382252787690673681434378106506,395.82688055017843212626581880591711/pi,5.4164902125362415234632239885138877
"m003(-4,7)",ABBBB,5,-1,-4,,1.8277168589901372584893789359603135,0.18337200795823177976915558768270506,3.3069236233341394639571425236815503,0.67030422082426768199777041424234876,0.40847195578843257745638692725577337,0.92417152980883349549507278810669177,166.35087536559002918911310185920452/pi,1.8368925417507163209553780979413502
"m003(-4,7)",ABBaB,5,0,-3,,1.6271435442464986473968441128188457,0.80396453586910406976982822275865169,2.0012371386478333771002192990931085,2.6163314086850905736737345478519598,1.0834200273751161246404214472176227,1.5704206626189081580353082634012410,282.67571927140346844635548741222338/pi,1.8149256426967693339256500457595647
"m003(-4,7)",ABBab,5,0,-1,,-3.5888886533931372561014223562708425,-4.7577328385306763984253131859422277,-9.7558999963791612144185291849322793,34.149946800157335504254190454182351,3.5873608727774091815802905053836294,1.9018627216335890171608249137081792,342.33528989404602308894848446747226/pi,5.9595422248094839203582575051663412
"m003(-4,7)",ABaBB,5,0,-3,,1.6271435442464986473968441128188457,0.80396453586910406976982822275865169,2.0012371386478333771002192990931085,2.6163314086850905736737345478519598,1.0834200273751161246404214472176227,1.5704206626189081580353082634012410,282.67571927140346844635548741222338/pi,1.8149256426967693339256500457595647
"m003(-4,7)",ABabb,5,0,1,,-3.5888886533931372561014223562708425,-4.7577328385306763984253131859422277,-9.7558999963791612144185291849322793,34.149946800157335504254190454182351,3.5873608727774091815802905053836294,1.9018627216335890171608249137081792,342.33528989404602308894848446747226/pi,5.9595422248094839203582575051663412
"m003(-4,7)",AbAbb,5,-2,3,,3.5859412181800451088474477067039090,-2.4154881796549410608210998284032010,7.0243912741898450557240135206349454,-17.323597250902677999169447966423829,2.8950436734731194186114526506768760,-1.2901415519380994829025281377774191,-232.22547934885790692245506479993544/pi,4.3236046958869085190749207777508963
"m003(-4,7)",Abbbb,5,-1,4,,-5.4895275571347230712918667600878318,-7.3741380084698257822593796763958484,-24.242998567417808106556277193215137,80.961067615219349110666182328988676,4.4440340608299664591954457850439458,1.8841723335704988690866541175978518,339.15102004268979643559774116761332/pi,9.1930856717698899433372505529725619
"m003(-4,7)",AAAAAB,6,-5,-1,,6.2588568900395923230007417292482496,5.5468043112009432130528474710161158,8.4062515032387073853143334254851592,69.433308761722676942851053633352146,4.2448072334184887931957236426811722,1.4788296015747337321017120154488181,266.18932828345207177830816278078726/pi,8.3630333992369926173273332138938202
"m003(-4,7)",AAAAAb,6,-5,1,,9.7520302034925250509653644228501616,-3.7041442392136125916720113097716323,81.381408544931066732054166762313607,-72.245852997807981585856612261373268,4.6759496421071170291464641501582957,-0.73845942904021424171099177269344835,-132.92269722723856350797851908482070/pi,10.431815644207380852434348335840502
"m003(-4,7)",AAAABB,6,-4,-2,,0.64147009439068964969711089867013339,-4.7270579834534715376003204446047108,-21.933593296933600504174691275690053,-6.0645326616723229190083406635966864,3.2049530700364099889568895651977144,-2.8926414007963009936698883674641018,-520.67545214333417886057990614353833/pi,4.7703837435712445084124733265565473
"m003(-4,7)",AAAAbb,6,-4,2,,-10.739790184257149232055137448548879,-5.5227232807454084573148628393014678,84.842620766178883771364940007467894,118.62577856183595600687491592380578,4.9746046974933813208128286043440830,0.96122169977915568315753077287599553,173.01990596024802296835553911767920/pi,12.076570938704146043466361952151358
"m003(-4,7)",AAABAB,6,-4,-2,,5.8335739513211551642002223970631061,-0.74261482571469434811984274008361796,33.479108266161449339292430685176821,-8.6641970063082809868175252716955107,3.4850289142119168238876233575927548,-0.26906718252912930344529193690786707,-48.432092855243274620152548643416072/pi,5.8806514796325059092950173594339159
"m003(-4,7)",AAABAb,6,-4,0,,-1.0133513914218094950503248211003131,-8.0105220652907761842580349935459380,-63.141582716013884946765108932973134,16.234947361755030266474678967864460,4.2064974680324603367323688582218071,2.8972388204499570907679003982464491,521.50298768099227633822207168436084/pi,8.0743634300796071897459559371356176
"m003(-4,7)",AAABBB,6,-3,-3,,-2.6662665829691334623981152553932551,3.4635960179478259196752329010087578,-4.8875198840861373967720549545521567,-18.469740639118494540811181718398235,2.9831794232648993984945524726963000,-1.9260566522540692910687698016713911,-346.69019740573247239237856430085040/pi,4.3709809959552484313533589118003415
"m003(-4,7)",AAABaB,6,-2,-2,,-6.1644259153644650171525198914413719,-1.5049436117705766125925913783385173,35.735291591407954397416387604033203,18.554226803121481608872448142273043,3.6503239929509189551181564872481160,0.50340937928955777267726775789969867,90.613688272120399081908196421945761/pi,6.3454709943885245404749527313250387
"m003(-4,7)",AAABab,6,-2,0,,2.5888886533931372561014223562708425,4.7577328385306763984253131859422277,-15.933677303165435726621373897473964,24.634481123095982707403564082297895,3.4171037162753006367489303601361264,2.1990382252787690673681434378106506,395.82688055017843212626581880591711/pi,5.4164902125362415234632239885138877
"m003(-4,7)",AAAbAB,6,-4,0,,-1.0133513914218094950503248211003131,-8.0105220652907761842580349935459380,-63.141582716013884946765108932973134,16.234947361755030266474678967864460,4.2064974680324603367323688582218071,2.8972388204499570907679003982464491,521.50298768099227633822207168436084/pi,8.0743634300796071897459559371356176
"m003(-4,7)",AAAbAb,6,-4,2,,-5.5476863273266837175520259501559058,-1.5382801230066312678343851347803750,28.410517849570131891340639009740072,17.067791212004594968231374754812754,3.4478442399019026875144268576866091,0.57465751787179350117621399613273805,103.43835321692283021171851930389285/pi,5.7570069761330605095416439437196263
"m003(-4,7)",AAAbaB,6,-2,0,,2.5888886533931372561014223562708425,4.7577328385306763984253131859422277,-15.933677303165435726621373897473964,24.634481123095982707403564082297895,3.4171037162753006367489303601361264,2.1990382252787690673681434378106506,395.82688055017843212626581880591711/pi,5.4164902125362415234632239885138877
"m003(-4,7)",AAAbab,6,-2,2,,-2.2303587477838269057985332549409759,-0.030674855077204860824992741337516866,4.9735591970818328797496276921415077,0.13683186271688999678584822166938429,0.95310123017300934739823616359680453,0.062005133827415997180074250062612198,11.160924088934879492413365011270196/pi,2.2305696784789862110679441446447877
"m003(-4,7)",AAAbbb,6,-3,3,,1.5704212926586205634297201664395262,13.937815966412697200086218731478935,-191.79649087715313562838879176678044,43.776485933623577493885324897686818,5.2916690464521393264228712249465365,2.9194213664072260809840244676457946,525.49584595330069457712440417624303/pi,14.026009302364813460386778994129591
"m003(-4,7)",AABAAb,6,-4,0,,0.64147009439068964969711089867013339,-4.7270579834534715376003204446047108,-21.933593296933600504174691275690053,-6.0645326616723229190083406635966864,3.2049530700364099889568895651977144,-2.8926414007963009936698883674641018,-520.67545214333417886057990614353833/pi,4.7703837435712445084124733265565473
"m003(-4,7)",AABABB,6,-3,-3,,-1.3761836992596581195749037774932459,-2.8881218253830362722686391558515394,-6.4473661041458443165467416887816387,7.9491723551363664626080495108709043,2.4505892739797803827192876881714254,2.3791419169409002146021422223835929,428.24554504936203862838560002904672/pi,3.1992388551594328566542852086362829
"m003(-4,7)",AABAbb,6,-3,1,,-5.7468231234662397663515255296086192,6.3803059499846396380576834674003819,-7.6823280030031268131312964417747824,-73.332979536321921844368665349694090,4.3038280660933696039386117080000863,-1.7020220050122101406788758019144502,-306.36396090219782532219764434460104/pi,8.5868667177158201744438415509301515
"m003(-4,7)",AABBAB,6,-3,-3,,-1.3761836992596581195749037774932459,-2.8881218253830362722686391558515394,-6.4473661041458443165467416887816387,7.9491723551363664626080495108709043,2.4505892739797803827192876881714254,2.3791419169409002146021422223835929,428.24554504936203862838560002904672/pi,3.1992388551594328566542852086362829
"m003(-4,7)",AABBAb,6,-3,-1,,-2.6662665829691334623981152553932551,3.4635960179478259196752329010087578,-4.8875198840861373967720549545521567,-18.469740639118494540811181718398235,2.9831794232648993984945524726963000,-1.9260566522540692910687698016713911,-346.69019740573247239237856430085040/pi,4.3709809959552484313533589118003415
"m003(-4,7)",AABBBB,6,-2,-4,,8.7780450751105106233505592050968817,1.5689549780838361286593778761178918,74.592455617417839384287537788761465,27.544715036877873717845052009557083,4.3519923292906425872411134762501397,0.36277047663386364039408165423345837,65.298685794095455270934697762022507/pi,8.9171573421088595703437382453285952
"m003(-4,7)",AABBaB,6,-1,-3,,-0.85561652978386910992003715838005751,7.2416482991703836190427240179404598,-51.709390442837919315410789259832882,-12.392147975302843236696866793477724,4.0092248176446688395813086566930292,-2.9146906048869992595015047070612582,-524.64430887965986671027084727102648/pi,7.2920195923294597567924056213559818
"m003(-4,7)",AABBab,6,-1,-1,,0.84708312688143265691438673890649957,-5.4443081625382206592435562533159614,-28.922941544833071162911137594698142,-9.2235631640579661185531182999044231,3.4733098031299506630324403481812804,-2.8511911462650890323611526510529719,-513.21440632771602582500747718953494/pi,5.5098131721980847794466599751400313
"m003(-4,7)",AABaBB,6,-1,-3,,-0.85561652978386910992003715838005751,7.2416482991703836190427240179404598,-51.709390442837919315410789259832882,-12.392147975302843236696866793477724,4.0092248176446688395813086566930292,-2.9146906048869992595015047070612582,-524.64430887965986671027084727102648/pi,7.2920195923294597567924056213559818
"m003(-4,7)",AABaaB,6,0,-2,,-3.5649603126839668671062673855741270,-3.1804786218696731197106494817624411,2.5934977668417516456289336066750899,22.676560124610363814160698960499144,3.1236092421319440263815428931651737,1.5447310644062620521078927023749064,278.05159159312716937942068642748315/pi,4.7774874458424045122136713899676546
"m003(-4,7)",AABaab,6,0,0,,5.5372823711179663697556757786225262,0.70097907590147254282276315557986563,30.170124392642125436027608639761510,7.7630381590235736023436280510213255,3.3738537411495345475818109618745813,0.26950432577415950640490589500789025,48.510778639348711152883061101420245/pi,5.5814754073045498141154272369241550
"m003(-4,7)",AABabb,6,-1,1,,3.1177997426996126013125904138603227,-6.1683458353726304121747164691775922,-28.327815109181103186769200374706368,-38.463334116814028097240828421822063,3.8915436974409636160700240053581350,-2.2380720460749407577397913835130256,-402.85296829348933639316244903234462/pi,6.9115241141398504323599275826709065
"m003(-4,7)",AAbABB,6,-3,-1,,-2.6662665829691334623981152553932551,3.4635960179478259196752329010087578,-4.8875198840861373967720549545521567,-18.469740639118494540811181718398235,2.9831794232648993984945524726963000,-1.9260566522540692910687698016713911,-346.69019740573247239237856430085040/pi,4.3709809959552484313533589118003415
"m003(-4,7)",AAbAbb,6,-3,3,,2.8605041763680959062529316443395353,7.5860981230818350081423466746186382,-49.366400590006421202189863060885402,43.400130726827525388147297014086307,4.2083266529924837659220247727117420,2.4398413215084780956041783361879467,439.17143787152605720875210051383041/pi,8.1074884443978739884049479174403881
"m003(-4,7)",AAbaBB,6,-1,-1,,0.84708312688143265691438673890649957,-5.4443081625382206592435562533159614,-28.922941544833071162911137594698142,-9.2235631640579661185531182999044231,3.4733098031299506630324403481812804,-2.8511911462650890323611526510529719,-513.21440632771602582500747718953494/pi,5.5098131721980847794466599751400313
"m003(-4,7)",AAbabb,6,-1,3,,-0.44299975682804268590882473899350962,0.90740968079264153270031580354433588,-0.62714354424649864739684411281884572,-0.80396453586910406976982822275865169,0.89603490395441602303280244144047321,-2.7368578220458782198294148353067207,-492.63440796825807956929467035520973/pi,1.0097728028353252058234587324489044
"m003(-4,7)",AAbbAB,6,-3,1,,-5.7468231234662397663515255296086192,6.3803059499846396380576834674003819,-7.6823280030031268131312964417747824,-73.332979536321921844368665349694090,4.3038280660933696039386117080000863,-1.7020220050122101406788758019144502,-306.36396090219782532219764434460104/pi,8.5868667177158201744438415509301515
"m003(-4,7)",AAbbAb,6,-3,3,,2.8605041763680959062529316443395353,7.5860981230818350081423466746186382,-49.366400590006421202189863060885402,43.400130726827525388147297014086307,4.2083266529924837659220247727117420,2.4398413215084780956041783361879467,439.17143787152605720875210051383041/pi,8.1074884443978739884049479174403881
"m003(-4,7)",AAbbaB,6,-1,1,,3.1177997426996126013125904138603227,-6.1683458353726304121747164691775922,-28.327815109181103186769200374706368,-38.463334116814028097240828421822063,3.8915436974409636160700240053581350,-2.2380720460749407577397913835130256,-402.85296829348933639316244903234462/pi,6.9115241141398504323599275826709065
"m003(-4,7)",AAbbab,6,-1,3,,-0.44299975682804268590882473899350962,0.90740968079264153270031580354433588,-0.62714354424649864739684411281884572,-0.80396453586910406976982822275865169,0.89603490395441602303280244144047321,-2.7368578220458782198294148353067207,-492.63440796825807956929467035520973/pi,1.0097728028353252058234587324489044
"m003(-4,7)",AAbbbb,6,-2,4,,12.324606906785811459242800965932259,-8.2263675022411002683731350946405492,84.222813124864048682418421036278667,-202.77349147175801739166725783918269,5.3882173383085161524747019805323850,-1.1855799100269563262675092190239454,-213.40438380485213872815165942431017/pi,14.817862790858910039875929404125797
"m003(-4,7)",ABABAb,6,-3,-1,,-5.0887163094625079541401865314229546,-2.8410945789806500520500102238039556,17.823215271476489843213617969177544,28.915048641568702713063401930246859,3.4958340426719191977183597629755327,1.0708554667696309425537596320150909,192.75398401853356965967673376271636/pi,5.8281087914436672941919808508589339
"m003(-4,7)",ABABBB,6,-2,-4,,-0.97232205843399950264940839304839922,2.4794995459682005768878863261825755,-5.2025078131391828622994616699263523,-4.8217442048439359144920996837216022,2.1547025021971717605435529782574178,-2.5391724293335787726216043559873890,-457.05103728004417907188878407773002/pi,2.6633302806399815250504329750205656
"m003(-4,7)",ABABaB,6,-1,-3,,-3.2780662562772436016621084344097570,0.93695770224190764731748089312774647,9.8678286447530680559656443260273649,-6.1428188545565170714287657625561943,2.2984675728976629706964879161098990,-0.67269858341708952611256529100136035,-121.08574501507611470026175238024486/pi,3.4093413024122326197689668356211203
"m003(-4,7)",ABABab,6,-1,-1,,3.2695328533748071486564580149361991,0.86038243439025531248168687149675202,9.9495871458899061938624211088134989,5.6260972714110685084091396896926629,2.2727695239664175025082856769200901,0.62593511833292001997719785783393394,112.66832129992560359589561441010811/pi,3.3808435356733843042593318991214297
"m003(-4,7)",ABAbAb,6,-3,1,,-2.0342905132633899317862427756789104,6.3332787035822534178390545353527981,-35.972081244895082103262791882272983,-25.767457569100878177583214819519211,3.8260598787578467975353233491747395,-2.5449395908281262625673525585679164,-458.08912634906272726212346054222495/pi,6.6519739197926757204700856920705341
"m003(-4,7)",ABAbaB,6,-1,-1,,3.2695328533748071486564580149361991,0.86038243439025531248168687149675202,9.9495871458899061938624211088134989,5.6260972714110685084091396896926629,2.2727695239664175025082856769200901,0.62593511833292001997719785783393394,112.66832129992560359589561441010811/pi,3.3808435356733843042593318991214297
"m003(-4,7)",ABAbab,6,-1,1,,-1.8848157512127125760759038179693952,0.23039925436061799998778451973028892,3.4994465996096132762101847485279496,-0.86852028737311411878421708234852235,0.54462927438457676994184923634103116,-0.86216639598141749831499853804407957,-155.18995127665514969669973684793432/pi,1.8988454998839349439334149579186450
"m003(-4,7)",ABAbbb,6,-2,2,,12.712112242691148734704545841597278,3.0432237347772078804269765131188923,152.33658697086684945490015141895585,77.371603392219251346137499890928982,5.1303412918716407202733485327378126,0.47533189236936883129254236707548379,85.559740626486389632657626073587082/pi,13.071304769252743761838654597700742
"m003(-4,7)",ABBAbb,6,-2,0,,8.8019734158196810123457141757935973,3.1462091947448394073740415802976783,67.576103715699412364944175114528851,55.385699385503044219901026233468074,4.4524146084023679355803065487846393,0.70148562953054977314540213096198473,126.26741331549895916617238357315725/pi,9.3473722676425674709236300983666422
"m003(-4,7)",ABBBAb,6,-2,-2,,8.7780450751105106233505592050968817,1.5689549780838361286593778761178918,74.592455617417839384287537788761465,27.544715036877873717845052009557083,4.3519923292906425872411134762501397,0.36277047663386364039408165423345837,65.298685794095455270934697762022507/pi,8.9171573421088595703437382453285952
"m003(-4,7)",ABBBBB,6,-1,-5,,2.6375567836690636180445855352218544,-2.0093002512441721856821347628472883,2.9194182874288021884953976480165316,-10.599287016194040466802341193517093,2.3731294098135094005186055723472649,-1.4857521507130453079435595529506972,-267.43538712834815542984071953112550/pi,3.3157191206024356378783129560702643
"m003(-4,7)",ABBBaB,6,0,-4,,1.6032152035373282584016891421221302,-0.77328968079189920894483548142113483,1.9723220584339995026494083930483992,-2.4794995459682005768878863261825755,1.0412030807106480087938476310550579,-1.5794847475911081416057980213946998,-284.30725456639946548904364385104596/pi,1.7799651455218088756845158540684105
"m003(-4,7)",ABBBab,6,0,-2,,-9.7780450751105106233505592050968817,-1.5689549780838361286593778761178918,93.148545767638860630988656198955229,30.682624993045545975163807761792867,4.5660752425959840379022809412235113,0.32477301369904210678014892765642773,58.459142465827579220426806978156991/pi,9.9031199737328721329553829676250240
"m003(-4,7)",ABBaBB,6,0,-4,,3.2580366893498274031491248618925767,2.5101744010454054377128790675200924,4.3138275454859238138490653882009350,16.356480590545317326235576660079843,2.8080349756462546711523074086421845,1.4312721775115242947537287532002974,257.62899195207437305567117557605354/pi,4.1128795986283434705484720673749441
"m003(-4,7)",ABBabb,6,0,0,,-9.4051886193570092707474033179157274,-2.3729195139529401984292060988765435,82.826825945983948268291785014299460,44.635511214560718242145185581658649,4.5253345541550325090100899269993005,0.50465785059770786678852921158687194,90.838413107587416021935258085636949/pi,9.6999134009217455577261844723875125
"m003(-4,7)",ABaBAb,6,-1,-1,,1.9794499696653318058332465370361899,7.2121002777211175044255589283570493,-48.096168233496937230048920835691726,28.551983351916794272814359921098903,4.0544354787006722180430266684780956,2.6233079047894776182415122084367576,472.19542286210597128347219751861637/pi,7.4788109080463522067335467281446534
"m003(-4,7)",ABaBBB,6,0,-4,,1.6032152035373282584016891421221302,-0.77328968079189920894483548142113483,1.9723220584339995026494083930483992,-2.4794995459682005768878863261825755,1.0412030807106480087938476310550579,-1.5794847475911081416057980213946998,-284.30725456639946548904364385104596/pi,1.7799651455218088756845158540684105
"m003(-4,7)",ABaBaB,6,1,-3,,3.2695328533748071486564580149361991,0.86038243439025531248168687149675202,9.9495871458899061938624211088134989,5.6260972714110685084091396896926629,2.2727695239664175025082856769200901,0.62593511833292001997719785783393394,112.66832129992560359589561441010811/pi,3.3808435356733843042593318991214297
"m003(-4,7)",ABaBab,6,1,-1,,-0.59473286750323723325269234006938602,-6.1213185889702441919560875371300083,-37.116834083984038224900760618914007,7.2810987146382866730876052082234485,3.6829933022931197220646966747047953,2.9573338482741380981865682908783857,532.32009268934485767358229235810943/pi,6.1501421488743887807694283319478674
"m003(-4,7)",ABabAb,6,-1,1,,-0.59473286750323723325269234006938602,-6.1213185889702441919560875371300083,-37.116834083984038224900760618914007,7.2810987146382866730876052082234485,3.6829933022931197220646966747047953,2.9573338482741380981865682908783857,532.32009268934485767358229235810943/pi,6.1501421488743887807694283319478674
"m003(-4,7)",ABabbb,6,0,2,,-9.7780450751105106233505592050968817,-1.5689549780838361286593778761178918,93.148545767638860630988656198955229,30.682624993045545975163807761792867,4.5660752425959840379022809412235113,0.32477301369904210678014892765642773,58.459142465827579220426806978156991/pi,9.9031199737328721329553829676250240
"m003(-4,7)",AbAbbb,6,-2,4,,2.5742397732413013332428333677869781,-7.3158229343567358201446266445758655,-46.894554796722574037232494273323106,-37.665364743223990692997700585831066,4.1225409760456386694650677811538528,-2.4849475053567851597335431353258661,-447.29055096422132875203776435865590/pi,7.7555125953735274075366219623982648
"m003(-4,7)",Abbbbb,6,-1,5,,-15.350321993401993010104045164346882,-2.1330269932680352842770736417021554,231.08258114711086129527569373803450,65.485302334564893819590738025369708,5.4733416251522862676006833547679446,0.27844269577325183966494766385976137,50.119685239185331139690579494757047/pi,15.497812408695977353021677553543028
"m003(-5,9)",A,1,-1,0,,-0.45938569479597868368981675830705194,-0.88256839890596203622560328987451074,-0.56789176216424925407597656595419046,0.81087859427277968635309736449619020,0.87444314103515874327578124732882070,2.7197497487956663263027848944887760,489.55495478321993873450128100797968/pi,0.99496843936409229573300530837745913
"m003(-5,9)",B,1,0,-1,,1.5678917621642492540759765659541905,-0.81087859427277968635309736449619020,1.8007604832127154956297850629713179,-2.5427397361512357106588913759318904,1.0623639513358596255220555243926897,-1.6323508915293936874792764318748222,-293.82316047529086374626975773746800/pi,1.7651653385766201368761395056254932
"m003(-5,9)",AB,2,-1,-1,,0.46404367455926715169486914766599592,-0.89151727517353418334208423798147128,-0.57946652003437602558230021869034333,-0.82740590460918423435144742211719246,0.88309607676482663030945129441308266,-2.7161796347908477213048778251482460,-488.91233426235258983487800852668428/pi,1.0050570052645323030298624694439859
"m003(-5,9)",Ab,2,-1,1,,-1.8999665437404265234738682407462762,-0.11974842059242730950620180785083864,3.5955331830985612249411316106486671,0.45503598558273806794405362445781738,0.33970267414819630450750122369109266,0.71689373535548350070531401671914512,129.04087236398703012695652300944612/pi,1.9037364711449226639664833770419911
"m003(-5,9)",AAB,3,-2,-1,,-2.5678917621642492540759765659541905,0.81087859427277968635309736449619020,5.9365440075412140037817381948796988,-4.1644969246967950833650861049242708,1.7488862820703174865515624946576414,-0.84368580958825382431971697758145384,-151.86344572588568837754905596466169/pi,2.6928780508669182047337886039112943
"m003(-5,9)",AAb,3,-2,1,,-0.80076048321271549562978506297131786,2.5427397361512357106588913759318904,-5.8243080143273941829225658922547426,-4.0722509996092724238940422206838323,2.1698079324446437744440702264560479,-2.6509482996425083736801680662262996,-477.17069393565150726243025192073393/pi,2.6658474669938483584855059748562616
"m003(-5,9)",ABB,3,-1,-2,,0.46404367455926715169486914766599592,-0.89151727517353418334208423798147128,-0.57946652003437602558230021869034333,-0.82740590460918423435144742211719246,0.88309607676482663030945129441308266,-2.7161796347908477213048778251482460,-488.91233426235258983487800852668428/pi,1.0050570052645323030298624694439859
"m003(-5,9)",Abb,3,-1,2,,-2.6166576284786898567999101015851536,2.2354580368804643475056129566275499,1.8496245100222618158515133078311758,-11.698856650694526893278245097732216,2.4667979866438111471192456207942262,-1.5834657242334730324502947303190561,-285.02383036202514584105305145743010/pi,3.4415359622309892134028887973559353
"m003(-5,9)",AAAB,4,-3,-1,,1.4312648894178709037739467037213363,2.7853513698454577124159735736882919,-5.7096630698196175285463682131565400,7.9731512407035485483211284698101688,2.4065047891543234857956950061216414,2.3312785967338615254429719797259400,419.63014741209507457973495635066920/pi,3.1315653333724841803551549874303606
"m003(-5,9)",AAAb,4,-3,1,,4.5119661924558279122687259529724859,-0.34162394220854081843172362092072929,20.241132003974236686296053487633862,-3.0827913555568394295477569742857314,2.9149900586806775355867081194619099,-0.16838843156664354275990407122685698,-30.309917681995837696782732820834257/pi,4.5248807542027497677769887248324156
"m003(-5,9)",AABB,4,-2,-2,,-0.80076048321271549562978506297131786,2.5427397361512357106588913759318904,-5.8243080143273941829225658922547426,-4.0722509996092724238940422206838323,2.1698079324446437744440702264560479,-2.6509482996425083736801680662262996,-477.17069393565150726243025192073393/pi,2.6658474669938483584855059748562616
"m003(-5,9)",AAbb,4,-2,2,,3.3742392199202217548936467663676926,3.8251816263431580129543924225069003,-3.2465241612654606951282768987885148,25.814155733850605337210511268139842,3.2724861548117751000060964090652732,1.7707470413966523844586975140972714,318.73446745139742920256555253750885/pi,5.1007357104403198005317358327166579
"m003(-5,9)",ABAb,4,-2,0,,-0.78918572534258872412346141023516499,4.1810242350331996313634361625452731,-16.858149544850444265282522793488577,-6.5992092871992356167131624281203598,2.9927448289086478480143640672642662,-2.8034005949770377478356270093270738,-504.61210709586679461041286167887328/pi,4.2548534361384834941697477912031235
"m003(-5,9)",ABBB,4,-1,-3,,-0.45938569479597868368981675830705194,-0.88256839890596203622560328987451074,-0.56789176216424925407597656595419046,0.81087859427277968635309736449619020,0.87444314103515874327578124732882070,2.7197497487956663263027848944887760,489.55495478321993873450128100797968/pi,0.99496843936409229573300530837745913
"m003(-5,9)",ABaB,4,0,-2,,1.5794665200343760255823002186903433,0.82740590460918423435144742211719246,1.8101139569273594823736752637619364,2.6137198496179262184274733768873871,1.0839483796703075074704593436683125,1.6284640573746366449491597752770065,293.12353032743459609084875954986117/pi,1.7830633805032406765504498724024833
"m003(-5,9)",ABab,4,0,0,,0.22129396317833947004748484428097453,-3.3701456407604199450103387980490829,-11.308910621797285259865444197781874,-1.4915857706641553014632689590384497,2.5891951624016659545691807213940904,-3.0287294059003836496658094074826767,-545.17129306206905693984569334688181/pi,3.3774032418524794490991672198274812
"m003(-5,9)",Abbb,4,-1,3,,-0.38998432585413334087726644774664230,5.7464963207551172910045498242696125,-32.870132190040197013888656369080595,-4.4820869873458840156274520066042257,3.5590403671952157547270204667194891,-3.0135519458383121714315298452644205,-542.43935025089619085767537214759569/pi,5.7597142063529508706001264599809917
"m003(-5,9)",AAAAB,5,-4,-1,,4.3686522453769647497057616289255083,-3.3536183304240153970119887404280806,7.8383665348812353098949252855916043,-29.301584498688445121215868132334226,3.3981414932200170961487723013445435,-1.3745492180723546073282617388409117,-247.41885925302382931908711299136410/pi,5.5074384560513389672218970310773778
"m003(-5,9)",AAAAb,5,-4,1,,-1.5734787367075062592638617033963747,-6.3679213624943937236132837984387907,-38.074587144041805946338188694066551,20.039577721820841331564410267290791,3.8020382420999542968691391952925971,2.6775005687366369913449094557028246,481.95010237259465844208370202650843/pi,6.5594403582762383065955890592447533
"m003(-5,9)",AAABB,5,-3,-2,,2.1479559741561342370999885645602137,0.43014491237256605540415880920990335,4.4286902212730250803032601486697348,1.8478646685670402403014198636415559,1.1040336909816379896493789769960511,0.75910831311042475806094886269747021,136.63949635987645645097079528554464/pi,2.1906025455460947539770816027500209
"m003(-5,9)",AAAbb,5,-3,2,,4.4425648235139825694561756424120762,-6.9706886618696201456618767350648525,-28.854118209593852404574565812050115,-61.935472489779456681592735438531200,4.2370577002435808968798528520636731,-2.0328086392409896018582352219721320,-365.90555506337812833448233995498377/pi,8.2660076597981385244607198027027978
"m003(-5,9)",AABAB,5,-3,-2,,-0.0093159595265769360101047787178879700,3.5481713481589924391353750557119640,-12.589433128794501118633107138578135,-0.066109241345618191993400230484009025,2.6755765028311993931840967230658517,-3.1370181897785387330958495753499292,-564.66327416013697195725292356298726/pi,3.5481835779731441000671661804739733
"m003(-5,9)",AABAb,5,-3,0,,4.5119661924558279122687259529724859,-0.34162394220854081843172362092072929,20.241132003974236686296053487633862,-3.0827913555568394295477569742857314,2.9149900586806775355867081194619099,-0.16838843156664354275990407122685698,-30.309917681995837696782732820834257/pi,4.5248807542027497677769887248324156
"m003(-5,9)",AABBB,5,-2,-3,,3.3742392199202217548936467663676926,3.8251816263431580129543924225069003,-3.2465241612654606951282768987885148,25.814155733850605337210511268139842,3.2724861548117751000060964090652732,1.7707470413966523844586975140972714,318.73446745139742920256555253750885/pi,5.1007357104403198005317358327166579
"m003(-5,9)",AABaB,5,-1,-2,,2.6213156082419783248049624909440976,-4.0095437109599605670733004844835320,-9.2051452520855590247586574469294297,-21.020559022935615935888274844601403,3.1715333428082916635324864164986585,-2.0590792627669853250787706900493824,-370.63426729805735851417872420888882/pi,4.7903795557462442676689583204348792
"m003(-5,9)",AABab,5,-1,0,,-2.6166576284786898567999101015851536,2.2354580368804643475056129566275499,1.8496245100222618158515133078311758,-11.698856650694526893278245097732216,2.4667979866438111471192456207942262,-1.5834657242334730324502947303190561,-285.02383036202514584105305145743010/pi,3.4415359622309892134028887973559353
"m003(-5,9)",AAbAB,5,-3,0,,4.5119661924558279122687259529724859,-0.34162394220854081843172362092072929,20.241132003974236686296053487633862,-3.0827913555568394295477569742857314,2.9149900586806775355867081194619099,-0.16838843156664354275990407122685698,-30.309917681995837696782732820834257/pi,4.5248807542027497677769887248324156
"m003(-5,9)",AAbAb,5,-3,2,,2.2852928898312713963460822991339745,-3.8526622260831937619306604885627918,-9.6204426359749464605764891362348703,-17.608923184378881869750559234387788,3.0500481317612706306169451072432686,-2.1520519603152680334677887856928050,-387.36935285674824602420198142470489/pi,4.4794608850398139789261870178113898
"m003(-5,9)",AAbaB,5,-1,0,,-2.6166576284786898567999101015851536,2.2354580368804643475056129566275499,1.8496245100222618158515133078311758,-11.698856650694526893278245097732216,2.4667979866438111471192456207942262,-1.5834657242334730324502947303190561,-285.02383036202514584105305145743010/pi,3.4415359622309892134028887973559353
"m003(-5,9)",AAbab,5,-1,2,,-0.45938569479597868368981675830705194,-0.88256839890596203622560328987451074,-0.56789176216424925407597656595419046,0.81087859427277968635309736449619020,0.87444314103515874327578124732882070,2.7197497487956663263027848944887760,489.55495478321993873450128100797968/pi,0.99496843936409229573300530837745913
"m003(-5,9)",AAbbb,5,-2,3,,9.1929602597043589326283275211802509,0.71863266918525702688205348025575167,83.994085423283307368551038298222335,13.212723138290674193292771915144449,4.4193271795030939448802433466420472,0.15981450138311354111330228579485540,28.766610248960437400394411443073972/pi,9.2210059781850245527138548780583736
"m003(-5,9)",ABABB,5,-2,-3,,-2.1473582821986252796582767846445338,-0.016527310336404547998350057621002256,4.6108744401400749780034603267332542,0.070980113466690507768582000955496675,0.76433101683344168514187775330495848,0.042214577754941257355634845978325088,7.5986239958894263240142722760985158/pi,2.1474218831226403023982479753728368
"m003(-5,9)",ABAbb,5,-2,1,,4.7208370189061315389221384880409085,6.3844486728307982716116338560597929,-18.474882696936410479408855158293701,60.279883280011507264392391049822646,4.1537878148335683935313065558946210,1.8980830790855314614926116265585065,341.65495423539566306867009278053117/pi,7.9402447704768819914670806950722744
"m003(-5,9)",ABBAb,5,-2,-1,,2.9537057399545977804759469850580359,4.6525875309523422473058398446240927,-12.922193134932474221953418425612980,27.484748991630246323753177280869590,3.4433549236433828667913307287525861,2.0673364529032538727816068762386150,372.12056152258569710068923772295069/pi,5.5109843341651725508482018254219518
"m003(-5,9)",ABBBB,5,-1,-4,,-1.8999665437404265234738682407462762,-0.11974842059242730950620180785083864,3.5955331830985612249411316106486671,0.45503598558273806794405362445781738,0.33970267414819630450750122369109266,0.71689373535548350070531401671914512,129.04087236398703012695652300944612/pi,1.9037364711449226639664833770419911
"m003(-5,9)",ABBaB,5,0,-3,,1.5794665200343760255823002186903433,0.82740590460918423435144742211719246,1.8101139569273594823736752637619364,2.6137198496179262184274733768873871,1.0839483796703075074704593436683125,1.6284640573746366449491597752770065,293.12353032743459609084875954986117/pi,1.7830633805032406765504498724024833
"m003(-5,9)",ABBab,5,0,-1,,-3.9537057399545977804759469850580359,-4.6525875309523422473058398446240927,-6.0147816550232786610015244554969084,36.789924053534930818364856970117776,3.6290489315018688442851027376342487,1.7850046376937544599572731865598254,321.30083478487580279230917358076857/pi,6.1056006920959993121371715654345744
"m003(-5,9)",ABaBB,5,0,-3,,1.5794665200343760255823002186903433,0.82740590460918423435144742211719246,1.8101139569273594823736752637619364,2.6137198496179262184274733768873871,1.0839483796703075074704593436683125,1.6284640573746366449491597752770065,293.12353032743459609084875954986117/pi,1.7830633805032406765504498724024833
"m003(-5,9)",ABabb,5,0,1,,-3.9537057399545977804759469850580359,-4.6525875309523422473058398446240927,-6.0147816550232786610015244554969084,36.789924053534930818364856970117776,3.6290489315018688442851027376342487,1.7850046376937544599572731865598254,321.30083478487580279230917358076857/pi,6.1056006920959993121371715654345744
"m003(-5,9)",AbAbb,5,-2,3,,3.6713627575855118980764039701680246,-3.1230762674943055340706889998721508,3.7252991251997311486488077432224125,-22.931891795155522721168168325759851,3.1372153413008983724030632434133310,-1.4959833548064026095906914524612299,-269.27700386515246972632446144302139/pi,4.8200113973280247063741121606948692
"m003(-5,9)",Abbbb,5,-1,4,,6.6649152751664259346057092937599816,7.0906561476756687012667443617054067,-5.8563089794239993369544398437894451,94.517244939192578298513555532073753,4.5523345504797087077188263234877506,1.6537077185909344740259390974092224,297.66738934636820532466903753366002/pi,9.7313154418977452856182087626831430
"m003(-5,9)",AAAAAB,6,-5,-1,,-6.3979587969063890317274370256419301,-5.1003815006223751497775407704980554,14.919985315020897572740951712570858,65.264061378971068827441362546467721,4.1978711570359558298020002892677684,1.3754444981204835059983081918692909,247.58000966168703107969547453647236/pi,8.1821615859626483163329848753609937
"m003(-5,9)",AAAAAb,6,-5,1,,-9.4092587310025006974096659643326700,4.6556585310927027083003095382550890,66.858993508810527508372108355306790,-87.612591364500580643382052925915055,4.6914421142043835089581052848173572,-0.93361714240750403830633189390727273,-168.05108563335072689513974090330909/pi,10.498062022348841698110524263393921
"m003(-5,9)",AAAABB,6,-4,-2,,0.19365254224402749918232979958649791,-4.6360602206159376993074897870030905,-21.455553062059922076766257553889071,-1.7955696954373666457602289681796940,3.1562381376849984537420586485844812,-3.0649131207473824974868646632065675,-551.68436173452884954763563937718215/pi,4.6401029812165884501062854952370610
"m003(-5,9)",AAAAbb,6,-4,2,,-11.567199479624580687521974287547943,-4.5438142955284150398364459027626519,113.15385544917878359930248943091777,105.11841270949402627033042802981723,5.0303513843544749819431528463106051,0.75754137591134458696577831670796374,136.35744766404202565384009700743347/pi,12.427644674421439093861667357226937
"m003(-5,9)",AAABAB,6,-4,-2,,5.7152500443628745337342533505987243,-0.79435128393637513835474730687518794,32.033089107298471650994429355422791,-9.0798324215141487089241865101065415,3.4451850245548703468244056013991567,-0.29415506823589094737769891350166283,-52.947912282460370527985804430299309/pi,5.7701886478590287941668815784820501
"m003(-5,9)",AAABAb,6,-4,0,,-1.5850534945776330307701853561325276,-8.0062058613763576443178285850521733,-61.586937714064378333002906667544815,25.380529157765048579592862788590946,4.2261694217768042791451032827938329,2.7616749544508539924677563483843714,497.10149180115371864419614270918685/pi,8.1616007544727346470821449162329623
"m003(-5,9)",AAABBB,6,-3,-3,,2.2852928898312713963460822991339745,-3.8526622260831937619306604885627918,-9.6204426359749464605764891362348703,-17.608923184378881869750559234387788,3.0500481317612706306169451072432686,-2.1520519603152680334677887856928050,-387.36935285674824602420198142470489/pi,4.4794608850398139789261870178113898
"m003(-5,9)",AAABaB,6,-2,-2,,-6.3223579853315625301817086139835442,-1.2989692005283268502938511041960121,38.284889510764573633143615296330141,16.425096595320045990801024810400799,3.6841881555640854855533706861637686,0.42554667289939359672376439777748938,76.598401121890847410277591599948088/pi,6.4544195307252049478595672984057970
"m003(-5,9)",AAABab,6,-2,0,,2.9537057399545977804759469850580359,4.6525875309523422473058398446240927,-12.922193134932474221953418425612980,27.484748991630246323753177280869590,3.4433549236433828667913307287525861,2.0673364529032538727816068762386150,372.12056152258569710068923772295069/pi,5.5109843341651725508482018254219518
"m003(-5,9)",AAAbAB,6,-4,0,,-1.5850534945776330307701853561325276,-8.0062058613763576443178285850521733,-61.586937714064378333002906667544815,25.380529157765048579592862788590946,4.2261694217768042791451032827938329,2.7616749544508539924677563483843714,497.10149180115371864419614270918685/pi,8.1616007544727346470821449162329623
"m003(-5,9)",AAAbAb,6,-4,2,,-6.0456019775057336529700507365357171,-0.70210535884885247888370342263474941,36.056351335496961361845897242191107,8.4892990917479905968422933311888383,3.5574404836337604261550421863606577,0.24467532792504035722442133224087307,44.041559026507264300395839803357153/pi,6.0862348956761037243973478110000175
"m003(-5,9)",AAAbaB,6,-2,0,,2.9537057399545977804759469850580359,4.6525875309523422473058398446240927,-12.922193134932474221953418425612980,27.484748991630246323753177280869590,3.4433549236433828667913307287525861,2.0673364529032538727816068762386150,372.12056152258569710068923772295069/pi,5.5109843341651725508482018254219518
"m003(-5,9)",AAAbab,6,-2,2,,-2.1473582821986252796582767846445338,-0.016527310336404547998350057621002256,4.6108744401400749780034603267332542,0.070980113466690507768582000955496675,0.76433101683344168514187775330495848,0.042214577754941257355634845978325088,7.5986239958894263240142722760985158/pi,2.1474218831226403023982479753728368
"m003(-5,9)",AAAbbb,6,-3,3,,-3.1988876260376240532387159861211338,-14.190042106405288303551303852728058,-191.12441293753840530839687745817316,90.784700214265477989727623703603912,5.3631470891542013210017075247074299,2.7021460416203592055349678593194905,486.38628749166465699629421467750829/pi,14.546139591849504093421126669315876
"m003(-5,9)",AABAAb,6,-4,0,,0.19365254224402749918232979958649791,-4.6360602206159376993074897870030905,-21.455553062059922076766257553889071,-1.7955696954373666457602289681796940,3.1562381376849984537420586485844812,-3.0649131207473824974868646632065675,-551.68436173452884954763563937718215/pi,4.6401029812165884501062854952370610
"m003(-5,9)",AABABB,6,-3,-3,,1.4312648894178709037739467037213363,2.7853513698454577124159735736882919,-5.7096630698196175285463682131565400,7.9731512407035485483211284698101688,2.4065047891543234857956950061216414,2.3312785967338615254429719797259400,419.63014741209507457973495635066920/pi,3.1315653333724841803551549874303606
"m003(-5,9)",AABAbb,6,-3,1,,5.3659941928692284048408615483851241,-6.9796375381371922927783576831718130,-19.921446485867524388668511398507583,-74.905388995952503091756440976752665,4.3574521580037354570872943411169308,-1.8554126918573275094970469522060534,-333.97428453431895170946845139708961/pi,8.8039328621747274434030690118543409
"m003(-5,9)",AABBAB,6,-3,-3,,1.4312648894178709037739467037213363,2.7853513698454577124159735736882919,-5.7096630698196175285463682131565400,7.9731512407035485483211284698101688,2.4065047891543234857956950061216414,2.3312785967338615254429719797259400,419.63014741209507457973495635066920/pi,3.1315653333724841803551549874303606
"m003(-5,9)",AABBAb,6,-3,-1,,2.2852928898312713963460822991339745,-3.8526622260831937619306604885627918,-9.6204426359749464605764891362348703,-17.608923184378881869750559234387788,3.0500481317612706306169451072432686,-2.1520519603152680334677887856928050,-387.36935285674824602420198142470489/pi,4.4794608850398139789261870178113898
"m003(-5,9)",AABBBB,6,-2,-4,,9.1929602597043589326283275211802509,0.71863266918525702688205348025575167,83.994085423283307368551038298222335,13.212723138290674193292771915144449,4.4193271795030939448802433466420472,0.15981450138311354111330228579485540,28.766610248960437400394411443073972/pi,9.2210059781850245527138548780583736
"m003(-5,9)",AABBaB,6,-1,-3,,0.39464230561742180888231883710558628,-7.5205819948346135105722373521255945,-56.403410991647540158803588196085630,-5.9358796360528026173899090247367313,4.0722283654385127005797703257193465,-3.0402461917359844090203612956541537,-547.24431451247719362366503321774766/pi,7.5309292979295463090151158508566003
"m003(-5,9)",AABBab,6,-1,-1,,-0.38998432585413334087726644774664230,5.7464963207551172910045498242696125,-32.870132190040197013888656369080595,-4.4820869873458840156274520066042257,3.5590403671952157547270204667194891,-3.0135519458383121714315298452644205,-542.43935025089619085767537214759569/pi,5.7597142063529508706001264599809917
"m003(-5,9)",AABaBB,6,-1,-3,,0.39464230561742180888231883710558628,-7.5205819948346135105722373521255945,-56.403410991647540158803588196085630,-5.9358796360528026173899090247367313,4.0722283654385127005797703257193465,-3.0402461917359844090203612956541537,-547.24431451247719362366503321774766/pi,7.5309292979295463090151158508566003
"m003(-5,9)",AABaaB,6,0,-2,,-3.9421309820844710089696233323218830,-3.0143030320703783266012950580107101,6.4543739107615996565593464159569032,23.765554744231598448430919488561816,3.1870918540075788765661665731780692,1.3861326325914054144874574709345392,249.50387386645297460774234476821706/pi,4.9625013298798169810868633530003932
"m003(-5,9)",AABaab,6,0,0,,5.7428914652971865045994083952932009,0.47156329591914261594240368207881964,32.758430440125141039700309283749467,5.4162736549629114136499789931808609,3.4404678221945114788178442474566054,0.17465497710244894839343544446425939,31.437895878440810710818380003566689/pi,5.7622195657785716464605648374078335
"m003(-5,9)",AABabb,6,-1,1,,-2.7539945441538270160460038361589145,6.5182651753362241648404322544002451,-34.903294946771931692614091894195304,-35.902533460447699994500120844741833,3.9413067287781491924547681362403684,-2.3695621405971763120084217688785177,-426.52118530749173616151591839813319/pi,7.0761760043988463964826163062660766
"m003(-5,9)",AAbABB,6,-3,-1,,2.2852928898312713963460822991339745,-3.8526622260831937619306604885627918,-9.6204426359749464605764891362348703,-17.608923184378881869750559234387788,3.0500481317612706306169451072432686,-2.1520519603152680334677887856928050,-387.36935285674824602420198142470489/pi,4.4794608850398139789261870178113898
"m003(-5,9)",AAbAbb,6,-3,3,,-4.0529156264510245458108515815337720,-7.5520285104766368292046697904769747,-40.607009547921069211310386861336000,61.215468723028832683798052933049346,4.3119810924355839052937587410637595,2.1786756140340087472993227409584696,392.16161052612157451387809337252453/pi,8.5708377477457167577545644862764627
"m003(-5,9)",AAbaBB,6,-1,-1,,-0.38998432585413334087726644774664230,5.7464963207551172910045498242696125,-32.870132190040197013888656369080595,-4.4820869873458840156274520066042257,3.5590403671952157547270204667194891,-3.0135519458383121714315298452644205,-542.43935025089619085767537214759569/pi,5.7597142063529508706001264599809917
"m003(-5,9)",AAbabb,6,-1,3,,0.46404367455926715169486914766599592,-0.89151727517353418334208423798147128,-0.57946652003437602558230021869034333,-0.82740590460918423435144742211719246,0.88309607676482663030945129441308266,-2.7161796347908477213048778251482460,-488.91233426235258983487800852668428/pi,1.0050570052645323030298624694439859
"m003(-5,9)",AAbbAB,6,-3,1,,5.3659941928692284048408615483851241,-6.9796375381371922927783576831718130,-19.921446485867524388668511398507583,-74.905388995952503091756440976752665,4.3574521580037354570872943411169308,-1.8554126918573275094970469522060534,-333.97428453431895170946845139708961/pi,8.8039328621747274434030690118543409
"m003(-5,9)",AAbbAb,6,-3,3,,-4.0529156264510245458108515815337720,-7.5520285104766368292046697904769747,-40.607009547921069211310386861336000,61.215468723028832683798052933049346,4.3119810924355839052937587410637595,2.1786756140340087472993227409584696,392.16161052612157451387809337252453/pi,8.5708377477457167577545644862764627
"m003(-5,9)",AAbbaB,6,-1,1,,-2.7539945441538270160460038361589145,6.5182651753362241648404322544002451,-34.903294946771931692614091894195304,-35.902533460447699994500120844741833,3.9413067287781491924547681362403684,-2.3695621405971763120084217688785177,-426.52118530749173616151591839813319/pi,7.0761760043988463964826163062660766
"m003(-5,9)",AAbbab,6,-1,3,,0.46404367455926715169486914766599592,-0.89151727517353418334208423798147128,-0.57946652003437602558230021869034333,-0.82740590460918423435144742211719246,0.88309607676482663030945129441308266,-2.7161796347908477213048778251482460,-488.91233426235258983487800852668428/pi,1.0050570052645323030298624694439859
"m003(-5,9)",AAbbbb,6,-2,4,,11.622051289760996774062141047701770,-10.152818076900085632044744195359272,31.992361279206095472652930789324560,-235.99314485069080629655350964016867,5.4718312687125042547011008321918386,-1.4443884692805219225976717778265056,-259.98992447049394606758092000877102/pi,15.432167413700008254785716869812898
"m003(-5,9)",ABABAb,6,-3,-1,,5.2612052332940393865341297789160704,2.7634989775018561346426046556440424,20.043353908186783048745521779848180,29.078670565270984613654329777206193,3.5332427118587238172178411515367660,1.0162027646253387692797446971495874,182.91649763256097847035404548692573/pi,5.9428282076377062109635555071712096
"m003(-5,9)",ABABBB,6,-2,-4,,-0.80076048321271549562978506297131786,2.5427397361512357106588913759318904,-5.8243080143273941829225658922547426,-4.0722509996092724238940422206838323,2.1698079324446437744440702264560479,-2.6509482996425083736801680662262996,-477.17069393565150726243025192073393/pi,2.6658474669938483584855059748562616
"m003(-5,9)",ABABaB,6,-1,-3,,3.3705546490801897990703663168876821,-0.90442079124956361399897220791876029,10.542661674791594677706608306534483,-6.0967994053420009598216829633270765,2.3480609454772067270192926502176664,-0.62851413655684942295718096454200483,-113.13254458023289613229257361756087/pi,3.4897873302080412195918780561108389
"m003(-5,9)",ABABab,6,-1,-1,,-3.3658966693169013310653139275287382,-0.86966488282993260556871531993722173,10.572943380091009422700712360851873,5.8544042650782868190555913289248612,2.3367172406949634828410534308675930,0.60788142420578305357613134623224576,109.41865635704094964370364232180424/pi,3.4764317046284988450391193458963611
"m003(-5,9)",ABAbAb,6,-3,1,,1.5360538489930599220806784731903900,-6.9577851457935907150049887651275635,-46.051312708019544267573684405502430,-21.375065307325967212512739275526285,3.9623045083133415433332877013876726,-2.7227707381613861323489752426343882,-490.09873286904950382281554367418987/pi,7.1253235408669221029660704944884886
"m003(-5,9)",ABAbaB,6,-1,-1,,-3.3658966693169013310653139275287382,-0.86966488282993260556871531993722173,10.572943380091009422700712360851873,5.8544042650782868190555913289248612,2.3367172406949634828410534308675930,0.60788142420578305357613134623224576,109.41865635704094964370364232180424/pi,3.4764317046284988450391193458963611
"m003(-5,9)",ABAbab,6,-1,1,,1.9299738001357419592863148344484578,-0.14160081293602888727957072589508819,3.7047480789862526041202970881664306,-0.54657171808891600055439258475593404,0.42462834268524538063437652961386582,-0.67467915760054224334967917074082004,-121.44224836809760380294225073334761/pi,1.9351614039750123891601104933744594
"m003(-5,9)",ABAbbb,6,-2,2,,13.367959962837296183151759350519261,2.0010745593771793291775545268307615,174.69805417583435274937929507221025,53.500569184812834039416336377688079,5.1973400375099310741948321532115986,0.30043368621291255101214839720722603,54.078063518324259182186711497300685/pi,13.516902491333119680183406372754742
"m003(-5,9)",ABBAbb,6,-2,0,,9.2045350175744857041346511739164038,2.3569171680672209475865982668691343,79.168406352624929215439948751442221,43.388653213994449281641821592420538,4.4832737422094014571072720659436976,0.51231562282448213927303121273660219,92.216812108406785069145618292588394/pi,9.5015011143968691577504248778783653
"m003(-5,9)",ABBBAb,6,-2,-2,,9.1929602597043589326283275211802509,0.71863266918525702688205348025575167,83.994085423283307368551038298222335,13.212723138290674193292771915144449,4.4193271795030939448802433466420472,0.15981450138311354111330228579485540,28.766610248960437400394411443073972/pi,9.2210059781850245527138548780583736
"m003(-5,9)",ABBBBB,6,-1,-5,,-2.6166576284786898567999101015851536,2.2354580368804643475056129566275499,1.8496245100222618158515133078311758,-11.698856650694526893278245097732216,2.4667979866438111471192456207942262,-1.5834657242334730324502947303190561,-285.02383036202514584105305145743010/pi,3.4415359622309892134028887973559353
"m003(-5,9)",ABBBaB,6,0,-4,,1.5678917621642492540759765659541905,-0.81087859427277968635309736449619020,1.8007604832127154956297850629713179,-2.5427397361512357106588913759318904,1.0623639513358596255220555243926897,-1.6323508915293936874792764318748222,-293.82316047529086374626975773746800/pi,1.7651653385766201368761395056254932
"m003(-5,9)",ABBBab,6,0,-2,,-10.192960259704358932628327521180251,-0.71863266918525702688205348025575167,103.38000594269202523380769334058284,14.649988476661188247056878875655952,4.6291179023581777956540023939133715,0.14353925249585286288434090537166537,25.837065449253515319181362966899767/pi,10.218261680400080621268317750302245
"m003(-5,9)",ABBaBB,6,0,-4,,3.3465977989859097840284917216732159,2.5592670464876402586572414335528927,4.6498690129397664246782485900899986,17.129674929585413889824679817481796,2.8557959131467088256898147787185402,1.4183144485651919793760689169984203,255.29660074173455628769240505971565/pi,4.2130232189503661972683929753668263
"m003(-5,9)",ABBabb,6,0,0,,-9.7724267797387349582106277398705943,-1.5460385737944412612335009023729441,93.110089893694431420617037406157708,30.217097522115756327649707733143803,4.5641592391819508370561154634508053,0.32030397499542437170391756976857842,57.654715499176386906705162558344116/pi,9.8939658599074987618397645543216276
"m003(-5,9)",ABaBAb,6,-1,-1,,-2.5118686689035008384931783321160999,-7.5076784787585840799153493821883055,-50.055751930595762105381451309796757,37.716604693989569374157088943014072,4.1632246766288192823644810810368031,2.5143543983255843494283723265730745,452.58379169860518289710701878315341/pi,7.9167367235644417598618718317931526
"m003(-5,9)",ABaBBB,6,0,-4,,1.5678917621642492540759765659541905,-0.81087859427277968635309736449619020,1.8007604832127154956297850629713179,-2.5427397361512357106588913759318904,1.0623639513358596255220555243926897,-1.6323508915293936874792764318748222,-293.82316047529086374626975773746800/pi,1.7651653385766201368761395056254932
"m003(-5,9)",ABaBaB,6,1,-3,,-3.3658966693169013310653139275287382,-0.86966488282993260556871531993722173,10.572943380091009422700712360851873,5.8544042650782868190555913289248612,2.3367172406949634828410534308675930,0.60788142420578305357613134623224576,109.41865635704094964370364232180424/pi,3.4764317046284988450391193458963611
"m003(-5,9)",ABaBab,6,1,-1,,1.0759457997223414667141792390358196,6.4964127829926225870670633363559956,-41.045719683089802715003039732887014,13.979576094246878517189905065132270,3.8120028429756159429544471909179178,2.8272896486179443402758417863495128,508.91213675122998124965152154291231/pi,6.5849099015073927269675200288265485
"m003(-5,9)",ABabAb,6,-1,1,,1.0759457997223414667141792390358196,6.4964127829926225870670633363559956,-41.045719683089802715003039732887014,13.979576094246878517189905065132270,3.8120028429756159429544471909179178,2.8272896486179443402758417863495128,508.91213675122998124965152154291231/pi,6.5849099015073927269675200288265485
"m003(-5,9)",ABabbb,6,0,2,,-10.192960259704358932628327521180251,-0.71863266918525702688205348025575167,103.38000594269202523380769334058284,14.649988476661188247056878875655952,4.6291179023581777956540023939133715,0.14353925249585286288434090537166537,25.837065449253515319181362966899767/pi,10.218261680400080621268317750302245
"m003(-5,9)",AbAbbb,6,-2,4,,1.6283305468439223458040284635502013,-8.3287110099341069482679062996831328,-66.715966717212584544155611270053248,-27.123789106622002248245808334347772,4.3022469072876744987161974834074250,-2.7655182650211832511589309768860693,-497.79328770381298520860757583949248/pi,8.4863942553232016875566582841323277
"m003(-5,9)",Abbbbb,6,-1,5,,16.589511370809132669647990551629435,-0.033552087749273979470295031327672966,275.21076177961317316552882338298505,-1.1132254824619329640008793862699183,5.6102384231235291374036159900703731,-0.0040746899656927195678519454556837852,-0.73344419382468952221335018202308134/pi,16.589545300121936829926883891035339
"m003(-6,11)",A,1,-1,0,,0.47252139713055644177878605846176989,0.87801355134608623636000259562915429,-0.54763132560115337826675077860607734,0.82976037996322844796920222527480026,0.87131232190109902184877545410593829,2.7072136798113501747868368046969827,487.29846236604303146163062484545689/pi,0.99708789336426076441929049494764215
"m003(-6,11)",B,1,0,-1,,1.5476313256011533782667507786060773,-0.82976037996322844796920222527480026,1.7066604318252619780029577255588560,-2.5683263135476158995501350475780731,1.0719608530378701127654247137980843,-1.6608044696099083947210765003565948,-298.94480452978351104979377006418707/pi,1.7560367331404842996074353896114163
"m003(-6,11)",AB,2,-1,-1,,-0.47528553083216261098943023166810412,0.88314971420025657674586331339202447,-0.55405708187358427708647421309894831,-0.83949656143588329055619584421273436,0.87630109860863501844198840468124205,-2.7050866521253032807573402039635787,-486.91559738255459053632123671344417/pi,1.0029206117686511426784405492894782
"m003(-6,11)",Ab,2,-1,1,,1.9351153050260268151629546457578134,0.083612028141457133750355785921867065,3.7376802724960449820492774965073344,0.32359783068160111864716599522028546,0.28901732036449417588745558374034198,0.58488775035244578108118024968168005,105.27979506344024059461244494270241/pi,1.9369208076211842433925502886024126
"m003(-6,11)",AAB,3,-2,-1,,-2.5476313256011533782667507786060773,0.82976037996322844796920222527480026,5.8019230830275687345364592827710107,-4.2278470734740727954885394981276736,1.7426246438021980436975509082118766,-0.86875794755688612735161315716504031,-156.37643056023950292329036828970726/pi,2.6793520969333260113871588753447861
"m003(-6,11)",AAb,3,-2,1,,-0.70666043182526197800295772555885600,2.5683263135476158995501350475780731,-6.0969310869536208859554140006628915,-3.6298691635994828885478024753155651,2.1746354429249549448097848917802857,-2.7104257517746587971192548556491848,-487.87663531943858348146587401685326/pi,2.6637697007753039515710316380745578
"m003(-6,11)",ABB,3,-1,-2,,-0.47528553083216261098943023166810412,0.88314971420025657674586331339202447,-0.55405708187358427708647421309894831,-0.83949656143588329055619584421273436,0.87630109860863501844198840468124205,-2.7050866521253032807573402039635787,-486.91559738255459053632123671344417/pi,1.0029206117686511426784405492894782
"m003(-6,11)",Abb,3,-1,2,,2.5917016158181053216206793663345591,-2.3542949681683767187577110172058196,1.1742124682912400448105033420857236,-12.203260146228833552112194727102417,2.5105472876259030867002019093736333,-1.6374797113578304046335042869299724,-294.74634804440947283403077164739504/pi,3.5013743105496612899069905901214577
"m003(-6,11)",AAAB,4,-3,-1,,-1.4570656404922580349628802408833751,-2.7279250078880565236020850083350703,-5.3185345679579391087568902904286096,7.9495315976665182616550427662008324,2.3808578555166430309635111037804570,2.3063745493130517056376958679487473,415.14741887634930701478525623077451/pi,3.0926711964520520920049499242366188
"m003(-6,11)",AAAb,4,-3,1,,-4.5240527871425259675729898388860382,0.50951967448057677190148932226277378,20.207443322169264454123833831623867,-4.6101878068756118137824301623130668,2.9304010404984819980030495136635365,-0.24935062581086057519560778425643720,-44.883112645954903535209401166158696/pi,4.5526546013875081018956983871075364
"m003(-6,11)",AABB,4,-2,-2,,-0.70666043182526197800295772555885600,2.5683263135476158995501350475780731,-6.0969310869536208859554140006628915,-3.6298691635994828885478024753155651,2.1746354429249549448097848917802857,-2.7104257517746587971192548556491848,-487.87663531943858348146587401685326/pi,2.6637697007753039515710316380745578
"m003(-6,11)",AAbb,4,-2,2,,3.5850769225443672811327939840474267,3.7314207056651003087534968870110929,-1.0707239421060439137532732754508305,26.754860520368338244065516899506083,3.2945999515294538687574731452993434,1.6847577444876873056615574301035727,303.25639400778371501908033741864308/pi,5.1745798885732188866673873424321084
"m003(-6,11)",ABAb,4,-2,0,,-0.70023467555283107918323429106598502,4.2375832549467276380755331170656077,-17.466783241758324279882832208077569,-5.9346054713114633878446812978196882,3.0111374226957780200478400958749751,-2.8443298362292996249086749760612712,-511.97937052127393248356149569102882/pi,4.2950483633425458198529514777683097
"m003(-6,11)",ABBB,4,-1,-3,,0.47252139713055644177878605846176989,0.87801355134608623636000259562915429,-0.54763132560115337826675077860607734,0.82976037996322844796920222527480026,0.87131232190109902184877545410593829,2.7072136798113501747868368046969827,487.29846236604303146163062484545689/pi,0.99708789336426076441929049494764215
"m003(-6,11)",ABaB,4,0,-2,,1.5540570818735842770864742130989483,0.83949656143588329055619584421273436,1.7103389370587684570475774696490834,2.6092511530159139038339671418158578,1.0843478570887580138899656303382280,1.6588022834669707013089182066744613,298.58441102405472623560527720140304/pi,1.7663091151845737992669134875867364
"m003(-6,11)",ABab,4,0,0,,0.15260334995167770091648351245990768,-3.4078228749834991901063308917908074,-11.589968964844327739614286514423859,-1.0400903735288786698878225713755755,2.6068898438132852952847364648889510,-3.0643754006136097170084011471780258,-551.58757211044974906151220649204465/pi,3.4112379761132579418620342920178407
"m003(-6,11)",Abbb,4,-1,3,,0.12238261489228957431315661471767888,-5.8776839880765513833849755965058152,-34.532191559263599366873137314375076,-1.4386526719426986681441044303652806,3.5982219990265288115462148633865635,-3.1021736183547371220837352170974092,-558.39125130385268197507233907753365/pi,5.8789579491708688596739840331546194
"m003(-6,11)",AAAAB,5,-4,-1,,4.2542917574264153562697085041649333,-3.3980866935108443475193372728528733,6.5520051806908747113942913306729991,-28.912904422447133691620684838876918,3.3776395337324295283787973522307372,-1.4149970658440647755459232523476146,-254.69947185193165959826618542257063/pi,5.4448132689672472116613603437568131
"m003(-6,11)",AAAAb,5,-4,1,,-1.8784164907191053031298362584885707,-6.2997470192127162083036319345891660,-36.158363993474024339944646323998556,23.667097376495388866520119691294380,3.8042628156779507830287979857170173,2.5859836273379626646204968245857932,465.47705292083327963168942842544278/pi,6.5738315325755786802257311434115409
"m003(-6,11)",AAABB,5,-3,-2,,-2.1136519512843365414206049614601207,-0.29001801157822267109401820520738363,4.3834141241282972728034250804567877,1.2259942721598273124642713673507156,0.92485542516638136283985786796909433,0.61500373969190920407471944566957501,110.70067314454365673344950022052350/pi,2.1334561205255357844292334332059010
"m003(-6,11)",AAAbb,5,-3,2,,-4.1739140049042591001073603951419472,7.2652172139032143916464675143977432,-35.361823044859673401071491196130050,-60.648783755564257659672312198499641,4.2660488649311161224286694088889410,-2.1227475351325814089126565193036955,-382.09455632386465360427817347466519/pi,8.3788387790630926018700208593072546
"m003(-6,11)",AABAB,5,-3,-2,,0.0055282674032123384212883464126684604,-3.5223265310926856262117318180423575,-12.406753629898950621412899966820103,-0.038944725890619370347974475751736412,2.6628476527247215933998349525722212,-3.1388630025282090890705954966718248,-564.99534045507763603270718940092847/pi,3.5223308693789562082238903804455220
"m003(-6,11)",AABAb,5,-3,0,,-4.5240527871425259675729898388860382,0.50951967448057677190148932226277378,20.207443322169264454123833831623867,-4.6101878068756118137824301623130668,2.9304010404984819980030495136635365,-0.24935062581086057519560778425643720,-44.883112645954903535209401166158696/pi,4.5526546013875081018956983871075364
"m003(-6,11)",AABBB,5,-2,-3,,3.5850769225443672811327939840474267,3.7314207056651003087534968870110929,-1.0707239421060439137532732754508305,26.754860520368338244065516899506083,3.2945999515294538687574731452993434,1.6847577444876873056615574301035727,303.25639400778371501908033741864308/pi,5.1745798885732188866673873424321084
"m003(-6,11)",AABaB,5,-1,-2,,-2.5944657495197114908313235395408933,4.1154582337147195318635769262269984,-10.205743948019400726981258043912052,-21.354830861903455593318573808488005,3.2034624761618776822301274052335013,-2.0886271510675540278849094827972979,-375.95288719215972501928370690351362/pi,4.8650024664825358522832661500733890
"m003(-6,11)",AABab,5,-1,0,,2.5917016158181053216206793663345591,-2.3542949681683767187577110172058196,1.1742124682912400448105033420857236,-12.203260146228833552112194727102417,2.5105472876259030867002019093736333,-1.6374797113578304046335042869299724,-294.74634804440947283403077164739504/pi,3.5013743105496612899069905901214577
"m003(-6,11)",AAbAB,5,-3,0,,-4.5240527871425259675729898388860382,0.50951967448057677190148932226277378,20.207443322169264454123833831623867,-4.6101878068756118137824301623130668,2.9304010404984819980030495136635365,-0.24935062581086057519560778425643720,-44.883112645954903535209401166158696/pi,4.5526546013875081018956983871075364
"m003(-6,11)",AAbAb,5,-3,2,,-2.0547337862167102202654670872691581,4.0329086943887514365287539015627693,-12.042421605055926313765851714467589,-16.573107502175377452926337631355295,3.0786928550119540691050735656362237,-2.2716334726695724287363521900669865,-408.89402508052303717254339421205757/pi,4.5261775782106518176052031843716170
"m003(-6,11)",AAbaB,5,-1,0,,2.5917016158181053216206793663345591,-2.3542949681683767187577110172058196,1.1742124682912400448105033420857236,-12.203260146228833552112194727102417,2.5105472876259030867002019093736333,-1.6374797113578304046335042869299724,-294.74634804440947283403077164739504/pi,3.5013743105496612899069905901214577
"m003(-6,11)",AAbab,5,-1,2,,0.47252139713055644177878605846176989,0.87801355134608623636000259562915429,-0.54763132560115337826675077860607734,0.82976037996322844796920222527480026,0.87131232190109902184877545410593829,2.7072136798113501747868368046969827,487.29846236604303146163062484545689/pi,0.99708789336426076441929049494764215
"m003(-6,11)",AAbbb,5,-2,3,,9.3512228443800362422251225048278248,0.23178247008863854102846520246269181,87.391645571814664895869988660266143,4.3348990584394183373407162075971283,4.4483990360853413134583298679976454,0.050735225411258584419149821785007001,9.1323405740265451954469679213012601/pi,9.3540949214071719369409961793399563
"m003(-6,11)",ABABB,5,-2,-3,,-2.1016884074747376553532249917050257,-0.0097361814726548425869936189379341030,4.4169993688840304350505351952079394,0.040924839468298004283832094237784744,0.63583810480188718695240228422875235,0.030115989339463422993539195987894958,5.4208780811034161388370552778210924/pi,2.1017109590386988725045841818337266
"m003(-6,11)",ABAbb,5,-2,1,,4.9801048981938429584830612501935964,6.3094832006853710508906255535271001,-15.008133462716607325185044355539067,62.843776385609964435215676752470097,4.1761998204399870132829942718388984,1.8349870556733003460023254890871396,330.29767002119406228041858803568513/pi,8.0380982238801499483382679322092848
"m003(-6,11)",ABBAb,5,-2,-1,,3.1391340044179515582192681971463750,4.5709172671009835993096927312238273,-11.039122364988840731510700782226467,28.697443649075740225431164813005501,3.4513104479941166489654078450844295,1.9965178918522058783273646049069270,359.37322053339705809892562888324686/pi,5.5450380485957901637493564602925568
"m003(-6,11)",ABBBB,5,-1,-4,,1.9351153050260268151629546457578134,0.083612028141457133750355785921867065,3.7376802724960449820492774965073344,0.32359783068160111864716599522028546,0.28901732036449417588745558374034198,0.58488775035244578108118024968168005,105.27979506344024059461244494270241/pi,1.9369208076211842433925502886024126
"m003(-6,11)",ABBaB,5,0,-3,,1.5540570818735842770864742130989483,0.83949656143588329055619584421273436,1.7103389370587684570475774696490834,2.6092511530159139038339671418158578,1.0843478570887580138899656303382280,1.6588022834669707013089182066744613,298.58441102405472623560527720140304/pi,1.7663091151845737992669134875867364
"m003(-6,11)",ABBab,5,0,-1,,-4.1391340044179515582192681971463750,-4.5709172671009835993096927312238273,-3.7608543561529376150721643879337172,37.839278183277707424050550275453156,3.6454558139570129847615738193145993,1.7216787554040806459496580844646569,309.90217597273451627093845520363824/pi,6.1664994096497659256160945795280098
"m003(-6,11)",ABaBB,5,0,-3,,1.5540570818735842770864742130989483,0.83949656143588329055619584421273436,1.7103389370587684570475774696490834,2.6092511530159139038339671418158578,1.0843478570887580138899656303382280,1.6588022834669707013089182066744613,298.58441102405472623560527720140304/pi,1.7663091151845737992669134875867364
"m003(-6,11)",ABabb,5,0,1,,-4.1391340044179515582192681971463750,-4.5709172671009835993096927312238273,-3.7608543561529376150721643879337172,37.839278183277707424050550275453156,3.6454558139570129847615738193145993,1.7216787554040806459496580844646569,309.90217597273451627093845520363824/pi,6.1664994096497659256160945795280098
"m003(-6,11)",AbAbb,5,-2,3,,3.6644575143609313057391035290753725,-3.5093744170491166103120253034863352,1.1125400755174680264772774925191120,-25.719906906523296320786107863327114,3.2493631360418121931184362316736873,-1.6051838257690321653243780246748333,-288.93308863842578975838804444146999/pi,5.0738503795042204720029037380682082
"m003(-6,11)",Abbbb,5,-1,4,,-7.2793677465519989354380033489055052,-6.8437411387971299435185152761824927,6.1524020146772899909982036786131822,99.636217023021749542497532605930937,4.6024935922009198883349959181386994,1.5291531654058525578794950559947436,275.24756977305346041830911007905385/pi,9.9912955898825135313313431227974930
"m003(-6,11)",AAAAAB,6,-5,-1,,6.4508756910637342751040119650248490,4.8575821502999088011664641907226296,18.017692834644725474469840069372927,62.671317221429569044138497354170775,4.1697522669385287908520124030606550,1.3206850740270897313003309490554172,237.72331332487615163405957082997509/pi,8.0752647961828036287290049631831547
"m003(-6,11)",AAAAAb,6,-5,1,,9.1677240554757353402484921192834211,-5.1355600714913621140820883320101840,57.673187109452099322240069837338244,-94.162795211504095191927058228565515,4.6949582420000561362680472326932791,-1.0369131575405298191869755829760072,-186.64436835729536745365560493568130/pi,10.508146440036169767094058200823047
"m003(-6,11)",AAAABB,6,-4,-2,,-0.037445596943213902866043205441349356,-4.5611810856283287567226991122858931,-20.802970723163186075658817930195310,0.34159229703489843646738490270290712,3.1250755799085256094994200104421141,3.1265556804392288402647832447946702,562.78002247906119124766098406304064/pi,4.5613347902367409251684523886508327
"m003(-6,11)",AAAAbb,6,-4,2,,-11.936299766924403523357916488875252,-3.9632031757537388497819620894737847,126.76827271357504884522630743968003,94.611962286046817771455166756264491,5.0535815274964597142194352572371358,0.64883217590015862943742488876294280,116.78979166202855329873647997732970/pi,12.577051782440274699287057088905828
"m003(-6,11)",AAABAB,6,-4,-2,,5.6493197330758910336199757703111030,-0.82002419849057360538220860633686616,31.242373760410549057712259879326816,-9.2651577722650775347830157854184304,3.4225806805245798880550649338538903,-0.30744757600093329789600292271322964,-55.340563680167993621280526088381334/pi,5.7085246020868443284883735051346252
"m003(-6,11)",AAABAb,6,-4,0,,-1.8848422469915362019495596929814417,-7.9690039606118279468290300040767006,-59.952393828202897101883773146776133,30.040630662808098483785695926312528,4.2318224009401707212843170229228505,2.6899332690673551397515621030051292,484.18798843212392515528117854092326/pi,8.1888738188038471828541955935330463
"m003(-6,11)",AAABBB,6,-3,-3,,-2.0547337862167102202654670872691581,4.0329086943887514365287539015627693,-12.042421605055926313765851714467589,-16.573107502175377452926337631355295,3.0786928550119540691050735656362237,-2.2716334726695724287363521900669865,-408.89402508052303717254339421205757/pi,4.5261775782106518176052031843716170
"m003(-6,11)",AAABaB,6,-2,-2,,-6.3934257618443669144889767013113083,-1.1728305735901392517903554583709539,39.500361417867448444370358998935230,14.996810406939803761228733129662935,3.6980858905214096260726034614474567,0.38085301862381655536892348690696413,68.553543352286979966406227643253543/pi,6.5001095780427423907016907394387336
"m003(-6,11)",AAABab,6,-2,0,,3.1391340044179515582192681971463750,4.5709172671009835993096927312238273,-11.039122364988840731510700782226467,28.697443649075740225431164813005501,3.4513104479941166489654078450844295,1.9965178918522058783273646049069270,359.37322053339705809892562888324686/pi,5.5450380485957901637493564602925568
"m003(-6,11)",AAAbAB,6,-4,0,,-1.8848422469915362019495596929814417,-7.9690039606118279468290300040767006,-59.952393828202897101883773146776133,30.040630662808098483785695926312528,4.2318224009401707212843170229228505,2.6899332690673551397515621030051292,484.18798843212392515528117854092326/pi,8.1888738188038471828541955935330463
"m003(-6,11)",AAAbAb,6,-4,2,,-6.2495344369052985868718975131227992,-0.22204628861598369844147158352475771,39.007376123777094752061371371735703,2.7753718545852061894576314755879234,3.6132027809924769810802139202324557,0.074963505028945123659946441167227463,13.493430905210122258790359410100943/pi,6.2534778509524889989610156301746420
"m003(-6,11)",AAAbaB,6,-2,0,,3.1391340044179515582192681971463750,4.5709172671009835993096927312238273,-11.039122364988840731510700782226467,28.697443649075740225431164813005501,3.4513104479941166489654078450844295,1.9965178918522058783273646049069270,359.37322053339705809892562888324686/pi,5.5450380485957901637493564602925568
"m003(-6,11)",AAAbab,6,-2,2,,-2.1016884074747376553532249917050257,-0.0097361814726548425869936189379341030,4.4169993688840304350505351952079394,0.040924839468298004283832094237784744,0.63583810480188718695240228422875235,0.030115989339463422993539195987894958,5.4208780811034161388370552778210924/pi,2.1017109590386988725045841818337266
"m003(-6,11)",AAAbbb,6,-3,3,,4.0927621187110475977253813093914974,14.197706543695971809301199294264973,-184.82416934055127460216647184861102,116.21567102922966052281763148028358,5.3937150229754406563731237797499843,2.5850924222093630949717235537353296,465.31663599768535709491023967235932/pi,14.775844235144858928069839640968663
"m003(-6,11)",AABAAb,6,-4,0,,-0.037445596943213902866043205441349356,-4.5611810856283287567226991122858931,-20.802970723163186075658817930195310,0.34159229703489843646738490270290712,3.1250755799085256094994200104421141,3.1265556804392288402647832447946702,562.78002247906119124766098406304064/pi,4.5613347902367409251684523886508327
"m003(-6,11)",AABABB,6,-3,-3,,-1.4570656404922580349628802408833751,-2.7279250078880565236020850083350703,-5.3185345679579391087568902904286096,7.9495315976665182616550427662008324,2.3808578555166430309635111037804570,2.3063745493130517056376958679487473,415.14741887634930701478525623077451/pi,3.0926711964520520920049499242366188
"m003(-6,11)",AABAbb,6,-3,1,,-5.1217209328669781528755766852718213,7.2703533767573847320323282321606134,-26.626012908759717732407092121354464,-74.473442158156834417922030970115992,4.3794596985759669338834659898639745,-1.9376588719622588531004737132192138,-348.77859695320659355808526837945848/pi,8.8932594439325391579447545347796674
"m003(-6,11)",AABBAB,6,-3,-3,,-1.4570656404922580349628802408833751,-2.7279250078880565236020850083350703,-5.3185345679579391087568902904286096,7.9495315976665182616550427662008324,2.3808578555166430309635111037804570,2.3063745493130517056376958679487473,415.14741887634930701478525623077451/pi,3.0926711964520520920049499242366188
"m003(-6,11)",AABBAb,6,-3,-1,,-2.0547337862167102202654670872691581,4.0329086943887514365287539015627693,-12.042421605055926313765851714467589,-16.573107502175377452926337631355295,3.0786928550119540691050735656362237,-2.2716334726695724287363521900669865,-408.89402508052303717254339421205757/pi,4.5261775782106518176052031843716170
"m003(-6,11)",AABBBB,6,-2,-4,,9.3512228443800362422251225048278248,0.23178247008863854102846520246269181,87.391645571814664895869988660266143,4.3348990584394183373407162075971283,4.4483990360853413134583298679976454,0.050735225411258584419149821785007001,9.1323405740265451954469679213012601/pi,9.3540949214071719369409961793399563
"m003(-6,11)",AABBaB,6,-1,-3,,-0.12514674859389574352380078792401311,7.6388472536228941964908415055269939,-58.336325655498409506676607315735751,-1.9119537935926305927880284542285984,4.1001621835400058665341442512163134,-3.1098975952465819907027148900878112,-559.78156714438475832648868021580602/pi,7.6398723204557323936394347049970666
"m003(-6,11)",AABBab,6,-1,-1,,0.12238261489228957431315661471767888,-5.8776839880765513833849755965058152,-34.532191559263599366873137314375076,-1.4386526719426986681441044303652806,3.5982219990265288115462148633865635,-3.1021736183547371220837352170974092,-558.39125130385268197507233907753365/pi,5.8789579491708688596739840331546194
"m003(-6,11)",AABaBB,6,-1,-3,,-0.12514674859389574352380078792401311,7.6388472536228941964908415055269939,-58.336325655498409506676607315735751,-1.9119537935926305927880284542285984,4.1001621835400058665341442512163134,-3.1098975952465819907027148900878112,-559.78156714438475832648868021580602/pi,7.6398723204557323936394347049970666
"m003(-6,11)",AABaaB,6,0,-2,,-4.1327082481455206593995447626535040,-2.9016603257018718607842946617362926,8.6596448185377252738949244833389551,23.983431122689487504103993028536954,3.2158825591136103382962741413942530,1.3007718983498612927620572654892214,234.13894170297503269717030778805985/pi,5.0496445528415474256987678212957842
"m003(-6,11)",AABaab,6,0,0,,5.8393686799707826374025024882123600,0.33333401215425596123415961415821956,33.987115016964866834982800128008065,3.8929203810851248960697125158399932,3.4717484327717582459518758419232698,0.12133882944286403348083773107790755,21.840989299715526026550791594023360/pi,5.8488749468835948225436760520608290
"m003(-6,11)",AABabb,6,-1,1,,2.5327834507504790004655414921435964,-6.6772216741353508263804831239759726,-38.170297277147393134554915314890096,-33.823913106484848561784517507584749,3.9610163678407352402542428644647859,-2.4413963702840814044836037708415646,-439.45134665113465280704867875148163/pi,7.1414481230306785239450149226895526
"m003(-6,11)",AAbABB,6,-3,-1,,-2.0547337862167102202654670872691581,4.0329086943887514365287539015627693,-12.042421605055926313765851714467589,-16.573107502175377452926337631355295,3.0786928550119540691050735656362237,-2.2716334726695724287363521900669865,-408.89402508052303717254339421205757/pi,4.5261775782106518176052031843716170
"m003(-6,11)",AAbAbb,6,-3,3,,4.6904302644354997830279681557772804,7.4368728414191638491703603843671335,-33.306941593905475352074554528226373,69.764266896301750673136049050204098,4.3592351190672298345310351882243848,2.0391716519829070873249362235187481,367.05089735692327571848852023337467/pi,8.7924520882954159088666429862605224
"m003(-6,11)",AAbaBB,6,-1,-1,,0.12238261489228957431315661471767888,-5.8776839880765513833849755965058152,-34.532191559263599366873137314375076,-1.4386526719426986681441044303652806,3.5982219990265288115462148633865635,-3.1021736183547371220837352170974092,-558.39125130385268197507233907753365/pi,5.8789579491708688596739840331546194
"m003(-6,11)",AAbabb,6,-1,3,,-0.47528553083216261098943023166810412,0.88314971420025657674586331339202447,-0.55405708187358427708647421309894831,-0.83949656143588329055619584421273436,0.87630109860863501844198840468124205,-2.7050866521253032807573402039635787,-486.91559738255459053632123671344417/pi,1.0029206117686511426784405492894782
"m003(-6,11)",AAbbAB,6,-3,1,,-5.1217209328669781528755766852718213,7.2703533767573847320323282321606134,-26.626012908759717732407092121354464,-74.473442158156834417922030970115992,4.3794596985759669338834659898639745,-1.9376588719622588531004737132192138,-348.77859695320659355808526837945848/pi,8.8932594439325391579447545347796674
"m003(-6,11)",AAbbAb,6,-3,3,,4.6904302644354997830279681557772804,7.4368728414191638491703603843671335,-33.306941593905475352074554528226373,69.764266896301750673136049050204098,4.3592351190672298345310351882243848,2.0391716519829070873249362235187481,367.05089735692327571848852023337467/pi,8.7924520882954159088666429862605224
"m003(-6,11)",AAbbaB,6,-1,1,,2.5327834507504790004655414921435964,-6.6772216741353508263804831239759726,-38.170297277147393134554915314890096,-33.823913106484848561784517507584749,3.9610163678407352402542428644647859,-2.4413963702840814044836037708415646,-439.45134665113465280704867875148163/pi,7.1414481230306785239450149226895526
"m003(-6,11)",AAbbab,6,-1,3,,-0.47528553083216261098943023166810412,0.88314971420025657674586331339202447,-0.55405708187358427708647421309894831,-0.83949656143588329055619584421273436,0.87630109860863501844198840468124205,-2.7050866521253032807573402039635787,-486.91559738255459053632123671344417/pi,1.0029206117686511426784405492894782
"m003(-6,11)",AAbbbb,6,-2,4,,11.079492394544860564122100060012497,-11.131981114704311720527533680426990,-1.1658518173560423507991702559305374,-246.67340019316688155308843723862297,5.5081639725295806560124907016083500,-1.5836293845583013288626335642640185,-285.05328922049423919527404156752334/pi,15.705927392513657572085587922222014
"m003(-6,11)",ABABAb,6,-3,-1,,-5.3447243360548078518930259168665479,-2.7160860885018882052162359194471976,21.188954588263019727545975878131812,29.033462832071909032875795664859591,3.5499904101538986049653152185926139,0.98753779900389529985076524178078451,177.75680382070115397313774352054121/pi,5.9952649539924416507886443562761887
"m003(-6,11)",ABABBB,6,-2,-4,,-0.70666043182526197800295772555885600,2.5683263135476158995501350475780731,-6.0969310869536208859554140006628915,-3.6298691635994828885478024753155651,2.1746354429249549448097848917802857,-2.7104257517746587971192548556491848,-487.87663531943858348146587401685326/pi,2.6637697007753039515710316380745578
"m003(-6,11)",ABABaB,6,-1,-3,,-3.4151372984319933751513596175214029,0.88985247073225455474585168451702702,10.871325347473076231168358106203058,-6.0779367257991725475226881893090405,2.3722106276613753603103427110482435,-0.60880895866028251984440367987346619,-109.58561255885085357199266237722391/pi,3.5291642334708188143785467451504229
"m003(-6,11)",ABABab,6,-1,-1,,3.4123731647303872059407154443150687,0.87131079481408825836001422450415174,10.885108114212520088077321028876384,5.9464751487269987977709142589663559,2.3661859767106873210913973598271536,0.59796555212740535474426034589181466,107.63379938293296385396686226052664/pi,3.5218564872140426995013937749476856
"m003(-6,11)",ABAbAb,6,-3,1,,-1.2340622373044283359454310092886485,7.2585144573712164136464791432727407,-51.163122522326153063776434708718540,-17.914917181540123889058127835641573,4.0268910763912518127783180783353741,-2.8163711092319724052927351803817568,-506.94679966175503295269233246871622/pi,7.3626721870125234752634556959222218
"m003(-6,11)",ABAbaB,6,-1,-1,,3.4123731647303872059407154443150687,0.87131079481408825836001422450415174,10.885108114212520088077321028876384,5.9464751487269987977709142589663559,2.3661859767106873210913973598271536,0.59796555212740535474426034589181466,107.63379938293296385396686226052664/pi,3.5218564872140426995013937749476856
"m003(-6,11)",ABAbab,6,-1,1,,-1.9525433905365230017671910302253594,0.095450947527625452136204874809739795,3.8033148085439394742410347869777617,-0.37274423343102709570670491349867827,0.34682078443739301106494670048841037,-0.55477176101298235808764105369378510,-99.858916982336824455775389664881318/pi,1.9548750792088435871929727770846545
"m003(-6,11)",ABAbbb,6,-2,2,,13.642960198749665501360874214434108,1.3948768622061229502318270418957116,184.18468152394951308626864902388401,38.060499026469913888299174848074721,5.2263537023726189028192701921083237,0.20596112593664711010871547076418893,37.073002668596479819568784737554007/pi,13.714081976034178267856908810052011
"m003(-6,11)",ABBAbb,6,-2,0,,9.3576486006524671410448459393206958,1.9010394114877502795538632719502264,83.951636489263384528760100162972768,35.578517577387072140887612301745493,4.4923804361414638201023886878579646,0.40967867199544069213736868825012873,73.742160959179324584726363885023171/pi,9.5487977346534452807083386696665826
"m003(-6,11)",ABBBAb,6,-2,-2,,9.3512228443800362422251225048278248,0.23178247008863854102846520246269181,87.391645571814664895869988660266143,4.3348990584394183373407162075971283,4.4483990360853413134583298679976454,0.050735225411258584419149821785007001,9.1323405740265451954469679213012601/pi,9.3540949214071719369409961793399563
"m003(-6,11)",ABBBBB,6,-1,-5,,2.5917016158181053216206793663345591,-2.3542949681683767187577110172058196,1.1742124682912400448105033420857236,-12.203260146228833552112194727102417,2.5105472876259030867002019093736333,-1.6374797113578304046335042869299724,-294.74634804440947283403077164739504/pi,3.5013743105496612899069905901214577
"m003(-6,11)",ABBBaB,6,0,-4,,1.5476313256011533782667507786060773,-0.82976037996322844796920222527480026,1.7066604318252619780029577255588560,-2.5683263135476158995501350475780731,1.0719608530378701127654247137980843,-1.6608044696099083947210765003565948,-298.94480452978351104979377006418707/pi,1.7560367331404842996074353896114163
"m003(-6,11)",ABBBab,6,0,-2,,-10.351222844380036242225122504827825,-0.23178247008863854102846520246269181,107.09409126057473738032023366992179,4.7984639986166954193976466125225119,4.6558073431324451179845742375533117,0.045635288851570149697445835910395347,8.2143519932826269455402504638711625/pi,10.353817532072675976352997287592032
"m003(-6,11)",ABBaBB,6,0,-4,,3.3950279756494756773502672661461697,2.5780624950202707421371286665160072,4.8798087272124333076947751128002705,17.505188587133012493668346960107635,2.8788474510764984393772647227326046,1.4087538619599196004907934877449055,253.57569515278552808834282779408299/pi,4.2629357470729863579724815588290035
"m003(-6,11)",ABBabb,6,0,0,,-9.9052799262536205193115967179267731,-1.0712790315245218315846610466754262,96.966931654058812513350187073090264,21.222637372752531238894338907016787,4.5777999755618836014962700621373036,0.21990644094921105179962702949576420,39.583159370857989323932865309237556/pi,9.9630421649628206014328603712786701
"m003(-6,11)",ABaBAb,6,-1,-1,,2.8147050190059350206381285979292857,7.6321444970908962184908531344019914,-50.327065280457648130758357392470695,42.964470843480546840995478001980322,4.2151286024930617152916199961023773,2.4539182575483219797451983961466967,441.70528635869795635413571130640541/pi,8.1346293073803953259308466129996072
"m003(-6,11)",ABaBBB,6,0,-4,,1.5476313256011533782667507786060773,-0.82976037996322844796920222527480026,1.7066604318252619780029577255588560,-2.5683263135476158995501350475780731,1.0719608530378701127654247137980843,-1.6608044696099083947210765003565948,-298.94480452978351104979377006418707/pi,1.7560367331404842996074353896114163
"m003(-6,11)",ABaBaB,6,1,-3,,3.4123731647303872059407154443150687,0.87131079481408825836001422450415174,10.885108114212520088077321028876384,5.9464751487269987977709142589663559,2.3661859767106873210913973598271536,0.59796555212740535474426034589181466,107.63379938293296385396686226052664/pi,3.5218564872140426995013937749476856
"m003(-6,11)",ABaBab,6,1,-1,,-1.3548752448120708164646041838395764,-6.6653827547491825079946340350880999,-42.591640338303232025468097441480811,18.061524183213907250036045936658908,3.8731929578448650191775191364722413,2.7564456445347175676294065170438742,496.16021601624916217329317306789736/pi,6.8016920098099391728531039138557153
"m003(-6,11)",ABabAb,6,-1,1,,-1.3548752448120708164646041838395764,-6.6653827547491825079946340350880999,-42.591640338303232025468097441480811,18.061524183213907250036045936658908,3.8731929578448650191775191364722413,2.7564456445347175676294065170438742,496.16021601624916217329317306789736/pi,6.8016920098099391728531039138557153
"m003(-6,11)",ABabbb,6,0,2,,-10.351222844380036242225122504827825,-0.23178247008863854102846520246269181,107.09409126057473738032023366992179,4.7984639986166954193976466125225119,4.6558073431324451179845742375533117,0.045635288851570149697445835910395347,8.2143519932826269455402504638711625/pi,10.353817532072675976352997287592032
"m003(-6,11)",AbAbbb,6,-2,4,,1.0216091183395623438940198296258159,-8.7954372712453343620058638353116092,-76.316031601737035526528483991854410,-17.970997832175744189161581716250433,4.3862708838411240243055898848096789,-2.9159623471251130911905445693751987,-524.87322248252035641429802248753577/pi,8.8545695538002360491325986743185742
"m003(-6,11)",Abbbbb,6,-1,5,,-17.066825417725124682122134113344301,1.3262267646398588337141909856615897,289.51765240786126908288138322177131,-45.268961312845798711313350477992331,5.6735167563605216089544572273948625,-0.15616920346696426973457124819192054,-28.110456624053568552222824674545697/pi,17.118276994789968759425091053128090
"m003(-7,13)",A,1,-1,0,,-0.48023052546256691580049138616054902,-0.87506212467943747400603829843340723,-0.53511236446243824386050290672777711,0.84046308789439300598677214934877146,0.86922821696526275062782621393803527,2.6998187405377798074777195279490993,485.96737329680036534598951503083787/pi,0.99817587610327695475570488294687845
"m003(-7,13)",B,1,0,-1,,1.5351123644624382438605029067277771,-0.84046308789439300598677214934877146,1.6501917694124796442816164833636436,-2.5804105562019274083217570965733868,1.0770002844229289653796144347209720,-1.6777637760123722786010055017583277,-301.99747968222701014818099031649898/pi,1.7501280449265522272364670362119140
"m003(-7,13)",AB,2,-1,-1,,0.48198733090085899308085200207974469,-0.87826332455734920477794457231341231,-0.53903468011359356437010311337229119,-0.84662359126302317861823974161323548,0.87234609215479624464368804084024982,-2.6984635893361258297491252373150777,-485.72344608050264935484254271671399/pi,1.0018274574054465638162896600075067
"m003(-7,13)",Ab,2,-1,1,,-1.9546525637382475944904601387340266,-0.061439332379411074106430522671609275,3.8168918533652763249067787496332478,0.24018509709956436753783484000010127,0.25080164218721919877943629179517240,0.49365932421229938480069350918991881,88.858678358213889264124831654185386/pi,1.9556179167955410775516246146775065
"m003(-7,13)",AAB,3,-2,-1,,-2.5351123644624382438605029067277771,0.84046308789439300598677214934877146,5.7204164983373561320026222968191978,-4.2613367319907134202953013952709297,1.7384564339305255012556524278760705,-0.88354782610402686196984771066080720,-159.03860869872483515457258791894530/pi,2.6708000491544312720263206391353509
"m003(-7,13)",AAb,3,-2,1,,-0.65019176941247964428161648336364355,2.5804105562019274083217570965733868,-6.2357693015466092676450938232210773,-3.3555234106951438622980154475595310,2.1762322971552234212517121903140759,-2.7456139017959558189383800268748450,-494.21050232327204740890840483747210/pi,2.6610651956632087499294331857064027
"m003(-7,13)",ABB,3,-1,-2,,0.48198733090085899308085200207974469,-0.87826332455734920477794457231341231,-0.53903468011359356437010311337229119,-0.84662359126302317861823974161323548,0.87234609215479624464368804084024982,-2.6984635893361258297491252373150777,-485.72344608050264935484254271671399/pi,1.0018274574054465638162896600075067
"m003(-7,13)",Abb,3,-1,2,,-2.5720182843699909208857354514965364,2.4235591753596255135146182918600891,0.74163897866372343218690156791870132,-12.466877024555227974529737605922950,2.5343289896914405035900399049235953,-1.6701425269076430872045998803415783,-300.62565484337575569682797846148409/pi,3.5339662040833638302966028719695806
"m003(-7,13)",AAAB,4,-3,-1,,1.4709084273990965241292475207350862,2.6930281061735469576683579657318411,-5.0888287788469976952379629372773707,7.9223954731865982021416654811931893,2.3648574315304167892488064944009284,2.2919559865176582719754117971128127,412.55207757317848895557412348030629/pi,3.0685455809608505985995099993373425
"m003(-7,13)",AAAb,4,-3,1,,4.5249140426699464380958349743113673,-0.60879439374342776062420489844166033,20.104216479698250100614473984094172,-5.5094846026967457097644042785393226,2.9381065448731753708176953917244019,-0.29698224265264310491249371129257197,-53.456803677475758884248868032662954/pi,4.5656848015829022632364494991732902
"m003(-7,13)",AABB,4,-2,-2,,-0.65019176941247964428161648336364355,2.5804105562019274083217570965733868,-6.2357693015466092676450938232210773,-3.3555234106951438622980154475595310,2.1762322971552234212517121903140759,-2.7456139017959558189383800268748450,-494.21050232327204740890840483747210/pi,2.6610651956632087499294331857064027
"m003(-7,13)",AAbb,4,-2,2,,3.7057347640663902449952653796418954,3.6672192445645149544778316781867236,0.28397315390585322825081779301234697,27.179483684072017383408736984876002,3.3057865513126662663348071013817308,1.6336805758430921758042714980235078,294.06250365175659164476886964423141/pi,5.2135369116670226869513771820996511
"m003(-7,13)",ABAb,4,-2,0,,-0.64626945376132432377201627671912947,4.2674972353593435929267689875353937,-17.793868446934680285449945803667949,-5.5159062144472893782974778235850434,3.0207351584376405109656043838087251,-2.8685877032576719944746188616663438,-516.34578658638095900543139509994188/pi,4.3161553332409853529557904744101609
"m003(-7,13)",ABBB,4,-1,-3,,-0.48023052546256691580049138616054902,-0.87506212467943747400603829843340723,-0.53511236446243824386050290672777711,0.84046308789439300598677214934877146,0.86922821696526275062782621393803527,2.6998187405377798074777195279490993,485.96737329680036534598951503083787/pi,0.99817587610327695475570488294687845
"m003(-7,13)",ABaB,4,0,-2,,1.5390346801135935643701031133722912,0.84662359126302317861823974161323548,1.6518562413092527329285073024006990,2.6059661359122173298973790683034760,1.0847217524480575419338366236512551,1.6766001407922294423715666294644179,301.78802534260129962688199330359522/pi,1.7565304585675278881890062779894446
"m003(-7,13)",ABab,4,0,0,,0.11115708929888607991151336999135236,-3.4270341474649505869399968381866223,-11.732207149389420151177798561020515,-0.76187828152018687766357156378498310,2.6159850530184709759338765959841545,-3.0855741456655405390114559143184536,-555.40334621979729702206206457732164/pi,3.4288363837302329377676760685376690
"m003(-7,13)",Abbb,4,-1,3,,0.043227521995946532959034067124811040,5.9435614178828043795980987018939413,-35.324053709487141947126469223840986,0.51385086385157617885485693457917108,3.6190145545134404712457202689292115,3.1278064385491876047934900117694568,563.00515893885376886282820211850222/pi,5.9437186126870913664066680601620359
"m003(-7,13)",AAAAB,5,-4,-1,,4.1853041338749178881421193900914207,-3.4208736440963204143085292459221583,5.8143942041576379269354752746800123,-28.634793208200168848783097182892541,3.3645716423623167985516711649755591,-1.4386801767506139104476339782587105,-258.96243181511050388057411608656789/pi,5.4054738165958509492988935137261588
"m003(-7,13)",AAAAb,5,-4,1,,-2.0555429946539106007136488962782518,-6.2476298007664423627995887747601104,-34.807621124554169547779534557800452,25.684543340312935570426359658069943,3.8038913407674228541826790406419962,2.5318751858188903277291142187930638,455.73753344740025899124055938275148/pi,6.5770916924044553749295850709743126
"m003(-7,13)",AAABB,5,-3,-2,,2.0882741480308398505245228334975960,0.20802959843451037004730915120014271,4.3176126035091063897536964537474279,0.86884566487204975705621209294604227,0.79420520025952746280154825735137925,0.51605697547568363904798165134157526,92.890255585623055028636697241483547/pi,2.0986103095045429773755636344558898
"m003(-7,13)",AAAbb,5,-3,2,,4.0014559952114329893363095210260072,-7.4274179363056696142283418987690088,-39.154887118941652416027211232827090,-59.440972060342502015333133405081287,4.2808593493855111971054643086850967,-2.1762011262793970471785412094384056,-391.71620273029146849213741769891300/pi,8.4367166173914299417463525353248981
"m003(-7,13)",AABAB,5,-3,-2,,-0.0035136108765841545607212318383913425,3.5066508984735733575679657414936391,-12.296588178304127232922424080400273,-0.024642013474520690525870369057856082,2.6550935999783734280982613014895797,-3.1398519088990554413481681456799310,-565.17334360182997944267026622238758/pi,3.5066526587654659432879750465764538
"m003(-7,13)",AABAb,5,-3,0,,4.5249140426699464380958349743113673,-0.60879439374342776062420489844166033,20.104216479698250100614473984094172,-5.5094846026967457097644042785393226,2.9381065448731753708176953917244019,-0.29698224265264310491249371129257197,-53.456803677475758884248868032662954/pi,4.5656848015829022632364494991732902
"m003(-7,13)",AABBB,5,-2,-3,,3.7057347640663902449952653796418954,3.6672192445645149544778316781867236,0.28397315390585322825081779301234697,27.179483684072017383408736984876002,3.3057865513126662663348071013817308,1.6336805758430921758042714980235078,294.06250365175659164476886964423141/pi,5.2135369116670226869513771820996511
"m003(-7,13)",AABaB,5,-1,-2,,2.5737750898082829981660960674157320,-4.1768846245964121922986011626069087,-10.822046954272275994774441438209740,-21.500723199578934413353348037787332,3.2209833434863858499563529400143287,-2.1071300739072609367337455405136118,-379.28341330330696861207419729245012/pi,4.9061882740175744727493613463750221
"m003(-7,13)",AABab,5,-1,0,,-2.5720182843699909208857354514965364,2.4235591753596255135146182918600891,0.74163897866372343218690156791870132,-12.466877024555227974529737605922950,2.5343289896914405035900399049235953,-1.6701425269076430872045998803415783,-300.62565484337575569682797846148409/pi,3.5339662040833638302966028719695806
"m003(-7,13)",AAbAB,5,-3,0,,4.5249140426699464380958349743113673,-0.60879439374342776062420489844166033,20.104216479698250100614473984094172,-5.5094846026967457097644042785393226,2.9381065448731753708176953917244019,-0.29698224265264310491249371129257197,-53.456803677475758884248868032662954/pi,4.5656848015829022632364494991732902
"m003(-7,13)",AAbAb,5,-3,2,,1.9096682363040089842510654556900199,-4.1287966362666066267076853084755125,-13.400128890897981285584887445083530,-15.769263580874351148202805466656630,3.0929882257873001148129385808272428,-2.3422947752451131959559874275002669,-421.61305954412037527207773695004805/pi,4.5490432440673621145836626075350475
"m003(-7,13)",AAbaB,5,-1,0,,-2.5720182843699909208857354514965364,2.4235591753596255135146182918600891,0.74163897866372343218690156791870132,-12.466877024555227974529737605922950,2.5343289896914405035900399049235953,-1.6701425269076430872045998803415783,-300.62565484337575569682797846148409/pi,3.5339662040833638302966028719695806
"m003(-7,13)",AAbab,5,-1,2,,-0.48023052546256691580049138616054902,-0.87506212467943747400603829843340723,-0.53511236446243824386050290672777711,0.84046308789439300598677214934877146,0.86922821696526275062782621393803527,2.6998187405377798074777195279490993,485.96737329680036534598951503083787/pi,0.99817587610327695475570488294687845
"m003(-7,13)",AAbbb,5,-2,3,,9.4210734354215271557872132133124980,-0.065350233401176552010513798362627240,88.752354022599587552756736960076313,-1.2313386957888420198135517586065147,4.4630254554974148222949213458457351,-0.014196539712307679832424725823908442,-2.5553771482153823698364506483035196/pi,9.4213000869630919561573962413597921
"m003(-7,13)",ABABB,5,-2,-3,,-2.0741470445760318082306060201000683,-0.0061605033686301726314675922644640204,4.3020480107217323772101237857643425,0.025555579710289921575621971730089154,0.54340355807230826402211196555620686,0.022397651263384254247288142151656455,4.0315772274091657645118655872981619/pi,2.0741561933290468047001065677255377
"m003(-7,13)",ABAbb,5,-2,1,,5.1296900392299424089442549163783201,6.2537903041350725354310563670245744,-12.796173269518954950386226713902891,64.160011661108947406216415187807564,4.1874957944802772286722375259272904,1.7973464871387359974997177259914876,323.52236768497247954994919067846776/pi,8.0884864509170522026695751463881436
"m003(-7,13)",ABBAb,5,-2,-1,,3.2447694441799838093653684930141866,4.5138428358275381330960714197999590,-9.8462484006675103050954444440535862,29.292758619047845632967511188650347,3.4537966351892763328829709342679287,1.9544028335451290339677491384133093,351.79251003812322611419484491439567/pi,5.5590741938236147665726761757697773
"m003(-7,13)",ABBBB,5,-1,-4,,-1.9546525637382475944904601387340266,-0.061439332379411074106430522671609275,3.8168918533652763249067787496332478,0.24018509709956436753783484000010127,0.25080164218721919877943629179517240,0.49365932421229938480069350918991881,88.858678358213889264124831654185386/pi,1.9556179167955410775516246146775065
"m003(-7,13)",ABBaB,5,0,-3,,1.5390346801135935643701031133722912,0.84662359126302317861823974161323548,1.6518562413092527329285073024006990,2.6059661359122173298973790683034760,1.0847217524480575419338366236512551,1.6766001407922294423715666294644179,301.78802534260129962688199330359522/pi,1.7565304585675278881890062779894446
"m003(-7,13)",ABBab,5,0,-1,,-4.2447694441799838093653684930141866,-4.5138428358275381330960714197999590,-2.3567095123075426863647074580252130,38.320444290702921899159654028250265,3.6530595458623056160966819563002340,1.6838511377889291592671205929139493,303.09320480200724866808170672451087/pi,6.1961959927681145015235700082765826
"m003(-7,13)",ABaBB,5,0,-3,,1.5390346801135935643701031133722912,0.84662359126302317861823974161323548,1.6518562413092527329285073024006990,2.6059661359122173298973790683034760,1.0847217524480575419338366236512551,1.6766001407922294423715666294644179,301.78802534260129962688199330359522/pi,1.7565304585675278881890062779894446
"m003(-7,13)",ABabb,5,0,1,,-4.2447694441799838093653684930141866,-4.5138428358275381330960714197999590,-2.3567095123075426863647074580252130,38.320444290702921899159654028250265,3.6530595458623056160966819563002340,1.6838511377889291592671205929139493,303.09320480200724866808170672451087/pi,6.1961959927681145015235700082765826
"m003(-7,13)",AbAbb,5,-2,3,,3.6411916267791051025613418135705343,-3.7387299813343216791198130688138148,-0.71982541040187150411132192147865841,-27.226864605645064019915925305868831,3.3104757175433094430525647041115590,-1.6700977575035121223109601539866724,-300.61759635063218201597282771760102/pi,5.2188483726062020126687411655821904
"m003(-7,13)",Abbbb,5,-1,4,,7.6337213702347989967736698059197333,6.6641443095554322790455261411095142,13.862882579799407934525788083455255,101.74444166036386597275242409268412,4.6293083291426051231073622288678118,1.4547474274623354612072657055568159,261.85453694322038301730782700022687/pi,10.133337127371195200528019705966427
"m003(-7,13)",AAAAAB,6,-5,-1,,-6.4742961900933178007452132652878068,-4.7126212863463433498341742364704076,19.707711768532186382150433150295700,61.021812079089602448900300174581315,4.1518655577139200290536213504541978,1.2884993022961777480697289062392573,231.92987441331199465255120312306631/pi,8.0078280791723740742744362349874698
"m003(-7,13)",AAAAAb,6,-5,1,,-9.0048437579056542659522752655787278,5.4078247561328732220625256280304424,51.842642511248855639965658584385578,-97.393233998221540912152535722674606,4.6951170330721534989397835915934153,-1.0978472506083984907263451461402558,-197.61250510951172833074212630524604/pi,10.503893549409951779755501147145780
"m003(-7,13)",AAAABB,6,-4,-2,,-0.17062239960395200113476247291411829,-4.5076823324589079604646038275354950,-20.290088007115570155017809075178191,1.5382231524329564206060779817391158,3.1045276087733082055110795467420995,3.0724157886219492673223110335259476,553.03484195195086811801598603467057/pi,4.5109103309208875821476534158094123
"m003(-7,13)",AAAAbb,6,-4,2,,-12.126808199487917400782478592954393,-3.6018690111633384024673178798240963,134.08601673358861989239228836617913,87.358349316114018466276009478206553,5.0648614464031129611063889744709168,0.58436667464921342580652006979826585,105.18600143685841664517361256368785/pi,12.650412541919182417879294667137464
"m003(-7,13)",AAABAB,6,-4,-2,,5.6092594090384700520911089268278454,-0.83430258452576283335530455708430744,30.767730315340238647159615169911237,-9.3596392444724972795743880631008301,3.4086791600218827509403644975701779,-0.31519491617926393588510447279723937,-56.735084912267508459318805103503087/pi,5.6709656955789261696578893431484362
"m003(-7,13)",AAABAb,6,-4,0,,-2.0594653103050659212232491029227659,-7.9347164799238585474046006657221173,-58.718328252425327258428075978843946,32.682546675018219424640067718369604,4.2333459172124961270451051521097168,2.6476281078338062263009281394775093,476.57305941008512073416706510595167/pi,8.1976291073166520874413985023181383
"m003(-7,13)",AAABBB,6,-3,-3,,1.9096682363040089842510654556900199,-4.1287966362666066267076853084755125,-13.400128890897981285584887445083530,-15.769263580874351148202805466656630,3.0929882257873001148129385808272428,-2.3422947752451131959559874275002669,-421.61305954412037527207773695004805/pi,4.5490432440673621145836626075350475
"m003(-7,13)",AAABaB,6,-2,-2,,-6.4300735780549016975074878831056072,-1.0929691917312177187875421738778008,40.151264565126174634432656491422180,14.055744642757849990581279939723111,3.7047382142547638568515946596357634,0.35338375763630656142346606599999720,63.609076374535181056223891879999496/pi,6.5223023445155743064882166870839784
"m003(-7,13)",AAABab,6,-2,0,,3.2447694441799838093653684930141866,4.5138428358275381330960714197999590,-9.8462484006675103050954444440535862,29.292758619047845632967511188650347,3.4537966351892763328829709342679287,1.9544028335451290339677491384133093,351.79251003812322611419484491439567/pi,5.5590741938236147665726761757697773
"m003(-7,13)",AAAbAB,6,-4,0,,-2.0594653103050659212232491029227659,-7.9347164799238585474046006657221173,-58.718328252425327258428075978843946,32.682546675018219424640067718369604,4.2333459172124961270451051521097168,2.6476281078338062263009281394775093,476.57305941008512073416706510595167/pi,8.1976291073166520874413985023181383
"m003(-7,13)",AAAbAb,6,-4,2,,-6.3469263908454953475566071932124297,0.071510736769806724641981390627091261,40.278360825337664981266969564879356,-0.90774676486618330213774355262416938,3.6444838205629333575805755906479471,-0.023742313674936434393269124447525355,-4.2736164614885581907884424005545639/pi,6.3473292333299039417553187006448983
"m003(-7,13)",AAAbaB,6,-2,0,,3.2447694441799838093653684930141866,4.5138428358275381330960714197999590,-9.8462484006675103050954444440535862,29.292758619047845632967511188650347,3.4537966351892763328829709342679287,1.9544028335451290339677491384133093,351.79251003812322611419484491439567/pi,5.5590741938236147665726761757697773
"m003(-7,13)",AAAbab,6,-2,2,,-2.0741470445760318082306060201000683,-0.0061605033686301726314675922644640204,4.3020480107217323772101237857643425,0.025555579710289921575621971730089154,0.54340355807230826402211196555620686,0.022397651263384254247288142151656455,4.0315772274091657645118655872981619/pi,2.0741561933290468047001065677255377
"m003(-7,13)",AAAbbb,6,-3,3,,-4.6247000823981876930464770353874589,-14.156202778118424698152204836430137,-179.01022624307400132842071176409846,130.93638430881946446754486340868271,5.4089724307519472737004467559831326,2.5153382388471185487429885449481289,452.76088299248133877373793809066320/pi,14.892478905385147780013699892862340
"m003(-7,13)",AABAAb,6,-4,0,,-0.17062239960395200113476247291411829,-4.5076823324589079604646038275354950,-20.290088007115570155017809075178191,1.5382231524329564206060779817391158,3.1045276087733082055110795467420995,3.0724157886219492673223110335259476,553.03484195195086811801598603467057/pi,4.5109103309208875821476534158094123
"m003(-7,13)",AABABB,6,-3,-3,,1.4709084273990965241292475207350862,2.6930281061735469576683579657318411,-5.0888287788469976952379629372773707,7.9223954731865982021416654811931893,2.3648574315304167892488064944009284,2.2919559865176582719754117971128127,412.55207757317848895557412348030629/pi,3.0685455809608505985995099993373425
"m003(-7,13)",AABAbb,6,-3,1,,4.9636738515748588982176529092663009,-7.4306191361835813450002481726490139,-30.576042642209638242850894845603249,-73.766339814572416374821285626817697,4.3900877746439760118290020717869844,-1.9865386508397179039491212367387366,-357.57695715114922271084182261297258/pi,8.9360035167755852316128847474988011
"m003(-7,13)",AABBAB,6,-3,-3,,1.4709084273990965241292475207350862,2.6930281061735469576683579657318411,-5.0888287788469976952379629372773707,7.9223954731865982021416654811931893,2.3648574315304167892488064944009284,2.2919559865176582719754117971128127,412.55207757317848895557412348030629/pi,3.0685455809608505985995099993373425
"m003(-7,13)",AABBAb,6,-3,-1,,1.9096682363040089842510654556900199,-4.1287966362666066267076853084755125,-13.400128890897981285584887445083530,-15.769263580874351148202805466656630,3.0929882257873001148129385808272428,-2.3422947752451131959559874275002669,-421.61305954412037527207773695004805/pi,4.5490432440673621145836626075350475
"m003(-7,13)",AABBBB,6,-2,-4,,9.4210734354215271557872132133124980,-0.065350233401176552010513798362627240,88.752354022599587552756736960076313,-1.2313386957888420198135517586065147,4.4630254554974148222949213458457351,-0.014196539712307679832424725823908442,-2.5553771482153823698364506483035196/pi,9.4213000869630919561573962413597921
"m003(-7,13)",AABBaB,6,-1,-3,,-0.041470716557654455678673451205615369,-7.6968868671195910583820815726407608,-59.240347624906228066931501670566050,0.63839082728529911024441693903996154,4.1145939184772089578397075822060062,3.1311631186740403956900637976641379,563.60936136132727122421148357954482/pi,7.6969985881231548201609616145950421
"m003(-7,13)",AABBab,6,-1,-1,,0.043227521995946532959034067124811040,5.9435614178828043795980987018939413,-35.324053709487141947126469223840986,0.51385086385157617885485693457917108,3.6190145545134404712457202689292115,3.1278064385491876047934900117694568,563.00515893885376886282820211850222/pi,5.9437186126870913664066680601620359
"m003(-7,13)",AABaBB,6,-1,-3,,-0.041470716557654455678673451205615369,-7.6968868671195910583820815726407608,-59.240347624906228066931501670566050,0.63839082728529911024441693903996154,4.1145939184772089578397075822060062,3.1311631186740403956900637976641379,563.60936136132727122421148357954482/pi,7.6969985881231548201609616145950421
"m003(-7,13)",AABaaB,6,0,-2,,-4.2408471285288284888557682863696725,-2.8267561566701219484910595288379521,9.9942339982787709178320911635343543,23.975681460131347790727347427048230,3.2310008532687868961388433041629160,1.2498939791424696411222702612840227,224.98091624564453540200864703112409/pi,5.0966003116610634374664506513329043
"m003(-7,13)",AABaab,6,0,0,,5.8910388979413081331373847697333161,0.24634560046819454016930243226456529,34.643653142187506932586969702259603,2.9024630293896851295674277118199198,3.4886700263540582783836823583436456,0.088845071821002561385086329646834545,15.992112927780461049315539336430218/pi,5.8961873657413209440245415990210438
"m003(-7,13)",AABabb,6,-1,1,,-2.3934123726431600546122780736889602,6.7603854100607425102696127515357443,-39.974388107040792812206521211026417,-32.360780168551368490240686535253310,3.9702138592112440704816865174175927,-2.4844640932268840828026199431027708,-447.20353678083913490447158975849874/pi,7.1715572700832219254220494464892659
"m003(-7,13)",AAbABB,6,-3,-1,,1.9096682363040089842510654556900199,-4.1287966362666066267076853084755125,-13.400128890897981285584887445083530,-15.769263580874351148202805466656630,3.0929882257873001148129385808272428,-2.3422947752451131959559874275002669,-421.61305954412037527207773695004805/pi,4.5490432440673621145836626075350475
"m003(-7,13)",AAbAbb,6,-3,3,,-5.0634598913031001531682949703423926,-7.3343780356782711137761615622227839,-28.154475099404651924630676227717176,74.274658022622687741675507979212744,4.3841666837012541428604066382226533,1.9563439763197102964131787408685046,352.14191573754785335437217335633083/pi,8.9124478815348512286925777769565091
"m003(-7,13)",AAbaBB,6,-1,-1,,0.043227521995946532959034067124811040,5.9435614178828043795980987018939413,-35.324053709487141947126469223840986,0.51385086385157617885485693457917108,3.6190145545134404712457202689292115,3.1278064385491876047934900117694568,563.00515893885376886282820211850222/pi,5.9437186126870913664066680601620359
"m003(-7,13)",AAbabb,6,-1,3,,0.48198733090085899308085200207974469,-0.87826332455734920477794457231341231,-0.53903468011359356437010311337229119,-0.84662359126302317861823974161323548,0.87234609215479624464368804084024982,-2.6984635893361258297491252373150777,-485.72344608050264935484254271671399/pi,1.0018274574054465638162896600075067
"m003(-7,13)",AAbbAB,6,-3,1,,4.9636738515748588982176529092663009,-7.4306191361835813450002481726490139,-30.576042642209638242850894845603249,-73.766339814572416374821285626817697,4.3900877746439760118290020717869844,-1.9865386508397179039491212367387366,-357.57695715114922271084182261297258/pi,8.9360035167755852316128847474988011
"m003(-7,13)",AAbbAb,6,-3,3,,-5.0634598913031001531682949703423926,-7.3343780356782711137761615622227839,-28.154475099404651924630676227717176,74.274658022622687741675507979212744,4.3841666837012541428604066382226533,1.9563439763197102964131787408685046,352.14191573754785335437217335633083/pi,8.9124478815348512286925777769565091
"m003(-7,13)",AAbbaB,6,-1,1,,-2.3934123726431600546122780736889602,6.7603854100607425102696127515357443,-39.974388107040792812206521211026417,-32.360780168551368490240686535253310,3.9702138592112440704816865174175927,-2.4844640932268840828026199431027708,-447.20353678083913490447158975849874/pi,7.1715572700832219254220494464892659
"m003(-7,13)",AAbbab,6,-1,3,,0.48198733090085899308085200207974469,-0.87826332455734920477794457231341231,-0.53903468011359356437010311337229119,-0.84662359126302317861823974161323548,0.87234609215479624464368804084024982,-2.6984635893361258297491252373150777,-485.72344608050264935484254271671399/pi,1.0018274574054465638162896600075067
"m003(-7,13)",AAbbbb,6,-2,4,,10.701747094198844152344217894603490,-11.685603666693381347922011662672342,-22.025942186844394303850946349010593,-250.11275016799050476978464239819607,5.5265200137337198102711396778535761,-1.6665599128624547662016399683662471,-299.98078431524185791629519430592448/pi,15.845526937379873808320932735343724
"m003(-7,13)",ABABAb,6,-3,-1,,5.3911451841430644059387657495858598,2.6859136934973387147991627151333804,21.850314027592439844654131803552835,28.960301347444176752138497026077698,3.5587882229268521413695320604374260,0.97067060521445661156992038792783853,174.72070893860219008258566982701093/pi,6.0231701590960778533678450549456283
"m003(-7,13)",ABABBB,6,-2,-4,,-0.65019176941247964428161648336364355,2.5804105562019274083217570965733868,-6.2357693015466092676450938232210773,-3.3555234106951438622980154475595310,2.1762322971552234212517121903140759,-2.7456139017959558189383800268748450,-494.21050232327204740890840483747210/pi,2.6610651956632087499294331857064027
"m003(-7,13)",ABABaB,6,-1,-3,,3.4400062312814009660090268426902246,-0.88217653735564571687523354903186793,11.055407428194070531089893723238067,-6.0693855711873417177632846347200787,2.3857593590623873756379043322271025,-0.59833649817140417424906937202969283,-107.70056967085275136483248696534471/pi,3.5513206436923806017353435791754668
"m003(-7,13)",ABABab,6,-1,-1,,-3.4382494258431088887286662267710289,-0.87114891188114096190874932171495161,11.062658687638772028893275567956692,5.9904544921983639432799995859956538,2.3821718892867543740964029502922129,0.59194467368731906609662682660702482,106.55004126371743189739282878926447/pi,3.5468943515394088814195314931224532
"m003(-7,13)",ABAbAb,6,-3,1,,1.0434370948308910164081346804155274,-7.4235047235073731021310529220505532,-54.019661409067150117369892309442017,-15.491920404319860524574042232714439,4.0622954388572590046579685564573240,-2.8716390405560923874015760936706175,-516.89502730009662973228369686071114/pi,7.4964780631177338102818931904895242
"m003(-7,13)",ABAbaB,6,-1,-1,,-3.4382494258431088887286662267710289,-0.87114891188114096190874932171495161,11.062658687638772028893275567956692,5.9904544921983639432799995859956538,2.3821718892867543740964029502922129,0.59194467368731906609662682660702482,106.55004126371743189739282878926447/pi,3.5468943515394088814195314931224532
"m003(-7,13)",ABAbab,6,-1,1,,1.9655841930057202873190580901167470,-0.068553745055619316975625773270069977,3.8588216038327978117184146314783039,-0.26949631530533876478252437329338461,0.29260191588508906524267567376103446,-0.47126167294891513055340536703826235,-84.827101130804723499612966066887224/pi,1.9667793052996819428417966964929187
"m003(-7,13)",ABAbbb,6,-2,2,,13.776999968900397045064095076318037,1.0214584549614109941455607832507095,188.76235076786938825448001345061671,28.145266204472813764162459207945422,5.2410385331925404856431546860824538,0.14958367809787982480492409602388718,26.925062057618368464886337284299693/pi,13.814814711688814179413292058256148
"m003(-7,13)",ABBAbb,6,-2,0,,9.4249957510726824762968134199570120,1.6217364457562396325944980925993797,86.200515808244037289308818829820412,30.569718221224544679438603916813791,4.4950151798078006687744552062218059,0.34834056295988892020411684442369433,62.701301332780005636741031996264979/pi,9.5635021831561370138057021176276323
"m003(-7,13)",ABBBAb,6,-2,-2,,9.4210734354215271557872132133124980,-0.065350233401176552010513798362627240,88.752354022599587552756736960076313,-1.2313386957888420198135517586065147,4.4630254554974148222949213458457351,-0.014196539712307679832424725823908442,-2.5553771482153823698364506483035196/pi,9.4213000869630919561573962413597921
"m003(-7,13)",ABBBBB,6,-1,-5,,-2.5720182843699909208857354514965364,2.4235591753596255135146182918600891,0.74163897866372343218690156791870132,-12.466877024555227974529737605922950,2.5343289896914405035900399049235953,-1.6701425269076430872045998803415783,-300.62565484337575569682797846148409/pi,3.5339662040833638302966028719695806
"m003(-7,13)",ABBBaB,6,0,-4,,1.5351123644624382438605029067277771,-0.84046308789439300598677214934877146,1.6501917694124796442816164833636436,-2.5804105562019274083217570965733868,1.0770002844229289653796144347209720,-1.6777637760123722786010055017583277,-301.99747968222701014818099031649898/pi,1.7501280449265522272364670362119140
"m003(-7,13)",ABBBab,6,0,-2,,-10.421073435421527155787213213312498,0.065350233401176552010513798362627240,108.59450089344264186433116338670131,-1.3620391625911951238345793553317691,4.6690255747962655472986989055142264,-0.012779315644000354965418316251393304,-2.3002768159200638937752969252507947/pi,10.421278338066487818398806631565223
"m003(-7,13)",ABBaBB,6,0,-4,,3.4239552751635521639489895367364247,2.5865710595705575809532246888378508,5.0331198801123592799095072418616466,17.712607248003978315993257233290494,2.8916365094411619866681351655967484,1.4022219012729532122146963760448393,252.39994222913157819864534768807107/pi,4.2911326677846110550573204978934921
"m003(-7,13)",ABBabb,6,0,0,,-9.9601081155351207201573163266847892,-0.78127335786184662660772594325060824,98.593365613443848615852748281778099,15.563134224182306392919484342443653,4.5832250968365430702731123379694469,0.15978004838676686662442318596003826,28.760408709618035992396173472806887/pi,9.9907027647134662788164722365889858
"m003(-7,13)",ABaBAb,6,-1,-1,,-2.9994896169381964286068482918160952,-7.6929736543212945462847925959223052,-50.184905683961484327959550093811398,46.149989199031633854218959997908026,4.2436598883379753651641431339915322,2.4172841483109678292325244793804627,435.11114669597420926185440628848329/pi,8.2570443627366797031310042861839698
"m003(-7,13)",ABaBBB,6,0,-4,,1.5351123644624382438605029067277771,-0.84046308789439300598677214934877146,1.6501917694124796442816164833636436,-2.5804105562019274083217570965733868,1.0770002844229289653796144347209720,-1.6777637760123722786010055017583277,-301.99747968222701014818099031649898/pi,1.7501280449265522272364670362119140
"m003(-7,13)",ABaBaB,6,1,-3,,-3.4382494258431088887286662267710289,-0.87114891188114096190874932171495161,11.062658687638772028893275567956692,5.9904544921983639432799995859956538,2.3821718892867543740964029502922129,0.59194467368731906609662682660702482,106.55004126371743189739282878926447/pi,3.5468943515394088814195314931224532
"m003(-7,13)",ABaBab,6,1,-1,,1.5268243841008078271972401551618133,6.7532709973845342674004175009372836,-43.275476464230291086587859281512903,20.622117662494979439342015068977920,3.9067610726397637650664271293319458,2.7138850635769631199806699355955455,488.49931144385336159652058840719819/pi,6.9237173443172789152756274327410557
"m003(-7,13)",ABabAb,6,-1,1,,1.5268243841008078271972401551618133,6.7532709973845342674004175009372836,-43.275476464230291086587859281512903,20.622117662494979439342015068977920,3.9067610726397637650664271293319458,2.7138850635769631199806699355955455,488.49931144385336159652058840719819/pi,6.9237173443172789152756274327410557
"m003(-7,13)",ABabbb,6,0,2,,-10.421073435421527155787213213312498,0.065350233401176552010513798362627240,108.59450089344264186433116338670131,-1.3620391625911951238345793553317691,4.6690255747962655472986989055142264,-0.012779315644000354965418316251393304,-2.3002768159200638937752969252507947/pi,10.421278338066487818398806631565223
"m003(-7,13)",AbAbbb,6,-2,4,,0.63048188936483735227538819792734896,-9.0398428770902773875897407677363276,-81.321251829662768920108925869615136,-11.398914433418290502249418445529404,4.4318389707766253002342058183627587,-3.0055918925134853740795512588526233,-541.00654065242736733431922659347220/pi,9.0618026162180821877266632030772256
"m003(-7,13)",Abbbbb,6,-1,5,,17.276359844895445966833768543495250,-2.1292121246752178361695002800720129,293.93906521845184244187696229859938,-73.570069704006898752650616759469973,5.7073210999317847010026516334489123,-0.24686994762226411339141439087103369,-44.436590572007540410454590356786064/pi,17.407071946831832211080281548265120
