filling,u,v,u_h_pmns_mod5,v_h_pmns_mod5,tr_uv_re,tr_uv_im,tr_comm_re,tr_comm_im,abs_tr2_difference,near_equal_tr2
m003(cusp),A,B,,,0.50000000000000000000000000000000000,-0.86602540378443864676372317075293618,8.8363682375359077955723895189752962e-90,-3.4641016151377545870548926830117447,4.0000000000000000000000000000000000,False
m003(cusp),A,AB,,,-2.5000000000000000000000000000000000,0.86602540378443864676372317075293618,7.8545495444763624849532351279780410e-90,-3.4641016151377545870548926830117447,1.7320508075688772935274463415058724,False
m003(cusp),A,Ab,,,-0.50000000000000000000000000000000000,2.5980762113533159402911695122588085,-5.8909121583572718637149263459835308e-90,-3.4641016151377545870548926830117447,4.5825756949558400065880471937280085,False
m003(cusp),A,AAB,,,1.5000000000000000000000000000000000,2.5980762113533159402911695122588085,-7.8545495444763624849532351279780410e-90,-3.4641016151377545870548926830117447,7.9372539331937717715048472609177813,False
m003(cusp),A,AAb,,,4.5000000000000000000000000000000000,-0.86602540378443864676372317075293618,3.9272747722381812424766175639890205e-89,-3.4641016151377545870548926830117447,6.9282032302755091741097853660234895,False
m003(cusp),A,ABB,,,-0.50000000000000000000000000000000000,2.5980762113533159402911695122588085,-10.000000000000000000000000000000000,-1.0996369362266907478934529179169257e-88,1.7320508075688772935274463415058724,False
m003(cusp),A,Abb,,,4.0000000000000000000000000000000000,3.4641016151377545870548926830117447,-10.000000000000000000000000000000000,4.7127297266858174909719410767868246e-89,13.856406460551018348219570732046979,False
m003(cusp),A,AAAB,,,4.0000000000000000000000000000000000,-3.4641016151377545870548926830117447,0.00000000000000000000000000000000000,-3.4641016151377545870548926830117447,8.0000000000000000000000000000000000,False
m003(cusp),A,AAAb,,,-2.5000000000000000000000000000000000,-6.0621778264910705273460621952705533,1.2567279271162179975925176204764866e-88,-3.4641016151377545870548926830117447,21.794494717703367761184909919298078,False
m003(cusp),A,AABB,,,2.0000000000000000000000000000000000,0.00000000000000000000000000000000000,-10.000000000000000000000000000000000,0.00000000000000000000000000000000000,6.9282032302755091741097853660234895,False
m003(cusp),A,AAbb,,,3.5000000000000000000000000000000000,-7.7942286340599478208735085367764256,-10.000000000000000000000000000000000,-4.7127297266858174909719410767868246e-89,27.221315177632398883866023128623889,False
m003(cusp),A,ABAb,,,4.5000000000000000000000000000000000,-0.86602540378443864676372317075293618,-18.000000000000000000000000000000000,-1.2567279271162179975925176204764866e-88,18.734993995195194617540679362819383,False
m003(cusp),A,ABBB,,,4.0000000000000000000000000000000000,3.4641016151377545870548926830117447,6.0000000000000000000000000000000000,27.712812921102036696439141464093958,0.00000000000000000000000000000000000,True
m003(cusp),A,ABaB,,,2.5000000000000000000000000000000000,-4.3301270189221932338186158537646809,-6.0000000000000000000000000000000000,-13.856406460551018348219570732046979,2.6457513110645905905016157536392604,False
m003(cusp),A,ABab,,,-2.5000000000000000000000000000000000,2.5980762113533159402911695122588085,-18.000000000000000000000000000000000,-1.4138189180057452472915823230360474e-88,11.532562594670795889354183238817873,False
m003(cusp),A,Abbb,,,9.5000000000000000000000000000000000,-0.86602540378443864676372317075293618,6.0000000000000000000000000000000000,27.712812921102036696439141464093958,36.373066958946423164076373171623320,False
m003(cusp),B,AB,,,0.50000000000000000000000000000000000,-0.86602540378443864676372317075293618,2.1600011247309996833621396601939613e-89,-3.4641016151377545870548926830117447,2.6457513110645905905016157536392604,False
m003(cusp),B,Ab,,,-0.50000000000000000000000000000000000,-0.86602540378443864676372317075293618,5.8909121583572718637149263459835308e-90,-3.4641016151377545870548926830117447,3.6055512754639892931192212674704959,False
m003(cusp),B,AAB,,,-0.50000000000000000000000000000000000,2.5980762113533159402911695122588085,6.0000000000000000000000000000000000,-3.0436379484845904629193786120914909e-89,4.3588989435406735522369819838596157,False
m003(cusp),B,AAb,,,-2.5000000000000000000000000000000000,0.86602540378443864676372317075293618,6.0000000000000000000000000000000000,3.1418198177905449939812940511912164e-89,8.0000000000000000000000000000000000,False
m003(cusp),B,ABB,,,-0.50000000000000000000000000000000000,-0.86602540378443864676372317075293618,2.1600011247309996833621396601939613e-89,-3.4641016151377545870548926830117447,2.6457513110645905905016157536392604,False
m003(cusp),B,Abb,,,-2.0000000000000000000000000000000000,6.8727308514168171743340807369807859e-90,1.5709099088952724969906470255956082e-89,-3.4641016151377545870548926830117447,10.583005244258362362006463014557042,False
m003(cusp),B,AAAB,,,2.0000000000000000000000000000000000,1.7181827128542042935835201842451965e-90,-10.000000000000000000000000000000000,8.6400044989239987334485586407758451e-89,12.000000000000000000000000000000000,False
m003(cusp),B,AAAb,,,2.5000000000000000000000000000000000,2.5980762113533159402911695122588085,-10.000000000000000000000000000000000,5.8909121583572718637149263459835308e-89,18.734993995195194617540679362819383,False
m003(cusp),B,AABB,,,4.0000000000000000000000000000000000,3.4641016151377545870548926830117447,6.0000000000000000000000000000000000,0.00000000000000000000000000000000000,8.0000000000000000000000000000000000,False
m003(cusp),B,AAbb,,,-0.50000000000000000000000000000000000,2.5980762113533159402911695122588085,6.0000000000000000000000000000000000,4.3200022494619993667242793203879226e-89,30.413812651491098444998421226010335,False
m003(cusp),B,ABAb,,,-2.5000000000000000000000000000000000,0.86602540378443864676372317075293618,-5.8909121583572718637149263459835308e-89,3.4641016151377545870548926830117447,20.074859899884731200539703719274050,False
m003(cusp),B,ABBB,,,-2.0000000000000000000000000000000000,-1.1781824316714543727429852691967062e-89,5.4981846811334537394672645895846287e-89,-3.4641016151377545870548926830117447,4.0000000000000000000000000000000000,False
m003(cusp),B,ABaB,,,1.5000000000000000000000000000000000,0.86602540378443864676372317075293618,-2.0000000000000000000000000000000000,-1.0210914407819271230439205666371453e-88,5.1961524227066318805823390245176171,False
m003(cusp),B,ABab,,,1.5000000000000000000000000000000000,-0.86602540378443864676372317075293618,-2.0000000000000000000000000000000000,-1.0603641885043089354686867422770355e-88,13.747727084867520019764141581184025,False
m003(cusp),B,Abbb,,,-2.5000000000000000000000000000000000,2.5980762113533159402911695122588085,8.2472770217001806092008968843769431e-89,-3.4641016151377545870548926830117447,38.974350539810153454836299092429847,False
m003(cusp),AB,Ab,,,-0.50000000000000000000000000000000000,4.3301270189221932338186158537646809,-10.000000000000000000000000000000000,0.00000000000000000000000000000000000,4.5825756949558400065880471937280085,False
m003(cusp),AB,AAB,,,-3.9272747722381812424766175639890205e-90,3.4641016151377545870548926830117447,-1.5709099088952724969906470255956082e-89,-3.4641016151377545870548926830117447,6.9282032302755091741097853660234895,False
m003(cusp),AB,AAb,,,4.5000000000000000000000000000000000,-0.86602540378443864676372317075293618,2.5134558542324359951850352409529731e-88,-17.320508075688772935274463415058724,6.2449979983983982058468931209397945,False
m003(cusp),AB,ABB,,,-2.0000000000000000000000000000000000,-3.9272747722381812424766175639890205e-90,4.7127297266858174909719410767868246e-89,-3.4641016151377545870548926830117447,0.00000000000000000000000000000000000,True
m003(cusp),AB,Abb,,,5.5000000000000000000000000000000000,6.0621778264910705273460621952705533,6.0000000000000000000000000000000000,27.712812921102036696439141464093958,12.124355652982141054692124390541107,False
m003(cusp),AB,AAAB,,,5.5000000000000000000000000000000000,-0.86602540378443864676372317075293618,6.0000000000000000000000000000000000,-3.1418198177905449939812940511912164e-89,9.5393920141694564915262158602322654,False
m003(cusp),AB,AAAb,,,-2.5000000000000000000000000000000000,-7.7942286340599478208735085367764256,3.1418198177905449939812940511912164e-88,31.176914536239791283494034147105703,21.166010488516724724012926029114083,False
m003(cusp),AB,AABB,,,1.5000000000000000000000000000000000,2.5980762113533159402911695122588085,-12.000000000000000000000000000000000,-3.4641016151377545870548926830117447,6.2449979983983982058468931209397945,False
m003(cusp),AB,AAbb,,,4.5000000000000000000000000000000000,-7.7942286340599478208735085367764256,-48.000000000000000000000000000000000,3.4641016151377545870548926830117447,28.930952282978864987280093142297990,False
m003(cusp),AB,ABAb,,,5.5000000000000000000000000000000000,2.5980762113533159402911695122588085,-10.000000000000000000000000000000000,0.00000000000000000000000000000000000,18.330302779823360026352188774912034,False
m003(cusp),AB,ABBB,,,-0.50000000000000000000000000000000000,2.5980762113533159402911695122588085,-10.000000000000000000000000000000000,-2.8276378360114904945831646460720948e-88,1.7320508075688772935274463415058724,False
m003(cusp),AB,ABaB,,,3.5000000000000000000000000000000000,-0.86602540378443864676372317075293618,6.0000000000000000000000000000000000,4.7127297266858174909719410767868246e-89,4.0000000000000000000000000000000000,False
m003(cusp),AB,ABab,,,-3.5000000000000000000000000000000000,-0.86602540378443864676372317075293618,-12.000000000000000000000000000000000,-3.4641016151377545870548926830117447,11.532562594670795889354183238817873,False
m003(cusp),AB,Abbb,,,14.000000000000000000000000000000000,-1.9636373861190906212383087819945103e-89,80.000000000000000000000000000000000,-31.176914536239791283494034147105703,36.660605559646720052704377549824068,False
m003(cusp),Ab,AAB,,,4.5000000000000000000000000000000000,-0.86602540378443864676372317075293618,6.0000000000000000000000000000000000,-2.3563648633429087454859705383934123e-89,4.5825756949558400065880471937280085,False
m003(cusp),Ab,AAb,,,1.5000000000000000000000000000000000,-4.3301270189221932338186158537646809,1.5709099088952724969906470255956082e-89,-3.4641016151377545870548926830117447,10.816653826391967879357663802411488,False
m003(cusp),Ab,ABB,,,3.5000000000000000000000000000000000,4.3301270189221932338186158537646809,6.0000000000000000000000000000000000,27.712812921102036696439141464093958,4.5825756949558400065880471937280085,False
m003(cusp),Ab,Abb,,,3.5000000000000000000000000000000000,-4.3301270189221932338186158537646809,0.00000000000000000000000000000000000,-3.4641016151377545870548926830117447,13.747727084867520019764141581184025,False
m003(cusp),Ab,AAAB,,,-2.5000000000000000000000000000000000,-7.7942286340599478208735085367764256,-24.000000000000000000000000000000000,10.392304845413263761164678049035234,11.532562594670795889354183238817873,False
m003(cusp),Ab,AAAb,,,-6.5000000000000000000000000000000000,0.86602540378443864676372317075293618,6.0000000000000000000000000000000000,4.7127297266858174909719410767868246e-89,17.349351572897472412324994276999817,False
m003(cusp),Ab,AABB,,,1.5000000000000000000000000000000000,-4.3301270189221932338186158537646809,1.5709099088952724969906470255956082e-88,-3.4641016151377545870548926830117447,10.816653826391967879357663802411488,False
m003(cusp),Ab,AAbb,,,-6.0000000000000000000000000000000000,-6.9282032302755091741097853660234895,-6.0000000000000000000000000000000000,13.856406460551018348219570732046979,27.712812921102036696439141464093958,False
m003(cusp),Ab,ABAb,,,0.50000000000000000000000000000000000,-7.7942286340599478208735085367764256,-10.000000000000000000000000000000000,3.1418198177905449939812940511912164e-89,22.912878474779200032940235968640042,False
m003(cusp),Ab,ABBB,,,9.5000000000000000000000000000000000,-0.86602540378443864676372317075293618,80.000000000000000000000000000000000,-31.176914536239791283494034147105703,4.5825756949558400065880471937280085,False
m003(cusp),Ab,ABaB,,,-3.5000000000000000000000000000000000,-7.7942286340599478208735085367764256,-42.000000000000000000000000000000000,27.712812921102036696439141464093958,3.6055512754639892931192212674704959,False
m003(cusp),Ab,ABab,,,2.0000000000000000000000000000000000,6.9282032302755091741097853660234895,-6.0000000000000000000000000000000000,13.856406460551018348219570732046979,16.000000000000000000000000000000000,False
m003(cusp),Ab,Abbb,,,-0.50000000000000000000000000000000000,-9.5262794416288251144009548782822980,-10.000000000000000000000000000000000,-1.8850918906743269963887764307147298e-88,40.951190458886540164316876457348299,False
m003(cusp),AAB,AAb,,,-0.50000000000000000000000000000000000,-4.3301270189221932338186158537646809,8.0000000000000000000000000000000000,-10.392304845413263761164678049035234,12.124355652982141054692124390541107,False
m003(cusp),AAB,ABB,,,1.5000000000000000000000000000000000,2.5980762113533159402911695122588085,6.0000000000000000000000000000000000,4.3200022494619993667242793203879226e-89,6.9282032302755091741097853660234895,False
m003(cusp),AAB,Abb,,,4.5000000000000000000000000000000000,-7.7942286340599478208735085367764256,12.000000000000000000000000000000000,-17.320508075688772935274463415058724,10.535653752852738848401404661899667,False
m003(cusp),AAB,AAAB,,,-5.5000000000000000000000000000000000,-4.3301270189221932338186158537646809,-6.2836396355810899879625881023824328e-89,-3.4641016151377545870548926830117447,15.716233645501710980218386989128027,False
m003(cusp),AAB,AAAb,,,-8.0000000000000000000000000000000000,3.4641016151377545870548926830117447,12.000000000000000000000000000000000,17.320508075688772935274463415058724,14.422205101855957172476885069881984,False
m003(cusp),AAB,AABB,,,-2.5000000000000000000000000000000000,-6.0621778264910705273460621952705533,6.0000000000000000000000000000000000,0.00000000000000000000000000000000000,12.124355652982141054692124390541107,False
m003(cusp),AAB,AAbb,,,-8.5000000000000000000000000000000000,-2.5980762113533159402911695122588085,-24.000000000000000000000000000000000,-10.392304845413263761164678049035234,32.078029864690880046116330356096059,False
m003(cusp),AAB,ABAb,,,2.0000000000000000000000000000000000,-6.9282032302755091741097853660234895,24.000000000000000000000000000000000,-31.176914536239791283494034147105703,24.000000000000000000000000000000000,False
m003(cusp),AAB,ABBB,,,4.5000000000000000000000000000000000,-0.86602540378443864676372317075293618,12.000000000000000000000000000000000,-17.320508075688772935274463415058724,7.9372539331937717715048472609177813,False
m003(cusp),AAB,ABaB,,,-4.0000000000000000000000000000000000,-3.4641016151377545870548926830117447,-6.0000000000000000000000000000000000,6.9282032302755091741097853660234895,8.0000000000000000000000000000000000,False
m003(cusp),AAB,ABab,,,-0.50000000000000000000000000000000000,4.3301270189221932338186158537646809,12.000000000000000000000000000000000,-17.320508075688772935274463415058724,18.027756377319946465596106337352480,False
m003(cusp),AAB,Abbb,,,-4.5000000000000000000000000000000000,-14.722431864335456994983293902799915,-42.000000000000000000000000000000000,-27.712812921102036696439141464093958,43.266615305567871517430655209645951,False
m003(cusp),AAb,ABB,,,1.5000000000000000000000000000000000,-4.3301270189221932338186158537646809,-36.000000000000000000000000000000000,-10.392304845413263761164678049035234,6.2449979983983982058468931209397945,False
m003(cusp),AAb,Abb,,,-6.0000000000000000000000000000000000,-6.9282032302755091741097853660234895,7.8545495444763624849532351279780410e-89,-17.320508075688772935274463415058724,12.000000000000000000000000000000000,False
m003(cusp),AAb,AAAB,,,-8.0000000000000000000000000000000000,3.4641016151377545870548926830117447,-12.000000000000000000000000000000000,-3.4641016151377545870548926830117447,10.583005244258362362006463014557042,False
m003(cusp),AAb,AAAb,,,0.50000000000000000000000000000000000,12.990381056766579701455847561294043,3.5345472950143631182289558075901185e-89,-3.4641016151377545870548926830117447,26.514147167125704101832863574049845,False
m003(cusp),AAb,AABB,,,-2.0000000000000000000000000000000000,7.8545495444763624849532351279780410e-90,-24.000000000000000000000000000000000,-10.392304845413263761164678049035234,0.00000000000000000000000000000000000,True
m003(cusp),AAb,AAbb,,,-12.500000000000000000000000000000000,9.5262794416288251144009548782822980,6.0000000000000000000000000000000000,1.8850918906743269963887764307147298e-88,32.078029864690880046116330356096059,False
m003(cusp),AAb,ABAb,,,-12.500000000000000000000000000000000,-2.5980762113533159402911695122588085,-6.0000000000000000000000000000000000,-13.856406460551018348219570732046979,12.124355652982141054692124390541107,False
m003(cusp),AAb,ABBB,,,-6.0000000000000000000000000000000000,-6.9282032302755091741097853660234895,-2.8904742323673013944627905270959191e-87,93.530743608719373850482102441317108,6.9282032302755091741097853660234895,False
m003(cusp),AAb,ABaB,,,-6.5000000000000000000000000000000000,7.7942286340599478208735085367764256,-18.000000000000000000000000000000000,-55.425625842204073392878282928187916,9.5393920141694564915262158602322654,False
m003(cusp),AAb,ABab,,,9.5000000000000000000000000000000000,-0.86602540378443864676372317075293618,-18.000000000000000000000000000000000,-27.712812921102036696439141464093958,6.0827625302982196889996842452020671,False
m003(cusp),AAb,Abbb,,,-16.500000000000000000000000000000000,-0.86602540378443864676372317075293618,-36.000000000000000000000000000000000,-10.392304845413263761164678049035234,31.224989991991991029234465604698972,False
m003(cusp),ABB,Abb,,,9.5000000000000000000000000000000000,0.86602540378443864676372317075293618,80.000000000000000000000000000000000,-31.176914536239791283494034147105703,12.124355652982141054692124390541107,False
m003(cusp),ABB,AAAB,,,3.5000000000000000000000000000000000,-2.5980762113533159402911695122588085,-12.000000000000000000000000000000000,-3.4641016151377545870548926830117447,9.5393920141694564915262158602322654,False
m003(cusp),ABB,AAAb,,,-8.0000000000000000000000000000000000,-3.4641016151377545870548926830117447,96.000000000000000000000000000000000,17.320508075688772935274463415058724,21.166010488516724724012926029114083,False
m003(cusp),ABB,AABB,,,2.5000000000000000000000000000000000,2.5980762113533159402911695122588085,-10.000000000000000000000000000000000,-1.5709099088952724969906470255956082e-89,6.2449979983983982058468931209397945,False
m003(cusp),ABB,AAbb,,,-3.5000000000000000000000000000000000,-7.7942286340599478208735085367764256,-16.000000000000000000000000000000000,114.31535329954590137281145853938758,28.930952282978864987280093142297990,False
m003(cusp),ABB,ABAb,,,6.0000000000000000000000000000000000,5.4981846811334537394672645895846287e-89,-6.0000000000000000000000000000000000,-20.784609690826527522329356098070468,18.330302779823360026352188774912034,False
m003(cusp),ABB,ABBB,,,-2.5000000000000000000000000000000000,0.86602540378443864676372317075293618,7.8545495444763624849532351279780410e-89,-3.4641016151377545870548926830117447,1.7320508075688772935274463415058724,False
m003(cusp),ABB,ABaB,,,2.0000000000000000000000000000000000,-7.8545495444763624849532351279780410e-90,-8.6400044989239987334485586407758451e-89,3.4641016151377545870548926830117447,4.0000000000000000000000000000000000,False
m003(cusp),ABB,ABab,,,-3.5000000000000000000000000000000000,-0.86602540378443864676372317075293618,-12.000000000000000000000000000000000,-3.4641016151377545870548926830117447,11.532562594670795889354183238817873,False
m003(cusp),ABB,Abbb,,,11.500000000000000000000000000000000,-11.258330249197702407928401219788170,-126.00000000000000000000000000000000,-221.70250336881629357151313171275166,36.660605559646720052704377549824068,False
m003(cusp),Abb,AAAB,,,-14.500000000000000000000000000000000,-6.0621778264910705273460621952705533,30.000000000000000000000000000000000,69.282032302755091741097853660234895,21.166010488516724724012926029114083,False
m003(cusp),Abb,AAAb,,,-6.5000000000000000000000000000000000,12.990381056766579701455847561294043,12.000000000000000000000000000000000,17.320508075688772935274463415058724,20.663978319771824615424488501734786,False
m003(cusp),Abb,AABB,,,-3.5000000000000000000000000000000000,-7.7942286340599478208735085367764256,-16.000000000000000000000000000000000,-31.176914536239791283494034147105703,12.000000000000000000000000000000000,False
m003(cusp),Abb,AAbb,,,-18.500000000000000000000000000000000,2.5980762113533159402911695122588085,-10.000000000000000000000000000000000,3.9272747722381812424766175639890205e-89,40.951190458886540164316876457348299,False
m003(cusp),Abb,ABAb,,,-10.500000000000000000000000000000000,-11.258330249197702407928401219788170,-6.0000000000000000000000000000000000,-20.784609690826527522329356098070468,19.974984355438178915780382328058287,False
m003(cusp),Abb,ABBB,,,9.5000000000000000000000000000000000,-12.990381056766579701455847561294043,-126.00000000000000000000000000000000,-221.70250336881629357151313171275166,13.856406460551018348219570732046979,False
m003(cusp),Abb,ABaB,,,-14.500000000000000000000000000000000,-4.3301270189221932338186158537646809,96.000000000000000000000000000000000,114.31535329954590137281145853938758,15.716233645501710980218386989128027,False
m003(cusp),Abb,ABab,,,11.500000000000000000000000000000000,6.0621778264910705273460621952705533,30.000000000000000000000000000000000,-27.712812921102036696439141464093958,17.349351572897472412324994276999817,False
m003(cusp),Abb,Abbb,,,-18.500000000000000000000000000000000,-12.990381056766579701455847561294043,4.3985477449067629915738116716677030e-88,-3.4641016151377545870548926830117447,40.730823708832602002129227033922994,False
m003(cusp),AAAB,AAAb,,,9.5000000000000000000000000000000000,12.990381056766579701455847561294043,-16.000000000000000000000000000000000,31.176914536239791283494034147105703,28.618176042508369474578647580696796,False
m003(cusp),AAAB,AABB,,,-5.5000000000000000000000000000000000,2.5980762113533159402911695122588085,-24.000000000000000000000000000000000,10.392304845413263761164678049035234,10.583005244258362362006463014557042,False
m003(cusp),AAAB,AAbb,,,-2.5000000000000000000000000000000000,16.454482671904334288510740244305787,-18.000000000000000000000000000000000,41.569219381653055044658712196140937,21.656407827707715201786201086791177,False
m003(cusp),AAAB,ABAb,,,-12.500000000000000000000000000000000,-0.86602540378443864676372317075293618,-24.000000000000000000000000000000000,79.674337148168355502262531709270129,18.520259177452134133511310275474823,False
m003(cusp),AAAB,ABBB,,,-2.5000000000000000000000000000000000,-6.0621778264910705273460621952705533,-18.000000000000000000000000000000000,41.569219381653055044658712196140937,8.0000000000000000000000000000000000,False
m003(cusp),AAAB,ABaB,,,-4.5000000000000000000000000000000000,6.0621778264910705273460621952705533,10.000000000000000000000000000000000,-20.784609690826527522329356098070468,7.9372539331937717715048472609177813,False
m003(cusp),AAAB,ABab,,,7.5000000000000000000000000000000000,-0.86602540378443864676372317075293618,-26.000000000000000000000000000000000,41.569219381653055044658712196140937,10.816653826391967879357663802411488,False
m003(cusp),AAAB,Abbb,,,-24.500000000000000000000000000000000,11.258330249197702407928401219788170,180.00000000000000000000000000000000,-114.31535329954590137281145853938758,32.046840717924130500619450231747236,False
m003(cusp),AAAb,AABB,,,-0.50000000000000000000000000000000000,6.0621778264910705273460621952705533,48.000000000000000000000000000000000,-10.392304845413263761164678049035234,26.514147167125704101832863574049845,False
m003(cusp),AAAb,AAbb,,,20.500000000000000000000000000000000,12.990381056766579701455847561294043,-3.1418198177905449939812940511912164e-88,31.176914536239791283494034147105703,38.742741255621032784669102246781197,False
m003(cusp),AAAb,ABAb,,,3.5000000000000000000000000000000000,19.918584287042088875565632927317532,6.0000000000000000000000000000000000,27.712812921102036696439141464093958,38.157568056677825966104863440929062,False
m003(cusp),AAAb,ABBB,,,-12.500000000000000000000000000000000,9.5262794416288251144009548782822980,12.000000000000000000000000000000000,-259.80762113533159402911695122588085,21.794494717703367761184909919298078,False
m003(cusp),AAAb,ABaB,,,13.500000000000000000000000000000000,9.5262794416288251144009548782822980,34.000000000000000000000000000000000,145.49226783578569265630549268649328,20.784609690826527522329356098070468,False
m003(cusp),AAAb,ABab,,,-7.5000000000000000000000000000000000,-14.722431864335456994983293902799915,52.000000000000000000000000000000000,51.961524227066318805823390245176171,32.449961479175903638072991407234464,False
m003(cusp),AAAb,Abbb,,,8.0000000000000000000000000000000000,24.248711305964282109384248781082213,48.000000000000000000000000000000000,-10.392304845413263761164678049035234,57.688820407423828689907540279527935,False
m003(cusp),AABB,AAbb,,,-2.5000000000000000000000000000000000,6.0621778264910705273460621952705533,-10.000000000000000000000000000000000,83.138438763306110089317424392281874,32.078029864690880046116330356096059,False
m003(cusp),AABB,ABAb,,,-0.50000000000000000000000000000000000,-4.3301270189221932338186158537646809,-36.000000000000000000000000000000000,-51.961524227066318805823390245176171,12.124355652982141054692124390541107,False
m003(cusp),AABB,ABBB,,,4.5000000000000000000000000000000000,-0.86602540378443864676372317075293618,-8.6400044989239987334485586407758451e-89,-3.4641016151377545870548926830117447,6.9282032302755091741097853660234895,False
m003(cusp),AABB,ABaB,,,-2.5000000000000000000000000000000000,-0.86602540378443864676372317075293618,-12.000000000000000000000000000000000,10.392304845413263761164678049035234,9.5393920141694564915262158602322654,False
m003(cusp),AABB,ABab,,,-0.50000000000000000000000000000000000,2.5980762113533159402911695122588085,-18.000000000000000000000000000000000,-27.712812921102036696439141464093958,6.0827625302982196889996842452020671,False
m003(cusp),AABB,Abbb,,,-13.500000000000000000000000000000000,-4.3301270189221932338186158537646809,-90.000000000000000000000000000000000,27.712812921102036696439141464093958,31.224989991991991029234465604698972,False
m003(cusp),AAbb,ABAb,,,-18.500000000000000000000000000000000,14.722431864335456994983293902799915,24.000000000000000000000000000000000,17.320508075688772935274463415058724,39.153543900903785238188658220581053,False
m003(cusp),AAbb,ABBB,,,-16.500000000000000000000000000000000,-0.86602540378443864676372317075293618,294.00000000000000000000000000000000,-27.712812921102036696439141464093958,27.221315177632398883866023128623889,False
m003(cusp),AAbb,ABaB,,,3.5000000000000000000000000000000000,18.186533479473211582038186585811660,-168.00000000000000000000000000000000,72.746133917892846328152746343246639,25.238858928247925051834548872293472,False
m003(cusp),AAbb,ABab,,,10.000000000000000000000000000000000,-13.856406460551018348219570732046979,-30.000000000000000000000000000000000,55.425625842204073392878282928187916,32.000000000000000000000000000000000,False
m003(cusp),AAbb,Abbb,,,-19.500000000000000000000000000000000,26.846787517317598049675418293341022,-48.000000000000000000000000000000000,3.4641016151377545870548926830117447,45.923850012820135940645700594172357,False
m003(cusp),ABAb,ABBB,,,3.5000000000000000000000000000000000,-7.7942286340599478208735085367764256,-70.000000000000000000000000000000000,-20.784609690826527522329356098070468,18.734993995195194617540679362819383,False
m003(cusp),ABAb,ABaB,,,-8.5000000000000000000000000000000000,2.5980762113533159402911695122588085,24.000000000000000000000000000000000,17.320508075688772935274463415058724,21.166010488516724724012926029114083,False
m003(cusp),ABAb,ABab,,,17.500000000000000000000000000000000,0.86602540378443864676372317075293618,12.000000000000000000000000000000000,-17.320508075688772935274463415058724,7.8102496759066543941297227357591014,False
m003(cusp),ABAb,Abbb,,,-26.000000000000000000000000000000000,6.2836396355810899879625881023824328e-89,-70.000000000000000000000000000000000,-20.784609690826527522329356098070468,20.784609690826527522329356098070468,False
m003(cusp),ABBB,ABaB,,,-0.50000000000000000000000000000000000,-0.86602540378443864676372317075293618,-1.4138189180057452472915823230360474e-88,3.4641016151377545870548926830117447,2.6457513110645905905016157536392604,False
m003(cusp),ABBB,ABab,,,-2.5000000000000000000000000000000000,2.5980762113533159402911695122588085,-18.000000000000000000000000000000000,-5.6552756720229809891663292921441895e-88,11.532562594670795889354183238817873,False
m003(cusp),ABBB,Abbb,,,-6.5000000000000000000000000000000000,-26.846787517317598049675418293341022,-592.00000000000000000000000000000000,467.65371804359686925241051220658554,36.373066958946423164076373171623320,False
m003(cusp),ABaB,ABab,,,3.5000000000000000000000000000000000,-2.5980762113533159402911695122588085,-4.0000000000000000000000000000000000,10.392304845413263761164678049035234,13.747727084867520019764141581184025,False
m003(cusp),ABaB,Abbb,,,-22.000000000000000000000000000000000,13.856406460551018348219570732046979,288.00000000000000000000000000000000,-329.08965343808668577021480488611575,38.157568056677825966104863440929062,False
m003(cusp),ABab,Abbb,,,20.500000000000000000000000000000000,-7.7942286340599478208735085367764256,-108.00000000000000000000000000000000,-114.31535329954590137281145853938758,25.238858928247925051834548872293472,False
"m003(-2,3)",A,B,2,4,-0.24812606280262193188665653346089767,1.0339820609759677567168631658091463,1.0286785906533467698735217852010501,-1.9484557239436942126554793756615635,4.2425232337545963293547581446844161,False
"m003(-2,3)",A,AB,2,1,-2.7881048872289040589948017422001077,0.40135786737071158507900172653119804,1.0286785906533467698735217852010501,-1.9484557239436942126554793756615635,0.94043568269941664032632678149846958,False
"m003(-2,3)",A,Ab,2,3,-2.0362309500315259908814582756610054,1.4353399283466793417958648923403444,1.0286785906533467698735217852010501,-1.9484557239436942126554793756615635,1.6648567956482186631558443353150272,False
"m003(-2,3)",A,AAB,2,3,-0.73074770592221051924775817179800756,-3.4955535805166768402319570247919289,1.0286785906533467698735217852010501,-1.9484557239436942126554793756615635,8.8054341380381472631308904598051194,False
"m003(-2,3)",A,AAb,2,0,-2.7669786559537365101292164474590130,-2.0602136521699974984360921324515845,1.0286785906533467698735217852010501,-1.9484557239436942126554793756615635,6.8762095840800051371710807507855436,False
"m003(-2,3)",A,ABB,2,0,-2.0362309500315259908814582756610054,1.4353399283466793417958648923403444,-3.7458524246785689612636311527179182,-4.5217851717107065819511859914343671,0.94043568269941664032632678149846958,False
"m003(-2,3)",A,Abb,2,4,-0.27680465345596870176017831866194777,2.9824377849196619693723425414707098,-3.7458524246785689612636311527179182,-4.5217851717107065819511859914343671,4.2425232337545963293547581446844161,False
"m003(-2,3)",A,AAAB,2,0,5.8243358372604300498762600178611132,-1.8366977957173909268748666188715424,1.0286785906533467698735217852010501,-1.9484557239436942126554793756615635,11.870113954404746905074140684805242,False
"m003(-2,3)",A,AAAb,2,2,3.3130356034874946926416365943229532,-4.4177777132663413111682074338110542,1.0286785906533467698735217852010501,-1.9484557239436942126554793756615635,11.774267107426120138125103155111248,False
"m003(-2,3)",A,AABB,2,2,-1.5113002337729353572346234235381600,-2.5810799175489503842933408149395118,-3.7458524246785689612636311527179182,-4.5217851717107065819511859914343671,6.8762095840800051371710807507855436,False
"m003(-2,3)",A,AAbb,2,1,-4.5762097744578081179896034844002155,0.80271573474142317015800345306239609,-3.7458524246785689612636311527179182,-4.5217851717107065819511859914343671,8.2883574202236733426882131492454399,False
"m003(-2,3)",A,ABAb,2,4,-2.7669786559537365101292164474590130,-2.0602136521699974984360921324515845,-6.2858312491048510883717763614571283,-5.1544093653159627535890474307123154,9.0536594047681766386076116902590698,False
"m003(-2,3)",A,ABBB,2,4,-0.27680465345596870176017831866194777,2.9824377849196619693723425414707098,-11.415650330474596609881736483181239,1.6131819392647843553136411052915003,0.00000000000000000000000000000000000,True
"m003(-2,3)",A,ABaB,2,3,-1.8167834778822508288683235274011578,2.3498135913144057977344811021927615,3.2843570128341479227681148091219031,-2.4693219893226470985127280581494907,4.8477405665047066055910395545180566,False
"m003(-2,3)",A,ABab,2,0,1.7881048872289040589948017422001077,-0.40135786737071158507900172653119804,-6.2858312491048510883717763614571283,-5.1544093653159627535890474307123154,4.8219914476124818465557463366820283,False
"m003(-2,3)",A,Abbb,2,0,2.7383000653003897402556946622579629,4.0086693761136917110915715081131480,-11.415650330474596609881736483181239,1.6131819392647843553136411052915003,8.3803960600688493933764876011034165,False
"m003(-2,3)",B,AB,4,1,-0.24812606280262193188665653346089767,1.0339820609759677567168631658091463,1.0286785906533467698735217852010501,-1.9484557239436942126554793756615635,4.1476114577532908576229419220335095,False
"m003(-2,3)",B,Ab,4,3,0.21944747214927516201313474825984758,0.91447366296772645593861620985241715,1.0286785906533467698735217852010501,-1.9484557239436942126554793756615635,3.3639022056291866477334528039229845,False
"m003(-2,3)",B,AAB,4,3,-2.0362309500315259908814582756610054,1.4353399283466793417958648923403444,3.5475311838044613481160816991991654,1.1457399892022710424974759225991674,4.6460788252724087730562992242709921,False
"m003(-2,3)",B,AAb,4,0,-2.7881048872289040589948017422001077,0.40135786737071158507900172653119804,3.5475311838044613481160816991991654,1.1457399892022710424974759225991674,4.5112316682592290582687161341276507,False
"m003(-2,3)",B,ABB,4,0,0.21944747214927516201313474825984758,0.91447366296772645593861620985241715,1.0286785906533467698735217852010501,-1.9484557239436942126554793756615635,4.1476114577532908576229419220335095,False
"m003(-2,3)",B,Abb,4,4,1.0075523593781792210079364904599553,0.51311579559701487085961448332121910,1.0286785906533467698735217852010501,-1.9484557239436942126554793756615635,0.00000000000000000000000000000000000,True
"m003(-2,3)",B,AAAB,4,0,-1.5113002337729353572346234235381600,-2.5810799175489503842933408149395118,-3.7458524246785689612636311527179182,-4.5217851717107065819511859914343671,16.110142680669691460592660438819760,False
"m003(-2,3)",B,AAAb,4,2,-1.1983212408741076131475494535187528,-3.3760451825084355394537100688351997,-3.7458524246785689612636311527179182,-4.5217851717107065819511859914343671,12.841964150373165728357589566938643,False
"m003(-2,3)",B,AABB,4,2,-0.27680465345596870176017831866194777,2.9824377849196619693723425414707098,3.5475311838044613481160816991991654,1.1457399892022710424974759225991674,4.5112316682592290582687161341276507,False
"m003(-2,3)",B,AAbb,4,1,-2.0362309500315259908814582756610054,1.4353399283466793417958648923403444,3.5475311838044613481160816991991654,1.1457399892022710424974759225991674,11.856508692432671128503729927961408,False
"m003(-2,3)",B,ABAb,4,4,-2.7881048872289040589948017422001077,0.40135786737071158507900172653119804,1.9788737687248324511344147052589052,2.4615715195407090835150938589827826,8.8367610893634164122432439912227278,False
"m003(-2,3)",B,ABBB,4,4,1.0075523593781792210079364904599553,0.51311579559701487085961448332121910,1.0286785906533467698735217852010501,-1.9484557239436942126554793756615635,4.2425232337545963293547581446844161,False
"m003(-2,3)",B,ABaB,4,3,2.0075523593781792210079364904599553,0.51311579559701487085961448332121910,1.0075523593781792210079364904599553,0.51311579559701487085961448332121910,3.5711184584067682568089838511321389,False
"m003(-2,3)",B,ABab,4,0,1.7881048872289040589948017422001077,-0.40135786737071158507900172653119804,1.0075523593781792210079364904599553,0.51311579559701487085961448332121910,6.3219643224060607185449039780098561,False
"m003(-2,3)",B,Abbb,4,0,1.7881048872289040589948017422001077,-0.40135786737071158507900172653119804,1.0286785906533467698735217852010501,-1.9484557239436942126554793756615635,7.0176243054263020517439139993087793,False
"m003(-2,3)",AB,Ab,1,3,-1.8167834778822508288683235274011578,2.3498135913144057977344811021927615,-3.7458524246785689612636311527179182,-4.5217851717107065819511859914343671,2.3428812754585534056598415410037459,False
"m003(-2,3)",AB,AAB,1,3,0.057357181306693539747043570402100186,-3.8969114478873884253109587513231270,1.0286785906533467698735217852010501,-1.9484557239436942126554793756615635,8.7908872312403105746596428812743560,False
"m003(-2,3)",AB,AAb,1,0,-2.7669786559537365101292164474590130,-2.0602136521699974984360921324515845,4.8530144279137768197497818030621633,-3.7851535196610851395303459945331059,6.1646729244710790848327194280472007,False
"m003(-2,3)",AB,ABB,1,0,-2.7956572466070832800027382326600631,-0.11175792822630328578061275679002106,1.0286785906533467698735217852010501,-1.9484557239436942126554793756615635,0.00000000000000000000000000000000000,True
"m003(-2,3)",AB,Abb,1,4,0.48262164311958858736110163833710989,4.5295356414926445969488201906010752,-11.415650330474596609881736483181239,1.6131819392647843553136411052915003,4.1476114577532908576229419220335095,False
"m003(-2,3)",AB,AAAB,1,0,6.5837621338359873389975399748601708,-0.28959993914440829929838896974117698,3.5475311838044613481160816991991654,1.1457399892022710424974759225991674,12.066939168548021122676736315568624,False
"m003(-2,3)",AB,AAAb,1,2,3.0935881313382195306285018460631056,-5.3322513762340677671068236436634713,-14.642650162002050992902807721901042,0.18559248070004302851541041211786404,12.707441366216110621368521668907598,False
"m003(-2,3)",AB,AABB,1,2,-0.73074770592221051924775817179800756,-3.4955535805166768402319570247919289,-4.7171738340252221913901093675168681,-6.4702408956544007946066653670959306,6.1646729244710790848327194280472007,False
"m003(-2,3)",AB,AAbb,1,1,-5.0437833094097052118893947661209608,0.92222413274966447093625040901912527,-3.3905643586407391708908239689127755,-13.862705924058466060149581143210986,7.8932263761961556516945101353048606,False
"m003(-2,3)",AB,ABAb,1,4,-2.9864261281030116721423511957188606,-2.9746873151377239543747083423040017,-3.7458524246785689612636311527179182,-4.5217851717107065819511859914343671,8.1162997849022491195258281766664623,False
"m003(-2,3)",AB,ABBB,1,4,-2.0362309500315259908814582756610054,1.4353399283466793417958648923403444,-3.7458524246785689612636311527179182,-4.5217851717107065819511859914343671,0.94043568269941664032632678149846958,False
"m003(-2,3)",AB,ABaB,1,3,-2.0362309500315259908814582756610054,1.4353399283466793417958648923403444,3.5475311838044613481160816991991654,1.1457399892022710424974759225991674,5.4238520318230742615760586186082349,False
"m003(-2,3)",AB,ABab,1,0,2.0075523593781792210079364904599553,0.51311579559701487085961448332121910,-4.7171738340252221913901093675168681,-6.4702408956544007946066653670959306,3.9005618128441387465937816237901378,False
"m003(-2,3)",AB,Abbb,1,0,4.4977263618759470293769746192570205,5.5557672326866743386680491572435135,-5.7830380321387115625085309189322963,21.552521361388877639988520088233927,7.5105546996448278803054298901822076,False
"m003(-2,3)",Ab,AAB,3,3,-2.7669786559537365101292164474590130,-2.0602136521699974984360921324515845,3.5475311838044613481160816991991654,1.1457399892022710424974759225991674,7.6008951782399849149820422063216550,False
"m003(-2,3)",Ab,AAb,3,0,-3.0075523593781792210079364904599553,-0.51311579559701487085961448332121910,1.0286785906533467698735217852010501,-1.9484557239436942126554793756615635,7.0075269295422779785469092737675169,False
"m003(-2,3)",Ab,ABB,3,0,-0.26925229407778948075224182820199244,3.4955535805166768402319570247919289,-11.415650330474596609881736483181239,1.6131819392647843553136411052915003,2.3428812754585534056598415410037459,False
"m003(-2,3)",Ab,Abb,3,4,0.21944747214927516201313474825984758,0.91447366296772645593861620985241715,1.0286785906533467698735217852010501,-1.9484557239436942126554793756615635,3.3639022056291866477334528039229845,False
"m003(-2,3)",Ab,AAAB,3,0,3.0935881313382195306285018460631056,-5.3322513762340677671068236436634713,-14.287362095964221202530000538095900,-9.1553282716477164496829847396587553,13.087284936033738601116614957675430,False
"m003(-2,3)",Ab,AAAb,3,2,1.0573571813066935397470435704021002,-3.8969114478873884253109587513231270,3.5475311838044613481160816991991654,1.1457399892022710424974759225991674,10.702918870115890515029071401252954,False
"m003(-2,3)",Ab,AABB,3,2,-3.0075523593781792210079364904599553,-0.51311579559701487085961448332121910,1.0286785906533467698735217852010501,-1.9484557239436942126554793756615635,7.0075269295422779785469092737675169,False
"m003(-2,3)",Ab,AAbb,3,1,-2.8167834778822508288683235274011578,2.3498135913144057977344811021927615,-6.0226570781345376630238094713798660,-1.5393473867910446125788434499636573,9.9397282450615151626581698388658132,False
"m003(-2,3)",Ab,ABAb,3,4,-2.7881048872289040589948017422001077,0.40135786737071158507900172653119804,-3.7458524246785689612636311527179182,-4.5217851717107065819511859914343671,10.023187088844522800678188878188006,False
"m003(-2,3)",Ab,ABBB,3,4,2.7383000653003897402556946622579629,4.0086693761136917110915715081131480,-5.7830380321387115625085309189322963,21.552521361388877639988520088233927,1.6648567956482186631558443353150272,False
"m003(-2,3)",Ab,ABaB,3,3,-0.26925229407778948075224182820199244,3.4955535805166768402319570247919289,-3.7458524246785689612636311527179182,-4.5217851717107065819511859914343671,3.1849658936684847207713751109795212,False
"m003(-2,3)",Ab,ABab,3,0,1.0286785906533467698735217852010501,-1.9484557239436942126554793756615635,-6.0226570781345376630238094713798660,-1.5393473867910446125788434499636573,6.1326705507220666605601712817446183,False
"m003(-2,3)",Ab,Abbb,3,0,2.0075523593781792210079364904599553,0.51311579559701487085961448332121910,-3.7458524246785689612636311527179182,-4.5217851717107065819511859914343671,8.9500343560885343662620513625820467,False
"m003(-2,3)",AAB,AAb,3,0,4.0649095406848727607549800608620555,-3.3837956522903735544513442680019079,8.3431884304115446281188199318592285,1.2574979174285743282780886793891885,6.5995339244866270808367092625455533,False
"m003(-2,3)",AAB,ABB,3,0,-0.73074770592221051924775817179800756,-3.4955535805166768402319570247919289,3.5475311838044613481160816991991654,1.1457399892022710424974759225991674,8.7908872312403105746596428812743560,False
"m003(-2,3)",AAB,Abb,3,4,-5.0437833094097052118893947661209608,0.92222413274966447093625040901912527,10.598866852592345781013412955780081,0.73663165204962144242083999690126123,4.6460788252724087730562992242709921,False
"m003(-2,3)",AAB,AAAB,3,0,3.2209217084199783276167963005950728,8.5382050176063363080403916987142233,1.0286785906533467698735217852010501,-1.9484557239436942126554793756615635,20.648554453411373777787241225925614,False
"m003(-2,3)",AAB,AAAb,3,2,6.7534047840567481822715676431778735,5.0349009673077214528108004747555862,-5.0724619000630519817629165513220108,2.8706798566933586835917297846806888,14.271433263460155992578719396956561,False
"m003(-2,3)",AAB,AABB,3,2,3.3130356034874946926416365943229532,-4.4177777132663413111682074338110542,3.5475311838044613481160816991991654,1.1457399892022710424974759225991674,6.5995339244866270808367092625455533,False
"m003(-2,3)",AAB,AAbb,3,1,0.086035771960040309620565355603150279,-5.8453671718310826379664381269846904,11.925476327976828801512698354384174,-6.6558333763544438231220757792137946,16.441235421917931534662040135715730,False
"m003(-2,3)",AAB,ABAb,3,4,4.8530144279137768197497818030621633,-3.7851535196610851395303459945331059,20.169055114531344792153304126359113,3.4217190280429370974971593694640859,11.678480150524239773439685242563695,False
"m003(-2,3)",AAB,ABBB,3,4,-2.7669786559537365101292164474590130,-2.0602136521699974984360921324515845,10.598866852592345781013412955780081,0.73663165204962144242083999690126123,8.8054341380381472631308904598051194,False
"m003(-2,3)",AAB,ABaB,3,3,-3.7669786559537365101292164474590130,-2.0602136521699974984360921324515845,-1.2481260628026219318866565334608977,1.0339820609759677567168631658091463,5.7673822161389141851875992617769088,False
"m003(-2,3)",AAB,ABab,3,0,-1.8167834778822508288683235274011578,2.3498135913144057977344811021927615,10.598866852592345781013412955780081,0.73663165204962144242083999690126123,10.501090791825916775808151828519962,False
"m003(-2,3)",AAB,Abbb,3,0,-5.8816930185671235896233035882632134,5.7336092436047793521858253701946694,14.799616987165773170128065452187432,-12.902558415556238046167515632729683,9.2365732774698767752329953184810115,False
"m003(-2,3)",AAb,ABB,0,0,-3.0075523593781792210079364904599553,-0.51311579559701487085961448332121910,6.1796239032982598402490672016662559,-11.177618548065150405073261770648162,6.1646729244710790848327194280472007,False
"m003(-2,3)",AAb,Abb,0,4,-2.8167834778822508288683235274011578,2.3498135913144057977344811021927615,4.8530144279137768197497818030621633,-3.7851535196610851395303459945331059,4.5112316682592290582687161341276507,False
"m003(-2,3)",AAb,AAAB,0,0,6.7534047840567481822715676431778735,5.0349009673077214528108004747555862,-4.7171738340252221913901093675168681,-6.4702408956544007946066653670959306,17.596337974105106827282197072492757,False
"m003(-2,3)",AAb,AAAb,0,2,8.3718670210648913979923417170602786,-0.69095780651511988437739069627237502,1.0286785906533467698735217852010501,-1.9484557239436942126554793756615635,17.297374867862828711113266523832858,False
"m003(-2,3)",AAb,AABB,0,2,2.5973360057329756668551887791413103,-3.2642872542821322536730973120451787,11.925476327976828801512698354384174,-6.6558333763544438231220757792137946,0.00000000000000000000000000000000000,True
"m003(-2,3)",AAb,AAbb,0,1,-5.5052787212541262503849111097169759,-6.0688830282836892095276636405647326,3.5475311838044613481160816991991654,1.1457399892022710424974759225991674,11.683179513940549180666570678470832,False
"m003(-2,3)",AAb,ABAb,0,4,-1.4614954118444210384955163435960151,-6.9911071610333536804639140495838578,3.2843570128341479227681148091219031,-2.4693219893226470985127280581494907,5.0794939119405298775973993742293280,False
"m003(-2,3)",AAb,ABBB,0,4,-2.8167834778822508288683235274011578,2.3498135913144057977344811021927615,-6.8807383611385069792598620977098407,-18.905357361148125527958015817133281,6.8762095840800051371710807507855436,False
"m003(-2,3)",AAb,ABaB,0,3,-5.0437833094097052118893947661209608,0.92222413274966447093625040901912527,5.8032096059852625010106747231200184,0.62487372382331815664022724011124017,8.0823126111319550957202286537517317,False
"m003(-2,3)",AAb,ABab,0,0,2.7383000653003897402556946622579629,4.0086693761136917110915715081131480,8.6773502651742068696260418209232764,-5.6218513153784760664052126134046483,5.1621386133528434444468103064814034,False
"m003(-2,3)",AAb,Abbb,0,0,-1.0860357719600403096205653556031503,5.8453671718310826379664381269846904,6.1796239032982598402490672016662559,-11.177618548065150405073261770648162,2.7141654082210451338569370565991051,False
"m003(-2,3)",ABB,Abb,0,4,2.9577475374496649022688294105178105,4.9231430390814181670301877179655652,-5.7830380321387115625085309189322963,21.552521361388877639988520088233927,4.1476114577532908576229419220335095,False
"m003(-2,3)",ABB,AAAB,0,0,5.8318881966386092708841965083210685,-1.3235820001203760560152521355503233,-4.7171738340252221913901093675168681,-6.4702408956544007946066653670959306,12.066939168548021122676736315568624,False
"m003(-2,3)",ABB,AAAb,0,2,0.078483412581861088612628865143194950,-6.3584829674280975088260526103059095,-25.299828853329706924026705738636597,27.984838881290714891549370353867680,12.707441366216110621368521668907598,False
"m003(-2,3)",ABB,AABB,0,2,-1.1983212408741076131475494535187528,-3.3760451825084355394537100688351997,-3.7458524246785689612636311527179182,-4.5217851717107065819511859914343671,6.1646729244710790848327194280472007,False
"m003(-2,3)",ABB,AAbb,0,1,-4.0724619000630519817629165513220108,2.8706798566933586835917297846806888,-18.706605045258307143294346292209725,-21.069578471762488297177086507208178,7.8932263761961556516945101353048606,False
"m003(-2,3)",ABB,ABAb,0,4,-3.7669786559537365101292164474590130,-2.0602136521699974984360921324515845,2.3341618347626622415072218890640480,-6.8793492328070503946833012927938368,8.1162997849022491195258281766664623,False
"m003(-2,3)",ABB,ABBB,0,4,-2.7881048872289040589948017422001077,0.40135786737071158507900172653119804,1.0286785906533467698735217852010501,-1.9484557239436942126554793756615635,0.94043568269941664032632678149846958,False
"m003(-2,3)",ABB,ABaB,0,3,-1.2481260628026219318866565334608977,1.0339820609759677567168631658091463,1.9788737687248324511344147052589052,2.4615715195407090835150938589827826,5.4238520318230742615760586186082349,False
"m003(-2,3)",ABB,ABab,0,0,2.0075523593781792210079364904599553,0.51311579559701487085961448332121910,-4.7171738340252221913901093675168681,-6.4702408956544007946066653670959306,3.9005618128441387465937816237901378,False
"m003(-2,3)",ABB,Abbb,0,0,7.5339573119074730202584328949180260,4.1204273043399949968721842649031691,36.343177084152882080792879075986037,27.994601550104040249903837100630901,7.5105546996448278803054298901822076,False
"m003(-2,3)",Abb,AAAB,4,0,-2.4328168211910742686219945583949650,-8.9395628849770478931193934252454213,-37.983776820453476404297242559466456,8.4546077963192712069511272966231590,16.110142680669691460592660438819760,False
"m003(-2,3)",Abb,AAAb,4,2,-2.9864261281030116721423511957188606,-2.9746873151377239543747083423040017,-5.0724619000630519817629165513220108,2.8706798566933586835917297846806888,12.841964150373165728357589566938643,False
"m003(-2,3)",Abb,AABB,4,2,-4.0724619000630519817629165513220108,2.8706798566933586835917297846806888,8.6984764964493744184916271156643712,-8.0834228349191851499203064723874309,4.5112316682592290582687161341276507,False
"m003(-2,3)",Abb,AAbb,4,1,0.48262164311958858736110163833710989,4.5295356414926445969488201906010752,-3.7458524246785689612636311527179182,-4.5217851717107065819511859914343671,11.856508692432671128503729927961408,False
"m003(-2,3)",Abb,ABAb,4,4,-2.0573571813066935397470435704021002,3.8969114478873884253109587513231270,2.3341618347626622415072218890640480,-6.8793492328070503946833012927938368,8.8367610893634164122432439912227278,False
"m003(-2,3)",Abb,ABBB,4,4,6.7820833747100949521450894283789236,3.0864452433640272401553210990940227,36.343177084152882080792879075986037,27.994601550104040249903837100630901,4.2425232337545963293547581446844161,False
"m003(-2,3)",Abb,ABaB,4,3,2.7383000653003897402556946622579629,4.0086693761136917110915715081131480,-13.713581215205732860507500096584282,7.0571912437251554082010775057449927,3.5711184584067682568089838511321389,False
"m003(-2,3)",Abb,ABab,4,0,-0.73074770592221051924775817179800756,-3.4955535805166768402319570247919289,1.0075523593781792210079364904599553,0.51311579559701487085961448332121910,6.3219643224060607185449039780098561,False
"m003(-2,3)",Abb,Abbb,4,0,1.0573571813066935397470435704021002,-3.8969114478873884253109587513231270,1.0286785906533467698735217852010501,-1.9484557239436942126554793756615635,7.0176243054263020517439139993087793,False
"m003(-2,3)",AAAB,AAAb,0,2,-6.2158548533297858311305254773272613,12.612958476411829746869126662988506,-21.936033770485081302282520573818126,-5.4819326802129345959332515019156705,16.355470351162655599838923554363768,False
"m003(-2,3)",AAAB,AABB,0,2,5.4977263618759470293769746192570205,5.5557672326866743386680491572435135,-14.287362095964221202530000538095900,-9.1553282716477164496829847396587553,17.596337974105106827282197072492757,False
"m003(-2,3)",AAAB,AAbb,0,1,10.408097971096417388873799992721284,-2.1262977348617992261732555886127194,-26.731691017092164582285258806478189,-5.5936906084392378817138642587056915,7.3425320286959207374701505979899694,False
"m003(-2,3)",AAAB,ABAb,0,4,7.5128310806323054713928476001769312,6.5819988238807040803872781238859517,-43.971677184827191242043255307520541,-2.1438108734570625995253565345426488,16.607405601475407918359954651017481,False
"m003(-2,3)",AAAB,ABBB,0,4,3.3130356034874946926416365943229532,-4.4177777132663413111682074338110542,-26.731691017092164582285258806478189,-5.5936906084392378817138642587056915,11.870113954404746905074140684805242,False
"m003(-2,3)",AAAB,ABaB,0,3,3.0935881313382195306285018460631056,-5.3322513762340677671068236436634713,9.6275454432456925508869347409811316,-1.2118240718940727702346393787603023,15.749733987726929785679784449795975,False
"m003(-2,3)",AAAB,ABab,0,0,-4.5550835431826405691240181896591207,-1.6588557847992859133570904059203865,-29.271669841518446709393404015217399,-6.2263148020444940533517256979836398,12.773753144197960226944012084725586,False
"m003(-2,3)",AAAB,Abbb,0,0,-11.031683673783420049635407514175047,-9.6761945370266693355402334221466825,-21.946450102149110354380781535938199,67.921851338448765173638657576746961,17.705012831088240248850759294856696,False
"m003(-2,3)",AAAb,AABB,2,2,6.5626359025608197901319546801190761,2.1719715803963007842167048892416056,-14.047743049968395102014721985648330,13.936540476532205802884378798538829,17.297374867862828711113266523832858,False
"m003(-2,3)",AAAb,AAbb,2,1,7.1584976720230922913834819069251611,-8.7160470285244413215581679116653792,-14.642650162002050992902807721901042,0.18559248070004302851541041211786404,17.886698463069061132051015163081771,False
"m003(-2,3)",AAAb,ABAb,2,4,8.8605667872919560407577182935221186,-3.2720377240640702686707315112118868,-11.415650330474596609881736483181239,1.6131819392647843553136411052915003,20.719642320610571573590254107507718,False
"m003(-2,3)",AAAb,ABBB,2,4,-5.5052787212541262503849111097169759,-6.0688830282836892095276636405647326,19.229569836070997607659735538922279,69.953904283679524487383401354499589,11.774267107426120138125103155111248,False
"m003(-2,3)",AAAb,ABaB,2,3,-1.6809428839936962005086510918558627,-7.9055808240010801364025302594362750,-18.132824164499818801271845850698107,-4.8570589563896164392930242618044303,9.3476751179911004788653979408413873,False
"m003(-2,3)",AAAb,ABab,2,0,-4.0935881313382195306285018460631056,5.3322513762340677671068236436634713,-23.639057543182561662020198450968456,13.713024620079599231323153284958787,16.591697852143133232335672415232789,False
"m003(-2,3)",AAAb,Abbb,2,0,-7.5913144932141665600054764653201262,-0.22351585645260657156122551358004212,-14.047743049968395102014721985648330,13.936540476532205802884378798538829,19.552842113592268031159880804312793,False
"m003(-2,3)",AABB,AAbb,2,1,-0.73074770592221051924775817179800756,-3.4955535805166768402319570247919289,-0.51642369945179480227545687110951748,-20.109430963260260283195020996726875,11.683179513940549180666570678470832,False
"m003(-2,3)",AABB,ABAb,2,4,4.0649095406848727607549800608620555,-3.3837956522903735544513442680019079,26.625483671285573334162549646687317,-10.738337304941875276948444942654786,5.0794939119405298775973993742293280,False
"m003(-2,3)",AABB,ABBB,2,4,-2.7669786559537365101292164474590130,-2.0602136521699974984360921324515845,1.0286785906533467698735217852010501,-1.9484557239436942126554793756615635,6.8762095840800051371710807507855436,False
"m003(-2,3)",AABB,ABaB,2,3,-3.0075523593781792210079364904599553,-0.51311579559701487085961448332121910,-2.8167834778822508288683235274011578,2.3498135913144057977344811021927615,8.0823126111319550957202286537517317,False
"m003(-2,3)",AABB,ABab,2,0,-2.0362309500315259908814582756610054,1.4353399283466793417958648923403444,8.6773502651742068696260418209232764,-5.6218513153784760664052126134046483,5.1621386133528434444468103064814034,False
"m003(-2,3)",AABB,Abbb,2,0,-3.1222667219915663005020236312641557,7.2807071001777619797623030193250348,3.0658641981134893711184215514154282,-28.022762257043278434595185455329858,2.7141654082210451338569370565991051,False
"m003(-2,3)",AAbb,ABAb,1,4,-8.5128310806323054713928476001769312,-6.5819988238807040803872781238859517,0.67339052461551697950071460139590738,7.3924650284040652655429157761150559,9.5371762931853504295286753523132387,False
"m003(-2,3)",AAbb,ABBB,1,4,-1.0860357719600403096205653556031503,5.8453671718310826379664381269846904,-45.277160428936506713676955411383539,2.7870826354062935825024653825896245,8.2883574202236733426882131492454399,False
"m003(-2,3)",AAbb,ABaB,1,3,-4.0935881313382195306285018460631056,5.3322513762340677671068236436634713,3.9028192498422911384888888830043081,-8.1951807631454884357009192291774520,13.121108485419377062293281433633703,False
"m003(-2,3)",AAbb,ABab,1,0,6.7745310153319157311371529379189683,2.5733294477670123692957066157728036,-2.4403691805692534896299310488549204,-9.4526786805740627639790079085666404,6.5210951302048790332307959908211831,False
"m003(-2,3)",AAbb,Abbb,1,0,5.4977263618759470293769746192570205,5.5557672326866743386680491572435135,-3.3905643586407391708908239689127755,-13.862705924058466060149581143210986,11.072940925457568899292370271910855,False
"m003(-2,3)",ABAb,ABBB,4,4,-4.5762097744578081179896034844002155,0.80271573474142317015800345306239609,2.7105761320756595807456143676102854,-18.681841504695518956396790303553239,9.0536594047681766386076116902590698,False
"m003(-2,3)",ABAb,ABaB,4,3,-4.5762097744578081179896034844002155,0.80271573474142317015800345306239609,0.67339052461551697950071460139590738,7.3924650284040652655429157761150559,12.172979465748326805544227704395698,False
"m003(-2,3)",ABAb,ABab,4,0,5.4977263618759470293769746192570205,5.5557672326866743386680491572435135,10.598866852592345781013412955780081,0.73663165204962144242083999690126123,4.5589882092105105330372803114175034,False
"m003(-2,3)",ABAb,Abbb,4,0,0.67339052461551697950071460139590738,7.3924650284040652655429157761150559,2.7105761320756595807456143676102854,-18.681841504695518956396790303553239,2.6175763214983090100297811248591426,False
"m003(-2,3)",ABBB,ABaB,4,3,0.21944747214927516201313474825984758,0.91447366296772645593861620985241715,1.9788737687248324511344147052589052,2.4615715195407090835150938589827826,4.8477405665047066055910395545180566,False
"m003(-2,3)",ABBB,ABab,4,0,1.7881048872289040589948017422001077,-0.40135786737071158507900172653119804,-6.2858312491048510883717763614571283,-5.1544093653159627535890474307123154,4.8219914476124818465557463366820283,False
"m003(-2,3)",ABBB,Abbb,4,0,10.627545443245692550886934740981132,-1.2118240718940727702346393787603023,83.609627613478250297702510154748555,-45.734693584423244018655443501638572,8.3803960600688493933764876011034165,False
"m003(-2,3)",ABaB,ABab,3,0,2.0286785906533467698735217852010501,-1.9484557239436942126554793756615635,-0.27680465345596870176017831866194777,2.9824377849196619693723425414707098,8.8966281507204470808773391217245109,False
"m003(-2,3)",ABaB,Abbb,3,0,6.7745310153319157311371529379189683,2.5733294477670123692957066157728036,-0.39247367349797239161770695001952078,35.415227285447343700138101231444914,10.545388683539143949382055807192791,False
"m003(-2,3)",ABab,Abbb,0,0,-3.7383000653003897402556946622579629,-4.0086693761136917110915715081131480,10.975281149905343120251805434326319,-11.065860619838847119292649013858141,4.9531153597269862283290336263544796,False
"m003(-2,5)",A,B,,,-0.37908785910353610166272994018839299,0.90194259367432872783254053436351246,0.76960722543518479825771385198488702,-3.2676825222130130537564498754510596,4.5980122330361532405089408756043111,False
"m003(-2,5)",A,AB,,,-2.7310175725577775187076754125307263,0.74633891343300795727551174648439888,0.76960722543518479825771385198488702,-3.2676825222130130537564498754510596,1.4314797848302429351608890935632338,False
"m003(-2,5)",A,Ab,,,-1.4394000627994576111159978532580565,2.5838515484724293722187636291834532,0.76960722543518479825771385198488702,-3.2676825222130130537564498754510596,3.7518321186256836240944187540332305,False
"m003(-2,5)",A,AAB,,,-1.4057388199949755595206144024821636,-3.1797055714024330656328952757402166,0.76960722543518479825771385198488702,-3.2676825222130130537564498754510596,9.0285322160905042300938045313042667,False
"m003(-2,5)",A,AAb,,,-4.7726023816546714420500726641435129,-0.76655563627667033820198884762567212,0.76960722543518479825771385198488702,-3.2676825222130130537564498754510596,9.0550008480129594235133154052118663,False
"m003(-2,5)",A,ABB,,,-1.4394000627994576111159978532580565,2.5838515484724293722187636291834532,-9.4446267564777964617087771043061694,-4.7920326741065276122083103975008686,1.4314797848302429351608890935632338,False
"m003(-2,5)",A,Abb,,,2.1678197270702559153790259781899133,4.8006338007185419603449603016965352,-9.4446267564777964617087771043061694,-4.7920326741065276122083103975008686,12.245798222883176037573727626256830,False
"m003(-2,5)",A,AAAB,,,5.1704176353572351298236732657887828,-3.3301904619054373294942753756678521,0.76960722543518479825771385198488702,-3.2676825222130130537564498754510596,11.042696559429749137852082090446313,False
"m003(-2,5)",A,AAAb,,,0.27158033572920169573697187506814321,-7.3844853491909713325637239308799884,0.76960722543518479825771385198488702,-3.2676825222130130537564498754510596,23.844317862210302974821372160348641,False
"m003(-2,5)",A,AABB,,,-2.6256349531429433332683683418849914,-1.2349417521704754514027284873441663,-9.4446267564777964617087771043061694,-4.7920326741065276122083103975008686,9.0550008480129594235133154052118663,False
"m003(-2,5)",A,AAbb,,,-6.6527072422476477970577018943951184,5.4550844830351652569040832562819462,-9.4446267564777964617087771043061694,-4.7920326741065276122083103975008686,26.702320714128040238142550700550358,False
"m003(-2,5)",A,ABAb,,,-4.7726023816546714420500726641435129,-0.76655563627667033820198884762567212,-15.423691146961846239595675417035447,-6.5001074978599118196302946522907954,18.331794943089916530794679961064632,False
"m003(-2,5)",A,ABBB,,,2.1678197270702559153790259781899133,4.8006338007185419603449603016965352,-16.641063535398139711077609981441093,24.197914586261677173859511796065891,0.00000000000000000000000000000000000,True
"m003(-2,5)",A,ABaB,,,-2.9708285928658401268023583608725282,3.3554138413990147227669197404827179,3.3950092020019708749927257234449152,-11.484710889812561486542487986493935,3.4169846926545484378668859713247241,False
"m003(-2,5)",A,ABab,,,2.9877757025561597808667283214729563,-1.5112073414514339995983658937510320,-15.423691146961846239595675417035447,-6.5001074978599118196302946522907954,10.993984188511231816850106812509722,False
"m003(-2,5)",A,Abbb,,,8.7748339191135236488504931030329999,4.1082017003659439306706241512332621,-16.641063535398139711077609981441093,24.197914586261677173859511796065891,33.109911737855596041527491308074231,False
"m003(-2,5)",B,AB,,,-0.37908785910353610166272994018839299,0.90194259367432872783254053436351246,0.76960722543518479825771385198488702,-3.2676825222130130537564498754510596,3.6437835658602010548980957327143656,False
"m003(-2,5)",B,Ab,,,0.39603496879385575572709990078882109,0.94226390627325199533601331236817344,0.76960722543518479825771385198488702,-3.2676825222130130537564498754510596,4.1468176110222070564718684505629026,False
"m003(-2,5)",B,AAB,,,-1.4394000627994576111159978532580565,2.5838515484724293722187636291834532,5.3382373624274910452026992439786962,1.4704433388131046308506849260286832,4.7050871119527472658667877842493943,False
"m003(-2,5)",B,AAb,,,-2.7310175725577775187076754125307263,0.74633891343300795727551174648439888,5.3382373624274910452026992439786962,1.4704433388131046308506849260286832,8.5546427917844380098277889484497236,False
"m003(-2,5)",B,ABB,,,0.39603496879385575572709990078882109,0.94226390627325199533601331236817344,0.76960722543518479825771385198488702,-3.2676825222130130537564498754510596,3.6437835658602010548980957327143656,False
"m003(-2,5)",B,Abb,,,1.7678795694081920071189743820701285,0.43355647778052361463180089464501825,0.76960722543518479825771385198488702,-3.2676825222130130537564498754510596,7.6959329735398165805297612485224153,False
"m003(-2,5)",B,AAAB,,,-2.6256349531429433332683683418849914,-1.2349417521704754514027284873441663,-9.4446267564777964617087771043061694,-4.7920326741065276122083103975008686,15.639609006914014297706763116057438,False
"m003(-2,5)",B,AAAb,,,-2.1808616478923674169104442434593777,-3.2200268840013563331363680537448776,-9.4446267564777964617087771043061694,-4.7920326741065276122083103975008686,22.093362316540922296087610008947397,False
"m003(-2,5)",B,AABB,,,2.1678197270702559153790259781899133,4.8006338007185419603449603016965352,5.3382373624274910452026992439786962,1.4704433388131046308506849260286832,8.5546427917844380098277889484497236,False
"m003(-2,5)",B,AAbb,,,-1.4394000627994576111159978532580565,2.5838515484724293722187636291834532,5.3382373624274910452026992439786962,1.4704433388131046308506849260286832,31.297132045998991163768590373965344,False
"m003(-2,5)",B,ABAb,,,-2.7310175725577775187076754125307263,0.74633891343300795727551174648439888,0.58956574650825646905808707926453189,3.0300510372727334771851505466898159,18.847790863258304416039640278425376,False
"m003(-2,5)",B,ABBB,,,1.7678795694081920071189743820701285,0.43355647778052361463180089464501825,0.76960722543518479825771385198488702,-3.2676825222130130537564498754510596,4.5980122330361532405089408756043111,False
"m003(-2,5)",B,ABaB,,,1.6697928373642728128582840012731695,0.68383097374058368153768624626760642,-0.64082702805655873268419906875058109,-0.23763148494027957657129932876124368,4.8690136087922782958118294775566666,False
"m003(-2,5)",B,ABab,,,1.7310175725577775187076754125307263,-0.74633891343300795727551174648439888,-0.64082702805655873268419906875058109,-0.23763148494027957657129932876124368,12.761424811639069705985527491041661,False
"m003(-2,5)",B,Abbb,,,2.9877757025561597808667283214729563,-1.5112073414514339995983658937510320,0.76960722543518479825771385198488702,-3.2676825222130130537564498754510596,33.039543871745117975026313250535719,False
"m003(-2,5)",AB,Ab,,,-1.5006247979929623169653892645156133,4.0140214356460210110319616219354585,-9.4446267564777964617087771043061694,-4.7920326741065276122083103975008686,4.2339294002499672936830286265188687,False
"m003(-2,5)",AB,AAB,,,-0.033894219380639308128739921200856200,-3.6884129998951614463371076934633718,0.76960722543518479825771385198488702,-3.2676825222130130537564498754510596,8.2966195861825721583862006697691906,False
"m003(-2,5)",AB,AAb,,,-4.7726023816546714420500726641435129,-0.76655563627667033820198884762567212,8.1436808179212054511373378881590795,-13.044318588272190332876953607155068,7.8169916537312718359149376229155608,False
"m003(-2,5)",AB,ABB,,,-2.4008104099220503315659594138038958,0.062507939692424275737825500216792455,0.76960722543518479825771385198488702,-3.2676825222130130537564498754510596,0.00000000000000000000000000000000000,True
"m003(-2,5)",AB,Abb,,,3.1292300741928486358289875387357526,7.3219774094985470568258984306631960,-16.641063535398139711077609981441093,24.197914586261677173859511796065891,11.096902995200300710825179529060858,False
"m003(-2,5)",AB,AAAB,,,6.1318279824798278502736348263346221,-0.80884685312543223301333724670119133,5.3382373624274910452026992439786962,1.4704433388131046308506849260286832,12.179184664351220249105157706940151,False
"m003(-2,5)",AB,AAAb,,,0.33280507092270640158636328632569998,-8.8146552363645629713769219236319937,-23.517060154883629925841401693753454,24.144007773181267246258336200044765,24.219580328532787318693267340603919,False
"m003(-2,5)",AB,AABB,,,-1.4057388199949755595206144024821636,-3.1797055714024330656328952757402166,-10.675019531042611663451063252321282,-8.0597151963195406659647602729519282,7.8169916537312718359149376229155608,False
"m003(-2,5)",AB,AAbb,,,-7.4278300701450396544475317353723325,5.4147631704362419894006104782772852,-32.696227369554837707361639313278235,-31.409081168208039962497598746376967,27.831994115981417793439740831311238,False
"m003(-2,5)",AB,ABAb,,,-4.8194278321502883726846510554544227,-3.3087006926490641719099547139316562,-9.4446267564777964617087771043061694,-4.7920326741065276122083103975008686,17.410284661226444948176107620911121,False
"m003(-2,5)",AB,ABBB,,,-1.4394000627994576111159978532580565,2.5838515484724293722187636291834532,-9.4446267564777964617087771043061694,-4.7920326741065276122083103975008686,1.4314797848302429351608890935632338,False
"m003(-2,5)",AB,ABaB,,,-3.0176540433614570574369367521834380,0.81326878502662088905895387417673385,5.3382373624274910452026992439786962,1.4704433388131046308506849260286832,4.2129160438992172334842923294780137,False
"m003(-2,5)",AB,ABab,,,3.0346011530517767115013067127838661,1.0309377149209598341095999725549520,-10.675019531042611663451063252321282,-8.0597151963195406659647602729519282,10.370194653263392320135907921362605,False
"m003(-2,5)",AB,Abbb,,,12.382053708983237175345516934480970,6.3249839526120565187968208237463442,65.316775792761363847565139113067468,57.054973699611215824541369831877465,32.095583589586540962648781540111161,False
"m003(-2,5)",Ab,AAB,,,-4.7726023816546714420500726641435129,-0.76655563627667033820198884762567212,5.3382373624274910452026992439786962,1.4704433388131046308506849260286832,6.8687433097186750464858545082994561,False
"m003(-2,5)",Ab,AAb,,,-4.0609665084853437719180734737109831,3.0016132353104792619697040501627407,0.76960722543518479825771385198488702,-3.2676825222130130537564498754510596,11.720256077949734065642864248800949,False
"m003(-2,5)",Ab,ABB,,,1.8376125644345287282373099794630829,5.4844647744591256418826465479641417,-16.641063535398139711077609981441093,24.197914586261677173859511796065891,4.2339294002499672936830286265188687,False
"m003(-2,5)",Ab,Abb,,,4.2062037821212174019055077110391907,-0.62992416066017375393651065024648065,0.76960722543518479825771385198488702,-3.2676825222130130537564498754510596,11.194369307966173774289096589991947,False
"m003(-2,5)",Ab,AAAB,,,0.33280507092270640158636328632569998,-8.8146552363645629713769219236319937,-29.493719880006428778039464392801644,-3.0751118043668909990525669387487888,13.320864241125566111091627142389019,False
"m003(-2,5)",Ab,AAAb,,,-5.3740235091914733172845336892291041,-4.1707096400583682064084496514500546,5.3382373624274910452026992439786962,1.4704433388131046308506849260286832,20.102756886602836440053937912417828,False
"m003(-2,5)",Ab,AABB,,,-4.0609665084853437719180734737109831,3.0016132353104792619697040501627407,0.76960722543518479825771385198488702,-3.2676825222130130537564498754510596,11.720256077949734065642864248800949,False
"m003(-2,5)",Ab,AAbb,,,-0.016781245514302828818358050502725155,8.9932582240519007584928955844968672,-13.480462986536326069385701896501666,6.4550467307657542977628782602318226,28.718694403888090110301457554064855,False
"m003(-2,5)",Ab,ABAb,,,-4.0141410579897268412834950824000734,5.5437582916828730956776699164687248,-9.4446267564777964617087771043061694,-4.7920326741065276122083103975008686,21.600633790296449146123805745694778,False
"m003(-2,5)",Ab,ABBB,,,8.7748339191135236488504931030329999,4.1082017003659439306706241512332621,65.316775792761363847565139113067468,57.054973699611215824541369831877465,3.7518321186256836240944187540332305,False
"m003(-2,5)",Ab,ABaB,,,0.37937346456140849910384764155504653,7.2122565216338721617121992984579093,-35.681712303975480442495904730178973,-10.596585681636998467828359791052340,0.97166759491178188628641974090814426,False
"m003(-2,5)",Ab,ABab,,,1.0094182457432474063523968003266890,-5.8767574501790198192478578694493786,-13.480462986536326069385701896501666,6.4550467307657542977628782602318226,14.582981316327687650934818046952334,False
"m003(-2,5)",Ab,Abbb,,,5.8734487944930583359142347716585792,-5.7626146304131562680885421097685495,-9.4446267564777964617087771043061694,-4.7920326741065276122083103975008686,36.200058532019421261481512297215292,False
"m003(-2,5)",AAB,AAb,,,1.5631978454875216033286494343408130,-5.5469727141515499176204720481809341,13.942703729478326899824609428168002,-5.0385102050330595945133689302242652,11.986940391382581386019693909678822,False
"m003(-2,5)",AAB,ABB,,,-1.4057388199949755595206144024821636,-3.1797055714024330656328952757402166,5.3382373624274910452026992439786962,1.4704433388131046308506849260286832,8.2966195861825721583862006697691906,False
"m003(-2,5)",AAB,Abb,,,-7.4278300701450396544475317353723325,5.4147631704362419894006104782772852,19.588307574399001912846114992465249,-8.2522859141656627206686432096541990,4.9605014863498287451107909528470917,False
"m003(-2,5)",AAB,AAAB,,,5.8162004522364305539723270870377116,6.6924103013010128548359785044610871,0.76960722543518479825771385198488702,-3.2676825222130130537564498754510596,19.887146457022159301236745958315837,False
"m003(-2,5)",AAB,AAAb,,,10.618395569238526875151490480525053,0.042705378694295414032639538839635560,-4.6983598059198128112530005532730918,19.159404381228617579346142865841625,19.067118103649864574754570439022323,False
"m003(-2,5)",AAB,AABB,,,0.27158033572920169573697187506814321,-7.3844853491909713325637239308799884,5.3382373624274910452026992439786962,1.4704433388131046308506849260286832,11.986940391382581386019693909678822,False
"m003(-2,5)",AAB,AAbb,,,-6.6044162837562885190268198372442170,-7.4383921622713812601648995269011142,-2.4329002641132241310644610684917032,-31.601651886054162017201481683079238,35.454122286565959967887051612528076,False
"m003(-2,5)",AAB,ABAb,,,3.9400248607924199280813871177736699,-6.5978729841184503832507252511189117,38.407007923362819027434516132945611,-13.236889306118312387580836543857338,22.239320045113399810609667816617769,False
"m003(-2,5)",AAB,ABBB,,,-4.7726023816546714420500726641435129,-0.76655563627667033820198884762567212,19.588307574399001912846114992465249,-8.2522859141656627206686432096541990,9.0285322160905042300938045313042667,False
"m003(-2,5)",AAB,ABaB,,,-3.6312031844868655333082455618190088,-3.2051745825205887780186243752342671,-6.2864308729772337457057046330478284,2.9761442241923235495839749506686902,7.8381678953336691883802937327357170,False
"m003(-2,5)",AAB,ABab,,,-1.5006247979929623169653892645156133,4.0140214356460210110319616219354585,19.588307574399001912846114992465249,-8.2522859141656627206686432096541990,17.013608187498390995673353910384415,False
"m003(-2,5)",AAB,Abbb,,,-4.0438535346190072926076916030128521,15.683284459257541466799707328122980,-3.8409298522437167363175383755460847,-54.082645602576202577905250020393048,35.692868223881945701117293736593055,False
"m003(-2,5)",AAb,ABB,,,-4.0609665084853437719180734737109831,3.0016132353104792619697040501627407,-13.877527020591020592773238172797873,-36.393684560160689629409792080580106,7.8169916537312718359149376229155608,False
"m003(-2,5)",AAb,Abb,,,-0.016781245514302828818358050502725155,8.9932582240519007584928955844968672,8.1436808179212054511373378881590795,-13.044318588272190332876953607155068,11.359568421399956658694803331178109,False
"m003(-2,5)",AAb,AAAB,,,10.618395569238526875151490480525053,0.042705378694295414032639538839635560,-10.675019531042611663451063252321282,-8.0597151963195406659647602729519282,16.754161410361300201880018801133225,False
"m003(-2,5)",AAb,AAAb,,,8.4543151668604622870594042875684001,-12.170579729358961677596624099402109,0.76960722543518479825771385198488702,-3.2676825222130130537564498754510596,30.588675039855388673942477974822951,False
"m003(-2,5)",AAb,AABB,,,-1.7055789841282550849401184465235774,-3.3840972749858472570954509716889778,-2.4329002641132241310644610684917032,-31.601651886054162017201481683079238,0.00000000000000000000000000000000000,True
"m003(-2,5)",AAb,AAbb,,,-17.255502503476295511259751706139549,-0.56236932219890025070827871397779472,5.3382373624274910452026992439786962,1.4704433388131046308506849260286832,31.417131028346286793522195198568799,False
"m003(-2,5)",AAb,ABAb,,,-9.9426536461837795642295190812229132,-8.9088355010844858910155844529297974,3.3950092020019708749927257234449152,-11.484710889812561486542487986493935,10.339969405068132985470489445625204,False
"m003(-2,5)",AAb,ABBB,,,-0.016781245514302828818358050502725155,8.9932582240519007584928955844968672,-91.259016142552771268119786053605551,20.022770604296177135899582545885972,9.0550008480129594235133154052118663,False
"m003(-2,5)",AAb,ABaB,,,-8.3766214174784525317291809768279736,3.9601146225656110834307860259143327,28.455371843167482353163632670997935,-27.088365357073815563949466748343490,11.936286325700689962932788451971471,False
"m003(-2,5)",AAb,ABab,,,8.7748339191135236488504931030329999,4.1082017003659439306706241512332621,6.5556097508637845166846338083843429,-29.227578745308484362639121522328003,5.9869643959567455380776366338540354,False
"m003(-2,5)",AAb,Abbb,,,10.743936448772037636945768849953679,12.578399281616308560344496810021098,-13.877527020591020592773238172797873,-36.393684560160689629409792080580106,24.546121501594463833027546205706605,False
"m003(-2,5)",ABB,Abb,,,8.7136091839200189430011016917754431,5.5383715875395355694838221439852674,65.316775792761363847565139113067468,57.054973699611215824541369831877465,11.096902995200300710825179529060858,False
"m003(-2,5)",ABB,AAAB,,,4.8402104727215079426819572670619524,-2.6463594881648536479565891294002456,-10.675019531042611663451063252321282,-8.0597151963195406659647602729519282,12.179184664351220249105157706940151,False
"m003(-2,5)",ABB,AAAb,,,-6.2742091211205613318851038385173866,-8.1222231360119649417025857731687206,41.207745226008226526976814726368396,103.67997518931452363150347436923604,24.219580328532787318693267340603919,False
"m003(-2,5)",ABB,AABB,,,-2.1808616478923674169104442434593777,-3.2200268840013563331363680537448776,-9.4446267564777964617087771043061694,-4.7920326741065276122083103975008686,7.8169916537312718359149376229155608,False
"m003(-2,5)",ABB,AAbb,,,-2.1637486740260309376000623727612466,9.4616443399457058716936352242153614,-115.72332033643726339572969275838316,28.221149705381429928967050159519045,27.831994115981417793439740831311238,False
"m003(-2,5)",ABB,ABAb,,,-6.0393239652982561464324049948572505,-1.3639368734171065576797879255356059,3.5750506809288992041923524961652704,-17.782444449298308017484088408634810,17.410284661226444948176107620911121,False
"m003(-2,5)",ABB,ABBB,,,-2.7310175725577775187076754125307263,0.74633891343300795727551174648439888,0.76960722543518479825771385198488702,-3.2676825222130130537564498754510596,1.4314797848302429351608890935632338,False
"m003(-2,5)",ABB,ABaB,,,-1.6458094427471208060450622709021306,0.30456135653389250835474145645357866,0.58956574650825646905808707926453189,3.0300510372727334771851505466898159,4.2129160438992172334842923294780137,False
"m003(-2,5)",ABB,ABab,,,3.0346011530517767115013067127838661,1.0309377149209598341095999725549520,-10.675019531042611663451063252321282,-8.0597151963195406659647602729519282,10.370194653263392320135907921362605,False
"m003(-2,5)",ABB,Abbb,,,17.379300286164359503472403287222305,-2.4007518434802202946934297050196862,193.42325538766120246553467073836458,-169.26446978046521450680916547965603,32.095583589586540962648781540111161,False
"m003(-2,5)",Abb,AAAB,,,-11.173046420748594765971805229238026,-12.176518023297498944772034328380857,-37.725223426168545505854550606702844,79.943574245497106437319329679189893,23.265720087445062853886264142776387,False
"m003(-2,5)",Abb,AAAb,,,-12.686872366483989264314766314145740,4.1757565388272174338988560875019481,-4.6983598059198128112530005532730918,19.159404381228617579346142865841625,22.559770293246205784694369099255780,False
"m003(-2,5)",Abb,AABB,,,-2.1637486740260309376000623727612466,9.4616443399457058716936352242153614,7.9660440043555280476265467291198110,-32.257629782581217839824272069017819,11.359568421399956658694803331178109,False
"m003(-2,5)",Abb,AAbb,,,13.335677182534341662085397270637815,10.124928033891622565410117603901892,-9.4446267564777964617087771043061694,-4.7920326741065276122083103975008686,38.925007401763018541812233785591686,False
"m003(-2,5)",Abb,ABAb,,,1.9615762112986095456959734706435422,13.358808332779486578142387560195214,3.5750506809288992041923524961652704,-17.782444449298308017484088408634810,20.724297691419648733966116257670870,False
"m003(-2,5)",Abb,ABBB,,,16.087682776406039595880725727949636,-4.2382644785196417096366815877187405,193.42325538766120246553467073836458,-169.26446978046521450680916547965603,12.245798222883176037573727626256830,False
"m003(-2,5)",Abb,ABaB,,,9.0103184223401130984807752658274817,8.8459877560175733165743176162814411,-48.614014332891540980980195268817648,103.71725819168051125339666636323361,12.111588506783714301699923914406634,False
"m003(-2,5)",Abb,ABab,,,-5.6265077509900975618869470435657043,-9.4149311911957553208366701976642997,25.596258519441125248102928557122222,5.5669215225901912790487500647902282,17.200235598017750650459622472206047,False
"m003(-2,5)",Abb,Abbb,,,-2.9086543861234549222184665715699948,-18.466972280876019549671806715378352,0.76960722543518479825771385198488702,-3.2676825222130130537564498754510596,32.948048264374839701271032874184696,False
"m003(-2,5)",AAAB,AAAb,,,3.8322111500341245063244586976604605,18.836898947108373603760585079716561,-38.299924273788917432752878042038319,17.881531760261635003199340876515213,30.367939202496874180122659824526696,False
"m003(-2,5)",AAAB,AABB,,,8.4714281407267987663697861582665312,0.51109149458810052723337917855812977,-29.493719880006428778039464392801644,-3.0751118043668909990525669387487888,16.754161410361300201880018801133225,False
"m003(-2,5)",AAAB,AAbb,,,11.821178728520158169588862549229749,-14.583729664484724405027530527516654,-46.904390640839753287374788226227625,24.390485304107799228563394732768162,15.661568131750037349704319581083182,False
"m003(-2,5)",AAAB,ABAb,,,12.596753026051439249665822001671320,4.4082554874218812336821315145379822,-75.939729637077802587618515936680130,53.361783297961708374912646428925119,21.753886532875900597542766396339310,False
"m003(-2,5)",AAAB,ABBB,,,0.27158033572920169573697187506814321,-7.3844853491909713325637239308799884,-46.904390640839753287374788226227625,24.390485304107799228563394732768162,11.042696559429749137852082090446313,False
"m003(-2,5)",AAAB,ABaB,,,4.5996909259226412787830506711742307,-5.5041816978804879542902150436679825,18.357914799834186711103828844450136,-11.519968436378675774425093085105259,12.393910104550255732049966727440465,False
"m003(-2,5)",AAAB,ABab,,,-7.4111685659125923978242794761385579,-0.85522944492437817697557550781245073,-52.883455031323803065261686538956902,22.682410480354415021141410477978235,14.104922469192270693652591640535137,False
"m003(-2,5)",AAAB,Abbb,,,-28.761353995147596678817920221703275,-3.9242321091318362241033911187266580,203.42914100624303665568324545733866,137.49840257549695919398998737579760,36.043083908949373750675875091961945,False
"m003(-2,5)",AAAb,AABB,,,6.5742103062674859320517750573167946,-5.9489396100471260824905519954944909,32.028578011337018745456577106843615,48.126886247925216422747539422814309,30.588675039855388673942477974822951,False
"m003(-2,5)",AAAb,AAbb,,,-6.2871008356688549345466073855515781,-25.475213334653017308639636979044218,-23.517060154883629925841401693753454,24.144007773181267246258336200044765,42.724648052945611390908648107743320,False
"m003(-2,5)",AAAb,ABAb,,,8.4709766710929095436826565468021747,-18.440572344719581843972810085491845,-16.641063535398139711077609981441093,24.197914586261677173859511796065891,40.922024139523094652084820225990232,False
"m003(-2,5)",AAAb,ABBB,,,-17.255502503476295511259751706139549,-0.56236932219890025070827871397779472,299.44362872280219672200745021059695,-56.022894636609241593555495952012323,23.844317862210302974821372160348641,False
"m003(-2,5)",AAAb,ABaB,,,-7.4282815397789288771346613468366890,-13.536900668871440381805578785772690,-99.354789815835805880054347944004644,76.177930629132130239677132282225159,20.497122034261209303847317962681635,False
"m003(-2,5)",AAAb,ABab,,,-1.4052873503610863368334847910178071,15.771958267905249305573293988309758,-8.6922890952917471312996585099314256,76.483321005437971328858996867036563,34.556496453366589800838103401784040,False
"m003(-2,5)",AAAb,Abbb,,,-13.470645900040904581253936715652311,20.867724124356239844365236420398039,32.028578011337018745456577106843615,48.126886247925216422747539422814309,54.746196385923290927921485761632779,False
"m003(-2,5)",AABB,AAbb,,,-7.0412685215633142512932607498484925,0.96198082969461430774358180807201424,-86.868022819126142424685591820651010,5.5475852710132673135593988855029637,31.417131028346286793522195198568799,False
"m003(-2,5)",AABB,ABAb,,,1.5631978454875216033286494343408130,-5.5469727141515499176204720481809341,17.603172473286886455005874636394305,-67.284277362128400677603481465639063,10.339969405068132985470489445625204,False
"m003(-2,5)",AABB,ABBB,,,-4.7726023816546714420500726641435129,-0.76655563627667033820198884762567212,0.76960722543518479825771385198488702,-3.2676825222130130537564498754510596,9.0550008480129594235133154052118663,False
"m003(-2,5)",AABB,ABaB,,,-2.6697928373642728128582840012731695,-0.68383097374058368153768624626760642,-11.035102488896468321850316797761993,4.5357519226519523959184405713298229,11.936286325700689962932788451971471,False
"m003(-2,5)",AABB,ABab,,,-1.4394000627994576111159978532580565,2.5838515484724293722187636291834532,6.5556097508637845166846338083843429,-29.227578745308484362639121522328003,5.9869643959567455380776366338540354,False
"m003(-2,5)",AABB,Abbb,,,7.3770728871123417544163105882923300,14.991549216742071287775403238135642,-73.991795323803975511016202365388750,-65.114688895930756490506130104829393,24.546121501594463833027546205706605,False
"m003(-2,5)",AAbb,ABAb,,,-24.192723858155290431872934829709466,0.81389375189428146050374368275308481,6.7462669505579836504557765510330776,23.951437055335145191554453263342494,33.165707000494020212946516218664402,False
"m003(-2,5)",AAbb,ABBB,,,10.743936448772037636945768849953679,12.578399281616308560344496810021098,25.121834791427851286964298807234385,295.56940811772781719298624770492015,26.702320714128040238142550700550358,False
"m003(-2,5)",AAbb,ABaB,,,-5.5364610280514919246423140567111096,15.261100840518302921003150279668150,-73.451781829274815797751688836052441,-98.442256220225461509302278828931055,27.757864149116893947691985958266966,False
"m003(-2,5)",AAbb,ABab,,,16.417889939041766783022441726676466,-4.9220954522602253911743678339863470,-53.368001352654971267787187641557800,-4.7695672804349216695418847609067928,27.131766876155870223975328043364189,False
"m003(-2,5)",AAbb,Abbb,,,30.657700577841115819291869207954162,-1.4197646948086707952846866754934982,-32.696227369554837707361639313278235,-31.409081168208039962497598746376967,45.056943255725617318634618164401588,False
"m003(-2,5)",ABAb,ABBB,,,-6.6527072422476477970577018943951184,5.4550844830351652569040832562819462,-30.248462206553729034137418600857475,-58.839420730116615902230955319282593,18.331794943089916530794679961064632,False
"m003(-2,5)",ABAb,ABaB,,,-7.4184644532835073890028961659873338,0.87577672471904516479677937439352631,6.7462669505579836504557765510330776,23.951437055335145191554453263342494,21.614783125747269936743600064599250,False
"m003(-2,5)",ABAb,ABab,,,14.692673574404068720888000004504720,7.2464464112929197769058063987751943,19.588307574399001912846114992465249,-8.2522859141656627206686432096541990,7.9683782173579329392575072113239775,False
"m003(-2,5)",ABAb,Abbb,,,17.379862445505382605185112693846073,16.116573022633044061933309138236019,-30.248462206553729034137418600857475,-58.839420730116615902230955319282593,14.887741764326768929825338897830293,False
"m003(-2,5)",ABBB,ABaB,,,0.39603496879385575572709990078882109,0.94226390627325199533601331236817344,0.58956574650825646905808707926453189,3.0300510372727334771851505466898159,3.4169846926545484378668859713247241,False
"m003(-2,5)",ABBB,ABab,,,2.9877757025561597808667283214729563,-1.5112073414514339995983658937510320,-15.423691146961846239595675417035447,-6.5001074978599118196302946522907954,10.993984188511231816850106812509722,False
"m003(-2,5)",ABBB,Abbb,,,15.910045962840362192369934568910367,-23.451575672828669216584000049581492,-417.02043324689582124933002135787168,-632.57443224233225869367426642558885,33.109911737855596041527491308074231,False
"m003(-2,5)",ABaB,ABab,,,3.0802270908560163438001969220086376,-2.3462200635321497956474643004222095,-5.0560380984124185439634184850327154,6.2438267464053366033404248261197498,14.401223186625390663529152110420298,False
"m003(-2,5)",ABaB,Abbb,,,21.819750948918245653519904197647746,1.3755524696487545904696151224812125,280.15025535334562114251236089636737,186.47379178301595780561258615751381,36.306459988640521531287685128619920,False
"m003(-2,5)",ABab,Abbb,,,-17.775731550123221535666200684537191,-6.2213722049068145756078730193756391,38.528560548357185786587219095760898,-108.74692235072731844217627608949572,22.804255541467103497888336018691779,False
"m003(-2,7)",A,B,,,-0.43274323180891674876952017692840750,0.87102302324761832668246976793927576,0.40377797178609505322234091656455325,-3.5147784717586037409737797046417493,4.4515448538752610117780986525571688,False
"m003(-2,7)",A,AB,,,-2.6385822293765583233206728456798200,0.84247216469837253733055459459232906,0.40377797178609505322234091656455325,-3.5147784717586037409737797046417493,1.5977432655560482405049793820124674,False
"m003(-2,7)",A,Ab,,,-0.97519237413709025259856733121950001,2.7609198356383085813492855347192070,0.40377797178609505322234091656455325,-3.5147784717586037409737797046417493,4.4114191417063127078067608602070573,False
"m003(-2,7)",A,AAB,,,-1.5500736107535855586094586258423397,-2.9152074056559940987279735504670435,0.40377797178609505322234091656455325,-3.5147784717586037409737797046417493,8.6862847234161263496300135323847667,False
"m003(-2,7)",A,AAb,,,-4.9464496016491730863719122523369940,0.11272076950258399165593203606218892,0.40377797178609505322234091656455325,-3.5147784717586037409737797046417493,8.6705168221076995041117499276989928,False
"m003(-2,7)",A,ABB,,,-0.97519237413709025259856733121950001,2.7609198356383085813492855347192070,-10.856867178110574033112304601528968,-2.5353225744202283378699192522242501,1.5977432655560482405049793820124674,False
"m003(-2,7)",A,Abb,,,3.3666474453808669631334562941715268,4.5030944451484277502988835270025653,-10.856867178110574033112304601528968,-2.5353225744202283378699192522242501,14.437571942414314986051650604069521,False
"m003(-2,7)",A,AAAB,,,4.6137746035136485759192401768993200,-3.6033920003366811186798401293115361,0.40377797178609505322234091656455325,-3.5147784717586037409737797046417493,9.8458043674831394185646927205998593,False
"m003(-2,7)",A,AAAb,,,-1.3914550712437767105348889629520268,-7.2640142807867363316481690617217723,0.40377797178609505322234091656455325,-3.5147784717586037409737797046417493,25.169483830163987992505161382928854,False
"m003(-2,7)",A,AABB,,,-2.5556168096502243344958940415134168,-0.50593484586867850550819159259311154,-10.856867178110574033112304601528968,-2.5353225744202283378699192522242501,8.6705168221076995041117499276989928,False
"m003(-2,7)",A,AAbb,,,-5.5699129483358932909908372899339831,7.3169266869541440081325430956144547,-10.856867178110574033112304601528968,-2.5353225744202283378699192522242501,30.625742825907631252913648605304626,False
"m003(-2,7)",A,ABAb,,,-4.9464496016491730863719122523369940,0.11272076950258399165593203606218892,-18.171053103932569001393125982611312,-3.7380826900199862119094834201713775,19.911152489568163856845105354051671,False
"m003(-2,7)",A,ABBB,,,3.3666474453808669631334562941715268,4.5030944451484277502988835270025653,-6.2770960629486038075874416300399723,32.044896478322012758632240821144868,0.00000000000000000000000000000000000,True
"m003(-2,7)",A,ABaB,,,-2.9389054767142004747204526806906694,3.9487221264429797062285934618337491,-0.54472440005380425940221068769660970,-14.829781813190395324503056021799527,2.9632295549915709794327375467588714,False
"m003(-2,7)",A,ABab,,,2.9636327590866707789929334495662468,-2.1569051519109597637014358185899567,-18.171053103932569001393125982611312,-3.7380826900199862119094834201713775,12.124294063325189861712372381706652,False
"m003(-2,7)",A,Abbb,,,10.285452775759578833736078186874021,1.7814639382999331782454250823017078,-6.2770960629486038075874416300399723,32.044896478322012758632240821144868,40.341921974245104048398915558150224,False
"m003(-2,7)",B,AB,,,-0.43274323180891674876952017692840750,0.87102302324761832668246976793927576,0.40377797178609505322234091656455325,-3.5147784717586037409737797046417493,3.2424528882723530628788828528473000,False
"m003(-2,7)",B,Ab,,,0.45747051418138705304200094580398497,0.92079395128440161584468787530451669,0.40377797178609505322234091656455325,-3.5147784717586037409737797046417493,4.1568775337367264466233405150728232,False
"m003(-2,7)",B,AAB,,,-0.97519237413709025259856733121950001,2.7609198356383085813492855347192070,5.9804220488945155390526964710708468,0.89970244481174663161904339769102923,4.5970831187163766835240250450592362,False
"m003(-2,7)",B,AAb,,,-2.6385822293765583233206728456798200,0.84247216469837253733055459459232906,5.9804220488945155390526964710708468,0.89970244481174663161904339769102923,9.0362276929327168696242598614211868,False
"m003(-2,7)",B,ABB,,,0.45747051418138705304200094580398497,0.92079395128440161584468787530451669,0.40377797178609505322234091656455325,-3.5147784717586037409737797046417493,3.2424528882723530628788828528473000,False
"m003(-2,7)",B,Abb,,,1.9580895601900320031064980338951697,0.25236740787635582951834613928397530,0.40377797178609505322234091656455325,-3.5147784717586037409737797046417493,10.252811244456356451244037818903149,False
"m003(-2,7)",B,AAAB,,,-2.5556168096502243344958940415134168,-0.50593484586867850550819159259311154,-10.856867178110574033112304601528968,-2.5353225744202283378699192522242501,14.294887678682362840227842773061844,False
"m003(-2,7)",B,AAAb,,,-2.4402873567438893604209797485747322,-2.9649783336927773878901916578322844,-10.856867178110574033112304601528968,-2.5353225744202283378699192522242501,22.539631050849816942194646640454520,False
"m003(-2,7)",B,AABB,,,3.3666474453808669631334562941715268,4.5030944451484277502988835270025653,5.9804220488945155390526964710708468,0.89970244481174663161904339769102923,9.0362276929327168696242598614211868,False
"m003(-2,7)",B,AAbb,,,-0.97519237413709025259856733121950001,2.7609198356383085813492855347192070,5.9804220488945155390526964710708468,0.89970244481174663161904339769102923,34.836904673883214933017735645735653,False
"m003(-2,7)",B,ABAb,,,-2.6385822293765583233206728456798200,0.84247216469837253733055459459232906,0.26245815128642551754953417342394897,3.2117208009705924985532589343856511,20.855817736123554329957305388856137,False
"m003(-2,7)",B,ABBB,,,1.9580895601900320031064980338951697,0.25236740787635582951834613928397530,0.40377797178609505322234091656455325,-3.5147784717586037409737797046417493,4.4515448538752610117780986525571688,False
"m003(-2,7)",B,ABaB,,,1.5714144023509951993762264146549468,0.75385863612029515962449416992254226,-1.3337638769274794292281249100114978,-0.30305767078801124242052077025609817,5.1307043442709687482749147707837940,False
"m003(-2,7)",B,ABab,,,1.6385822293765583233206728456798200,-0.84247216469837253733055459459232906,-1.3337638769274794292281249100114978,-0.30305767078801124242052077025609817,14.166035208964368848229495651905831,False
"m003(-2,7)",B,Abbb,,,2.9636327590866707789929334495662468,-2.1569051519109597637014358185899567,0.40377797178609505322234091656455325,-3.5147784717586037409737797046417493,41.716462099467887246198570300751924,False
"m003(-2,7)",AB,Ab,,,-1.0423602011626533765430137622443732,4.3572506364569762783043342992340783,-10.856867178110574033112304601528968,-2.5353225744202283378699192522242501,4.6783271997983919869383594972897497,False
"m003(-2,7)",AB,AAB,,,-0.049454564744940608544961537751154944,-3.5836339490640398850543152864875849,0.40377797178609505322234091656455325,-3.5147784717586037409737797046417493,7.7585281269350558915935383804324915,False
"m003(-2,7)",AB,AAb,,,-4.9464496016491730863719122523369940,0.11272076950258399165593203606218892,5.1732394975542857621009516099502881,-17.141800169349241191437271558494149,7.6589394878276841922272802720046938,False
"m003(-2,7)",AB,ABB,,,-2.2099966317275535226968992603347667,0.088613528578077377706060424669786795,0.40377797178609505322234091656455325,-3.5147784717586037409737797046417493,0.00000000000000000000000000000000000,True
"m003(-2,7)",AB,Abb,,,4.6014517029713302332317882232867935,7.1754007522086589539421086370519855,-6.2770960629486038075874416300399723,32.044896478322012758632240821144868,12.917007760426040830109498347973566,False
"m003(-2,7)",AB,AAAB,,,5.8485788611041118460175721060145867,-0.93108569327644991503661501926211585,5.9804220488945155390526964710708468,0.89970244481174663161904339769102923,11.242326916065876211697389585060183,False
"m003(-2,7)",AB,AAAb,,,-1.3242872442182135865904425319271536,-8.8603450816054040286032178262366437,-13.557319163950757354869390677062647,33.924054820472134793355144671253396,25.028679652028305361801530762407552,False
"m003(-2,7)",AB,AABB,,,-1.5500736107535855586094586258423397,-2.9152074056559940987279735504670435,-12.453089206324478979889963684964415,-6.0501010461788320788436989568659994,7.6589394878276841922272802720046938,False
"m003(-2,7)",AB,AAbb,,,-6.4601266943261970928023584126663756,7.2671557589173607189703249882492137,-50.194522728974886467449286596574153,-18.880147922086399851078624951507405,32.182579870470824613703843502151790,False
"m003(-2,7)",AB,ABAb,,,-5.3022808604442773983405114962108013,-3.0458578638278971026487706830206636,-10.856867178110574033112304601528968,-2.5353225744202283378699192522242501,19.225887120165855967267313232260247,False
"m003(-2,7)",AB,ABBB,,,-0.97519237413709025259856733121950001,2.7609198356383085813492855347192070,-10.856867178110574033112304601528968,-2.5353225744202283378699192522242501,1.5977432655560482405049793820124674,False
"m003(-2,7)",AB,ABaB,,,-3.2947367355093047866890519245644766,0.79014349311249861192389074275089657,5.9804220488945155390526964710708468,0.89970244481174663161904339769102923,3.9833191798950429851766265157437529,False
"m003(-2,7)",AB,ABab,,,3.3194640178817750909615326934400541,1.0016734814195213306032669004928959,-12.453089206324478979889963684964415,-6.0501010461788320788436989568659994,11.804720494820486841219428038236834,False
"m003(-2,7)",AB,Abbb,,,14.627292595277536049468101812265048,3.5236385478100523471950230745850661,100.34314854201918132297882156931037,17.563206529931684492104259361474002,39.862587813420060073947808278257539,False
"m003(-2,7)",Ab,AAB,,,-4.9464496016491730863719122523369940,0.11272076950258399165593203606218892,5.9804220488945155390526964710708468,0.89970244481174663161904339769102923,5.9741356972540733543591595464244721,False
"m003(-2,7)",Ab,AAb,,,-3.0637507034306095650399047861717213,4.2392275837587826285864194017199813,0.40377797178609505322234091656455325,-3.5147784717586037409737797046417493,12.233349810753894084150738723355904,False
"m003(-2,7)",Ab,ABB,,,2.9380618477318621625096827088264736,5.2569530812687229099233776969251076,-6.2770960629486038075874416300399723,32.044896478322012758632240821144868,4.6783271997983919869383594972897497,False
"m003(-2,7)",Ab,Abb,,,4.7088086986511583479057226323677275,-2.6330169782704171943473980200310707,0.40377797178609505322234091656455325,-3.5147784717586037409737797046417493,13.777581473291424338713826879793668,False
"m003(-2,7)",Ab,AAAB,,,-1.3242872442182135865904425319271536,-8.8603450816054040286032178262366437,-30.079417910203243721880878979879117,5.0415980769915770337498736447621502,12.733070106465733606990546985014861,False
"m003(-2,7)",Ab,AAAb,,,-7.0754561440320253110391789265392543,-1.8700774668780105559514855069714946,5.9804220488945155390526964710708468,0.89970244481174663161904339769102923,20.790910792738844663497950798114025,False
"m003(-2,7)",Ab,AABB,,,-3.0637507034306095650399047861717213,4.2392275837587826285864194017199813,0.40377797178609505322234091656455325,-3.5147784717586037409737797046417493,12.233349810753894084150738723355904,False
"m003(-2,7)",Ab,AAbb,,,3.4976733829061590696058484427321844,9.4147269027428298939360101909052348,-11.645906654984249202938218823843856,11.991401567982155744212615999319179,31.969229019937373836648745019751019,False
"m003(-2,7)",Ab,ABAb,,,-2.7079194446355052530713055422979140,7.3978062170892637228911221208028338,-10.856867178110574033112304601528968,-2.5353225744202283378699192522242501,23.895891074407402185419300448795800,False
"m003(-2,7)",Ab,ABBB,,,10.285452775759578833736078186874021,1.7814639382999331782454250823017078,100.34314854201918132297882156931037,17.563206529931684492104259361474002,4.4114191417063127078067608602070573,False
"m003(-2,7)",Ab,ABaB,,,1.8057869252047510845310865331106725,8.1561084708342980579176598526799207,-49.528659998134326226170348478594199,5.8878539648037842115047286437051740,2.3241289624546321293716079486356446,False
"m003(-2,7)",Ab,ABab,,,-0.28044059682363583019410867614391029,-7.0327180397103239017168439454566696,-11.645906654984249202938218823843856,11.991401567982155744212615999319179,16.413376485609240204796542948544474,False
"m003(-2,7)",Ab,Abbb,,,3.7271013246055373323355969311413617,-9.2697710611336611721591575546183213,-10.856867178110574033112304601528968,-2.5353225744202283378699192522242501,44.534835064382212025039596690548193,False
"m003(-2,7)",AAB,AAb,,,0.27193478399569136018721655150829314,-5.3455666098468002876294381215948944,12.346105602876611194708966247892028,-9.2125407810202870778706687515196212,12.958101186704618309731129497411371,False
"m003(-2,7)",AAB,ABB,,,-1.5500736107535855586094586258423397,-2.9152074056559940987279735504670435,5.9804220488945155390526964710708468,0.89970244481174663161904339769102923,7.7585281269350558915935383804324915,False
"m003(-2,7)",AAB,Abb,,,-6.4601266943261970928023584126663756,7.2671557589173607189703249882492137,18.030106675664859795213256211479256,-14.606477594929012853567352306269899,8.6043210424753454325923061192752412,False
"m003(-2,7)",AAB,AAAB,,,6.0885072629663122004843314701265037,5.4653266339330483762816689255879228,0.40377797178609505322234091656455325,-3.5147784717586037409737797046417493,18.283263132127747023649387947198252,False
"m003(-2,7)",AAB,AAAb,,,9.9930171476422849587907958412794625,-2.3077639708529908481968476552544025,4.0690095399280073871215246178520562,22.832355697301725680761572069625247,18.504526793495411306551165304886492,False
"m003(-2,7)",AAB,AABB,,,-1.3914550712437767105348889629520268,-7.2640142807867363316481690617217723,5.9804220488945155390526964710708468,0.89970244481174663161904339769102923,12.958101186704618309731129497411371,False
"m003(-2,7)",AAB,AAbb,,,-8.6716781722459302578168380099747011,-5.3848559386366142969252652116132439,-19.711326846985547692346066700130483,-27.436524470836580625802278300911304,37.942414495737038422042579591964384,False
"m003(-2,7)",AAB,ABAb,,,3.0175525752997436291415810934638732,-7.1181704720952848596536198339532854,35.656435379543624537204171506393959,-25.698176718099421966160924907898049,24.592738827029620633784167957331770,False
"m003(-2,7)",AAB,ABBB,,,-4.9464496016491730863719122523369940,0.11272076950258399165593203606218892,18.030106675664859795213256211479256,-14.606477594929012853567352306269899,8.6862847234161263496300135323847667,False
"m003(-2,7)",AAB,ABaB,,,-3.8062186599414584694745583437702135,-3.4261649431805263632677192799719625,-7.0177649497157280297324148735987253,5.0908791431207145332761627844941796,8.0857725272212290633267376121735351,False
"m003(-2,7)",AAB,ABab,,,-1.0423602011626533765430137622443732,4.3572506364569762783043342992340783,18.030106675664859795213256211479256,-14.606477594929012853567352306269899,18.512909192959660093634587937847705,False
"m003(-2,7)",AAB,Abbb,,,0.48337724422049011311090519431161808,17.237588435565652407576744879112801,-30.656781516129613573527199448440660,-51.904500297746788012814726225069772,45.492430961338558838912148538863177,False
"m003(-2,7)",AAb,ABB,,,-3.0637507034306095650399047861717213,4.2392275837587826285864194017199813,-32.568194025096121725458371301659451,-29.971847045256808963672197553135554,7.6589394878276841922272802720046938,False
"m003(-2,7)",AAb,Abb,,,3.4976733829061590696058484427321844,9.4147269027428298939360101909052348,5.1732394975542857621009516099502881,-17.141800169349241191437271558494149,13.093918937891943987364720977380073,False
"m003(-2,7)",AAb,AAAB,,,9.9930171476422849587907958412794625,-2.3077639708529908481968476552544025,-12.453089206324478979889963684964415,-6.0501010461788320788436989568659994,14.433924468721769934889354334491490,False
"m003(-2,7)",AAb,AAAb,,,4.0550564079922365287639676499725459,-14.687469207288598130023049503991922,0.40377797178609505322234091656455325,-3.5147784717586037409737797046417493,31.417818181553806115226682789033186,False
"m003(-2,7)",AAb,AABB,,,-2.6664484974885049713627088701233543,-1.7242336581865590839569362792030076,-19.711326846985547692346066700130483,-27.436524470836580625802278300911304,0.00000000000000000000000000000000000,True
"m003(-2,7)",AAb,AAbb,,,-17.354393919883073381803698743406410,5.7461325133236088249641344800332552,5.9804220488945155390526964710708468,0.89970244481174663161904339769102923,35.777722771562989292563080762508043,False
"m003(-2,7)",AAb,ABAb,,,-12.652100221140445796869534481045548,-6.2845583834483609285443086093042731,-0.54472440005380425940221068769660970,-14.829781813190395324503056021799527,11.821018763163474377812645394340583,False
"m003(-2,7)",AAb,ABBB,,,3.4976733829061590696058484427321844,9.4147269027428298939360101909052348,-71.824111100367037760665753783606995,88.174530093145050164751323533711146,8.6705168221076995041117499276989928,False
"m003(-2,7)",AAb,ABaB,,,-8.3225833021648069238249628092670475,6.2364089786070983130272381493426068,15.998244132789017380482636260329236,-54.295167286845494974817549788591803,11.559309717539833245501246009872640,False
"m003(-2,7)",AAb,ABab,,,10.285452775759578833736078186874021,1.7814639382999331782454250823017078,-5.9135349920894496547529878815004933,-34.883276723530252338922680843625216,6.0781065620554078161314807954237781,False
"m003(-2,7)",AAb,Abbb,,,16.726621506621788367304615670656271,8.2408841472041920943331686385222116,-32.568194025096121725458371301659451,-29.971847045256808963672197553135554,32.686205610771266463083939758418788,False
"m003(-2,7)",ABB,Abb,,,10.218284948734015709791631755849148,3.3777947391186008752004738468165791,100.34314854201918132297882156931037,17.563206529931684492104259361474002,12.917007760426040830109498347973566,False
"m003(-2,7)",ABB,AAAB,,,4.1851890058646437752954665915542667,-2.8495333642163859590553459593889938,-12.453089206324478979889963684964415,-6.0501010461788320788436989568659994,11.242326916065876211697389585060183,False
"m003(-2,7)",ABB,AAAb,,,-8.2430925745969254571930644246296478,-6.1387145747569094565497593815357862,95.731284047212489849290563640557901,75.955237177314026672471851956885865,25.028679652028305361801530762407552,False
"m003(-2,7)",ABB,AABB,,,-2.4402873567438893604209797485747322,-2.9649783336927773878901916578322844,-10.856867178110574033112304601528968,-2.5353225744202283378699192522242501,7.6589394878276841922272802720046938,False
"m003(-2,7)",ABB,AAbb,,,1.1068405909072103177298302319086072,10.033382518114092391100133819560535,-95.134440877034051103160959042108925,104.66016603022418505304157969008957,32.182579870470824613703843502151790,False
"m003(-2,7)",ABB,ABAb,,,-6.3078240593409161742269469118818784,-0.63658530404058150942898872514673166,-0.40340457955413472372940394455600542,-21.556281085919591564030094660826927,19.225887120165855967267313232260247,False
"m003(-2,7)",ABB,ABBB,,,-2.6385822293765583233206728456798200,0.84247216469837253733055459459232906,0.40377797178609505322234091656455325,-3.5147784717586037409737797046417493,1.5977432655560482405049793820124674,False
"m003(-2,7)",ABB,ABaB,,,-1.7941176895006598366245548364732919,0.12171694970445282559754900673035518,0.26245815128642551754953417342394897,3.2117208009705924985532589343856511,3.9833191798950429851766265157437529,False
"m003(-2,7)",ABB,ABab,,,3.3194640178817750909615326934400541,1.0016734814195213306032669004928959,-12.453089206324478979889963684964415,-6.0501010461788320788436989568659994,11.804720494820486841219428038236834,False
"m003(-2,7)",ABB,Abbb,,,16.651136329741674489392347963695203,-8.3307792875321005312442870669089426,53.135597257210478207187069873040877,-311.02770438717214315173287230474636,39.862587813420060073947808278257539,False
"m003(-2,7)",Abb,AAAB,,,-14.248322249354350743647193564480995,-9.7993368552069646695180883139460224,-0.12308837991381347011076560697213579,93.405475769630728177789663793309568,24.099544424538246203232971408241791,False
"m003(-2,7)",Abb,AAAb,,,-11.777749842774652895973343188900116,10.160613429893959197556957582366034,4.0690095399280073871215246178520562,22.832355697301725680761572069625247,23.435682170655089488324503508533062,False
"m003(-2,7)",Abb,AABB,,,1.1068405909072103177298302319086072,10.033382518114092391100133819560535,-4.1759931433758751723025220549244423,-38.094997524500844837475939778010867,13.093918937891943987364720977380073,False
"m003(-2,7)",Abb,AAbb,,,19.232783751527072093255548174418532,5.1631850440088307147870449446277382,-10.856867178110574033112304601528968,-2.5353225744202283378699192522242501,45.044421310386772057035941623280140,False
"m003(-2,7)",Abb,ABAb,,,6.7417467388164656787928905684423415,14.290539790542194031951418317771948,-0.40340457955413472372940394455600542,-21.556281085919591564030094660826927,22.338698653015754267818690144473383,False
"m003(-2,7)",Abb,ABBB,,,14.987746474502206418670242449234883,-10.249226958472036575263018007035821,53.135597257210478207187069873040877,-311.02770438717214315173287230474636,14.437571942414314986051650604069521,False
"m003(-2,7)",Abb,ABaB,,,12.769130201333746022825728804180310,7.8944070548724516396635630974620098,15.411393165418072872585769649043219,156.34410228603138091928993840333760,15.316976873452241676295065211208821,False
"m003(-2,7)",Abb,ABab,,,-9.3480269280656881907907944088100779,-9.1305182554990097875203110407474498,37.338028943096272763829918967053733,-8.7262342100120237917951686661855222,19.113293375321149480811236942162812,False
"m003(-2,7)",Abb,Abbb,,,-11.987814870306719257724146510554550,-20.110725190453231108708113624924389,0.40377797178609505322234091656455325,-3.5147784717586037409737797046417493,42.451253814527079999408109426155771,False
"m003(-2,7)",AAAB,AAAb,,,8.0207730423270535918087132106823547,17.006120855880326906877768572569095,-30.394608390955846927034391749662461,30.489029801240159823866182021338117,32.193200979074511183804451398834243,False
"m003(-2,7)",AAAB,AABB,,,7.6021843556433362069147776304558853,-1.6891083554817283510327240265991020,-30.079417910203243721880878979879117,5.0415980769915770337498736447621502,14.433924468721769934889354334491490,False
"m003(-2,7)",AAAB,AAbb,,,7.4514323988878240565264212764672003,-17.715397382447176220406955090521154,-36.760291944937942582690661526483643,40.601273027072193533355894170548767,21.472776562622955118475899777281929,False
"m003(-2,7)",AAAB,ABAb,,,13.237090503552591567977837966989620,2.5680489169463732898185604716123105,-56.439352978282885012285555417757740,80.352124675461777934619034083138535,21.626354486323376866873368768758795,False
"m003(-2,7)",AAAB,ABBB,,,-1.3914550712437767105348889629520268,-7.2640142807867363316481690617217723,-36.760291944937942582690661526483643,40.601273027072193533355894170548767,9.8458043674831394185646927205998593,False
"m003(-2,7)",AAAB,ABaB,,,4.7082958838423900070725267482883838,-5.8622560506794524743533001118078967,16.433884647450954848435597128043809,-18.121256066687616594541132010911648,10.412227970908211509393962819502946,False
"m003(-2,7)",AAAB,ABab,,,-7.8084431053495611242914439999730632,0.031841239367464276897353010873809735,-44.074477870759937550971482907565987,39.398512911472435659316330002601640,13.348646231672847379415304690903006,False
"m003(-2,7)",AAAB,Abbb,,,-30.278428925019210538860449775960251,4.8071407397220481840492639923238765,273.58254476238695753343942895706249,-0.050023199808064775871895770101556088,39.365917792950451258899853718928052,False
"m003(-2,7)",AAAb,AABB,,,3.4315930613055163241450426123755568,-7.4832632898370381135464384444396560,59.094080482188360736710667721046394,23.151034434755492028038082334125065,31.417818181553806115226682789033186,False
"m003(-2,7)",AAAb,AAbb,,,-16.727800954288421123101039150288326,-22.765861656953422943538067999086703,-13.557319163950757354869390677062647,33.924054820472134793355144671253396,45.865556917893167342466094894930861,False
"m003(-2,7)",AAAb,ABAb,,,2.7067399969688724972748820626658584,-21.922783726838494572096021481367326,-6.2770960629486038075874416300399723,32.044896478322012758632240821144868,43.096862520009967893844550718993319,False
"m003(-2,7)",AAAb,ABBB,,,-17.354393919883073381803698743406410,5.7461325133236088249641344800332552,223.02591548774249924676652284836206,-264.26336237630613455274683165228129,25.169483830163987992505161382928854,False
"m003(-2,7)",AAAb,ABaB,,,-11.355571053000660802442253980456403,-12.966519612439405502092972466519010,-58.002464339954734715411351556324203,153.51636423151797105558165848368004,22.821187184715028465296425162240820,False
"m003(-2,7)",AAAb,ABab,,,3.3453707479208781510304369419476872,17.318467965700772122335323904301180,28.763885473861620358214795206036088,81.334320749121943662092230739263919,36.685784176429025552441814107318458,False
"m003(-2,7)",AAAb,Abbb,,,-3.6633214594349552316682014531406523,28.441504477985331639952400691833332,59.094080482188360736710667721046394,23.151034434755492028038082334125065,63.993984044798813310524066642800130,False
"m003(-2,7)",AABB,AAbb,,,-6.0937487699864042954690532253128885,4.7666766159852334218602740276157560,-75.596699664188778209238871893975432,71.635813654563796891305478416527206,35.777722771562989292563080762508043,False
"m003(-2,7)",AABB,ABAb,,,0.27193478399569136018721655150829314,-5.3455666098468002876294381215948944,-13.978955184090748144160835757787120,-74.311202762348988708937575143855699,11.821018763163474377812645394340583,False
"m003(-2,7)",AABB,ABBB,,,-4.9464496016491730863719122523369940,0.11272076950258399165593203606218892,0.40377797178609505322234091656455325,-3.5147784717586037409737797046417493,8.6705168221076995041117499276989928,False
"m003(-2,7)",AABB,ABaB,,,-2.5714144023509951993762264146549468,-0.75385863612029515962449416992254226,-12.735728847323818051235577171245623,7.4028974992795604002103783211888014,11.559309717539833245501246009872640,False
"m003(-2,7)",AABB,ABab,,,-0.97519237413709025259856733121950001,2.7609198356383085813492855347192070,-5.9135349920894496547529878815004933,-34.883276723530252338922680843625216,6.0781065620554078161314807954237781,False
"m003(-2,7)",AABB,Abbb,,,13.330245515726200839542162044161616,11.268812322362770184717074225051444,-110.79623774834366030286878525427478,-23.613307576110516570947958318340001,32.686205610771266463083939758418788,False
"m003(-2,7)",AAbb,ABAb,,,-24.701784847910790053030094221453957,9.2216216562923985566420870946566550,16.925876718038581420233829219381024,25.367678271721954018631491321849497,40.409183547955980242042266631165419,False
"m003(-2,7)",AAbb,ABBB,,,16.726621506621788367304615670656271,8.2408841472041920943331686385222116,286.40297064147548146323657526375851,242.01576091731357638124375799995612,30.625742825907631252913648605304626,False
"m003(-2,7)",AAbb,ABaB,,,-1.8313996780363285463689279845592613,18.883974778859360360386869550777507,-177.26681493813119767898197140105850,-54.669231692527269978053325519804515,29.981437214093083948794887736790855,False
"m003(-2,7)",AAbb,ABab,,,15.416332072151211219294016034579936,-11.003085594592331734887512176958363,-61.302167005208957157176584733234310,31.726217740868246411355730556645050,33.317648592191159069607555128158590,False
"m003(-2,7)",AAbb,Abbb,,,32.366663974552699164356564853389272,-17.157508602971835381923086566554408,-50.194522728974886467449286596574153,-18.880147922086399851078624951507405,52.822032340240426486429622793466421,False
"m003(-2,7)",ABAb,ABBB,,,-5.5699129483358932909908372899339831,7.3169266869541440081325430956144547,-60.492257741744946714477311865710047,-51.148348618669795080646569488181901,19.911152489568163856845105354051671,False
"m003(-2,7)",ABAb,ABaB,,,-8.2893782999590852208793887123018446,1.5581597200385507073097213667720796,16.925876718038581420233829219381024,25.367678271721954018631491321849497,22.873896819400001586554388439771343,False
"m003(-2,7)",ABAb,ABab,,,17.532470874556010678072453136931492,4.5805548547183587492400380147637065,18.030106675664859795213256211479256,-14.606477594929012853567352306269899,8.4610999532323052896231670671822458,False
"m003(-2,7)",ABAb,Abbb,,,25.794207837863840727901301403322438,10.338684362992877980136635733812992,-60.492257741744946714477311865710047,-51.148348618669795080646569488181901,20.903891081896265206436838836549744,False
"m003(-2,7)",ABBB,ABaB,,,0.45747051418138705304200094580398497,0.92079395128440161584468787530451669,0.26245815128642551754953417342394897,3.2117208009705924985532589343856511,2.9632295549915709794327375467588714,False
"m003(-2,7)",ABBB,ABab,,,2.9636327590866707789929334495662468,-2.1569051519109597637014358185899567,-18.171053103932569001393125982611312,-3.7380826900199862119094834201713775,12.124294063325189861712372381706652,False
"m003(-2,7)",ABBB,Abbb,,,5.6385138335720454842667687843601523,-31.202424313623640221301686226552539,-959.52670383907204495318910092756883,-158.05818932465652940247158360706520,40.341921974245104048398915558150224,False
"m003(-2,7)",ABaB,ABab,,,3.3089562510645696818266922412309978,-2.4578621648502973389287647644631088,-5.4215429215018230829547557901632785,8.6056576148793182742499424891359288,15.023135572142786065940028715504303,False
"m003(-2,7)",ABaB,Abbb,,,25.768301107824737667832397154814805,-5.9781101212883728115954212699952926,478.18196060689995610402851363954879,-47.400276715710966550499754177250422,43.262685306622785357104947993309490,False
"m003(-2,7)",ABab,Abbb,,,-22.729277686766598407064973137518661,-0.052934437002429759518155774968481142,-27.602024220456126334926199160583684,-159.18248253123962049958037842581795,28.246000202882827557067331257027533,False
"m003(-2,9)",A,B,,,-0.45919162013756963470899646550777598,0.86337504372661819676069438900562854,0.22445476911314343512189972266614585,-3.5407970176053199327350766921220386,4.3081727413494474369101468287296155,False
"m003(-2,9)",A,AB,,,-2.5845637897589248880281090645703365,0.86708022268798695183252938207876079,0.22445476911314343512189972266614585,-3.5407970176053199327350766921220386,1.6607423675522127823551768378036797,False
"m003(-2,9)",A,Ab,,,-0.75901429123851727152697764862954930,2.7478878473749782601863632429054240,0.22445476911314343512189972266614585,-3.5407970176053199327350766921220386,4.5810492959720957372225220836997471,False
"m003(-2,9)",A,AAB,,,-1.5647331681442610992686595757374118,-2.7804961132062561070812933609538238,0.22445476911314343512189972266614585,-3.5407970176053199327350766921220386,8.4278414137423061572997346761700041,False
"m003(-2,9)",A,AAb,,,-4.8483386852041249582019333266591653,0.48333333236187744954665336074444947,0.22445476911314343512189972266614585,-3.5407970176053199327350766921220386,8.1376243430757216031984941065976356,False
"m003(-2,9)",A,ABB,,,-0.75901429123851727152697764862954930,2.7478878473749782601863632429054240,-10.852922530569599096675899011878845,-1.3493133939238845547573924832197905,1.6607423675522127823551768378036797,False
"m003(-2,9)",A,Abb,,,3.7644964345763448727061808831824809,4.1452496392514609201768205001132453,-10.852922530569599096675899011878845,-1.3493133939238845547573924832197905,14.695980129327318187307892848517039,False
"m003(-2,9)",A,AAAB,,,4.3435780809974421595550867131998857,-3.6149680700629652120188926249841847,0.22445476911314343512189972266614585,-3.5407970176053199327350766921220386,9.1351396869903384182907038102706960,False
"m003(-2,9)",A,AAAb,,,-2.0054821433378276011792032345529316,-6.8931374866264391803631837430186692,0.22445476911314343512189972266614585,-3.5407970176053199327350766921220386,24.495254307046568938200116326589974,False
"m003(-2,9)",A,AABB,,,-2.3862192881317231769713518356988694,-0.22914944540117184774482577608688295,-10.852922530569599096675899011878845,-1.3493133939238845547573924832197905,8.1376243430757216031984941065976356,False
"m003(-2,9)",A,AAbb,,,-4.7592997278385889105056757418035562,7.7897459129468098077203725730292698,-10.852922530569599096675899011878845,-1.3493133939238845547573924832197905,30.439391842711540407826112565575928,False
"m003(-2,9)",A,ABAb,,,-4.8483386852041249582019333266591653,0.48333333236187744954665336074444947,-18.594938092078880817744573807717076,-2.1197791233147136207867093212377738,19.871444205581345141160087890313563,False
"m003(-2,9)",A,ABBB,,,3.7644964345763448727061808831824809,4.1452496392514609201768205001132453,-0.38593646266484076580755701664435012,32.102757851975043003814730327443230,0.00000000000000000000000000000000000,True
"m003(-2,9)",A,ABaB,,,-2.8034168855752956367682062696213098,4.1666832053575843707186360524665438,-2.9423192459428840699037993007413020,-15.197299495057754422739206581323579,2.7916400997392629704089291054566164,False
"m003(-2,9)",A,ABab,,,2.8244138969222942242242772854139776,-2.4004544018415153598672523326926447,-18.594938092078880817744573807717076,-2.1197791233147136207867093212377738,12.153168911321660674539580036165538,False
"m003(-2,9)",A,Abbb,,,10.318363008444225260270821085915442,0.55640422369354288220867903400317592,-0.38593646266484076580755701664435012,32.102757851975043003814730327443230,40.694548983362514739861618436051037,False
"m003(-2,9)",B,AB,,,-0.45919162013756963470899646550777598,0.86337504372661819676069438900562854,0.22445476911314343512189972266614585,-3.5407970176053199327350766921220386,3.0137057695532877649363423849376288,False
"m003(-2,9)",B,Ab,,,0.48018863148456822216506748130044374,0.90285375978945081409068933076827057,0.22445476911314343512189972266614585,-3.5407970176053199327350766921220386,4.0262644291884391137374580914562554,False
"m003(-2,9)",B,AAB,,,-0.75901429123851727152697764862954930,2.7478878473749782601863632429054240,6.1080745155737870322612675963823666,0.53028156918849570815792787512906053,4.5154110803561353019412098578625208,False
"m003(-2,9)",B,AAb,,,-2.5845637897589248880281090645703365,0.86708022268798695183252938207876079,6.1080745155737870322612675963823666,0.53028156918849570815792787512906053,8.8490427031062571158250047583093965,False
"m003(-2,9)",B,ABB,,,0.48018863148456822216506748130044374,0.90285375978945081409068933076827057,0.22445476911314343512189972266614585,-3.5407970176053199327350766921220386,3.0137057695532877649363423849376288,False
"m003(-2,9)",B,Abb,,,2.0029277769348321465215850254525200,0.15089226596356889946921525217429612,0.22445476911314343512189972266614585,-3.5407970176053199327350766921220386,10.821482507664280546132484874805890,False
"m003(-2,9)",B,AAAB,,,-2.3862192881317231769713518356988694,-0.22914944540117184774482577608688295,-10.852922530569599096675899011878845,-1.3493133939238845547573924832197905,13.441520756049173471494891186380652,False
"m003(-2,9)",B,AAAb,,,-2.5041134197663989561427235225456315,-2.8199748292690887244112883027164658,-10.852922530569599096675899011878845,-1.3493133939238845547573924832197905,21.600950909241706777511553489464582,False
"m003(-2,9)",B,AABB,,,3.7644964345763448727061808831824809,4.1452496392514609201768205001132453,6.1080745155737870322612675963823666,0.53028156918849570815792787512906053,8.8490427031062571158250047583093965,False
"m003(-2,9)",B,AAbb,,,-0.75901429123851727152697764862954930,2.7478878473749782601863632429054240,6.1080745155737870322612675963823666,0.53028156918849570815792787512906053,34.290921062815229359830670454163164,False
"m003(-2,9)",B,ABAb,,,-2.5845637897589248880281090645703365,0.86708022268798695183252938207876079,0.14160418495136187607069307787798953,3.3006128574029865748636877292331158,20.996709964527439712680019191539916,False
"m003(-2,9)",B,ABBB,,,2.0029277769348321465215850254525200,0.15089226596356889946921525217429612,0.22445476911314343512189972266614585,-3.5407970176053199327350766921220386,4.3081727413494474369101468287296155,False
"m003(-2,9)",B,ABaB,,,1.5345595221253738364050779259634034,0.79290917023034167254871344921661462,-1.6339410459354946888074071994558646,-0.24018416020233335787138896288892277,5.1815245915397344109016893315868864,False
"m003(-2,9)",B,ABab,,,1.5845637897589248880281090645703364,-0.86708022268798695183252938207876079,-1.6339410459354946888074071994558646,-0.24018416020233335787138896288892277,14.292896987460596795828192859917086,False
"m003(-2,9)",B,Abbb,,,2.8244138969222942242242772854139776,-2.4004544018415153598672523326926447,0.22445476911314343512189972266614585,-3.5407970176053199327350766921220386,42.671557179429444745097854621893303,False
"m003(-2,9)",AB,Ab,,,-0.80901855887206832315000878723648230,4.4078772402933068845676060742007993,-10.852922530569599096675899011878845,-1.3493133939238845547573924832197905,4.7344238576576934282670690073808278,False
"m003(-2,9)",AB,AAB,,,-0.041994022693997174912142031585335518,-3.5324576070321380217027674395477982,0.22445476911314343512189972266614585,-3.5407970176053199327350766921220386,7.4415224758692850223192012562150577,False
"m003(-2,9)",AB,AAb,,,-4.8483386852041249582019333266591653,0.48333333236187744954665336074444947,3.0241510846795410862867752177630750,-17.967630783272245289444966435427634,7.2725866339544894470359610947584739,False
"m003(-2,9)",AB,ABB,,,-2.1191233118842987244331869905337399,0.074171052457645279283815932862146170,0.22445476911314343512189972266614585,-3.5407970176053199327350766921220386,0.00000000000000000000000000000000000,True
"m003(-2,9)",AB,Abb,,,5.1246054552221263256123902250866715,6.8189664341687939010793678101565230,-0.38593646266484076580755701664435012,32.102757851975043003814730327443230,13.059598829843420665170755550126068,False
"m003(-2,9)",AB,AAAB,,,5.7036871016432236124612960551040763,-0.94125127514563223111634531494090695,6.1080745155737870322612675963823666,0.53028156918849570815792787512906053,10.615493742523426337762165243454225,False
"m003(-2,9)",AB,AAAb,,,-1.9554778757042765495561720959459986,-8.5531268795447678047444265743140446,-7.3552392467737962653440881548069744,34.824523044844974089950342411474539,24.123662401022456629338682653326459,False
"m003(-2,9)",AB,AABB,,,-1.5647331681442610992686595757374118,-2.7804961132062561070812933609538238,-12.628467761456455661553999289212699,-4.8901104115292044874924691753418291,7.2725866339544894470359610947584739,False
"m003(-2,9)",AB,AAbb,,,-5.6986799794607267673797396886117759,7.7502671968839771903903776312666277,-52.946475743155274872809780983560216,-9.1067011332112759297823719107493619,32.098189106330896952717365972321968,False
"m003(-2,9)",AB,ABAb,,,-5.4370844392448043088070013707937366,-2.8734389909431894511323516396502538,-10.852922530569599096675899011878845,-1.3493133939238845547573924832197905,19.310474036296884257506889214076001,False
"m003(-2,9)",AB,ABBB,,,-0.75901429123851727152697764862954930,2.7478878473749782601863632429054240,-10.852922530569599096675899011878845,-1.3493133939238845547573924832197905,1.6607423675522127823551768378036797,False
"m003(-2,9)",AB,ABaB,,,-3.3921626396159749873732743137558811,0.80991088205251747003963105207184049,6.1080745155737870322612675963823666,0.53028156918849570815792787512906053,3.9396466257327932555415216547790315,False
"m003(-2,9)",AB,ABab,,,3.4131596509629735748293453295485488,0.95631792146355154081175266770205862,-12.628467761456455661553999289212699,-4.8901104115292044874924691753418291,11.978819860975443159782480334770309,False
"m003(-2,9)",AB,Abbb,,,14.841873734259087404503979617727472,1.9537660155700255421991362912109972,100.09158682697491949713097450330134,-6.9123006850776564097101714520071673,40.537900845091930160728528012787556,False
"m003(-2,9)",Ab,AAB,,,-4.8483386852041249582019333266591653,0.48333333236187744954665336074444947,6.1080745155737870322612675963823666,0.53028156918849570815792787512906053,5.4436157097467626893704226428020748,False
"m003(-2,9)",Ab,AAb,,,-2.4150744624008629084464659376900224,4.4864377513158436337624309095683545,0.22445476911314343512189972266614585,-3.5407970176053199327350766921220386,11.958763045389086433498016260657997,False
"m003(-2,9)",Ab,ABB,,,3.2990559567017187091112588091458843,4.9381588094818025927255339493298599,-0.38593646266484076580755701664435012,32.102757851975043003814730327443230,4.7344238576576934282670690073808278,False
"m003(-2,9)",Ab,Abb,,,4.4347432619835816631314532121992209,-3.5146743631002727586843255332479232,0.22445476911314343512189972266614585,-3.5407970176053199327350766921220386,14.274843921248533331813713512464240,False
"m003(-2,9)",Ab,AAAB,,,-1.9554778757042765495561720959459986,-8.5531268795447678047444265743140446,-28.281086607592452409394773796188473,8.1874099602138363144600280847439758,12.309608638922115536675906408247310,False
"m003(-2,9)",Ab,AAAb,,,-7.1992396965599265358376340953817017,-0.63057527615118816149249496686532209,6.1080745155737870322612675963823666,0.53028156918849570815792787512906053,19.996562685078263784796626240059431,False
"m003(-2,9)",Ab,AABB,,,-2.4150744624008629084464659376900224,4.4864377513158436337624309095683545,0.22445476911314343512189972266614585,-3.5407970176053199327350766921220386,11.958763045389086433498016260657997,False
"m003(-2,9)",Ab,AAbb,,,4.9116005869989485983615106156227113,8.7197767760472753240450121603686615,-9.5445443305622097155795069105934076,13.607801940931536510110425135214865,31.395554838120647465552099700384726,False
"m003(-2,9)",Ab,ABAb,,,-1.8263287083601835578413978935554511,7.8432100746209105344414359099630578,-10.852922530569599096675899011878845,-1.3493133939238845547573924832197905,24.042586691952651708176219686327685,False
"m003(-2,9)",Ab,ABBB,,,10.318363008444225260270821085915442,0.55640422369354288220867903400317592,100.09158682697491949713097450330134,-6.9123006850776564097101714520071673,4.5810492959720957372225220836997471,False
"m003(-2,9)",Ab,ABaB,,,2.5628183567063717656515389675959383,8.2232517859856512816554769382242369,-49.945402896422810485886495249729081,16.232621094257771575419286821162487,2.9095913176179086409310491940399970,False
"m003(-2,9)",Ab,ABab,,,-1.0190821999091092538389504076511942,-7.2089844762954641854255672970443122,-9.5445443305622097155795069105934076,13.607801940931536510110425135214865,16.621248149433598116127784130469865,False
"m003(-2,9)",Ab,Abbb,,,1.9906777566943293280148667078604469,-10.018956525373618472142283669104796,-10.852922530569599096675899011878845,-1.3493133939238845547573924832197905,45.191572918197811536262006705888435,False
"m003(-2,9)",AAB,AAb,,,-0.17993264481741998467807181861214441,-5.0123298619394478720093498821920060,10.683316062027041248304243368813150,-10.355755178873109715816885176054496,12.906666476520581090800095399014075,False
"m003(-2,9)",AAB,ABB,,,-1.5647331681442610992686595757374118,-2.7804961132062561070812933609538238,6.1080745155737870322612675963823666,0.53028156918849570815792787512906053,7.4415224758692850223192012562150577,False
"m003(-2,9)",AAB,Abb,,,-5.6986799794607267673797396886117759,7.7502671968839771903903776312666277,15.877073615249140182962674229641920,-16.618317389348360734687573952207844,9.8077097737287558523697108707170428,False
"m003(-2,9)",AAB,AAAB,,,5.9748772445578150102176674526814689,4.9267666280870658651467181089889019,0.22445476911314343512189972266614585,-3.5407970176053199327350766921220386,17.305769116156255854859820110586664,False
"m003(-2,9)",AAB,AAAb,,,9.2873379358868186006260553055943754,-3.0526500141980831729884852983646087,8.2973795993622004824966863521687998,21.747002673101933287997845151388734,17.345842663294525927244310991232105,False
"m003(-2,9)",AAB,AABB,,,-2.0054821433378276011792032345529316,-6.8931374866264391803631837430186692,6.1080745155737870322612675963823666,0.53028156918849570815792787512906053,12.906666476520581090800095399014075,False
"m003(-2,9)",AAB,AAbb,,,-8.9747849274467831007157343727155559,-4.1713722937565080942275716589873607,-24.440934366449679028293107464705597,-20.834908111030432176977476687615376,36.794165599167610463132147892227779,False
"m003(-2,9)",AAB,ABAb,,,2.5680328501105855946769864358660316,-7.1557650876682851447539693171062233,31.529692461385136930803448736617694,-29.695837761091401536640071212293648,24.844751026480367007727163180304178,False
"m003(-2,9)",AAB,ABBB,,,-4.8483386852041249582019333266591653,0.48333333236187744954665336074444947,15.877073615249140182962674229641920,-16.618317389348360734687573952207844,8.4278414137423061572997346761700041,False
"m003(-2,9)",AAB,ABaB,,,-3.8946685427711552893112872678675940,-3.4666259651476746534512607592598924,-6.8276985991575936234658380602846348,6.0223780502729176609992998132644243,8.0920852805308168614675273695440635,False
"m003(-2,9)",AAB,ABab,,,-0.80901855887206832315000878723648230,4.4078772402933068845676060742007993,15.877073615249140182962674229641920,-16.618317389348360734687573952207844,18.640795996903881433306875437933492,False
"m003(-2,9)",AAB,Abbb,,,2.5385201472920828648271867095180245,16.738672134395256979510210509484814,-39.483161980807691575204425232370875,-43.400942608867754311574786447094840,46.783682783406732146523989816789488,False
"m003(-2,9)",AAb,ABB,,,-2.4150744624008629084464659376900224,4.4864377513158436337624309095683545,-37.293856897019278124969006476584442,-22.184221504954316731734869170835167,7.2725866339544894470359610947584739,False
"m003(-2,9)",AAb,Abb,,,4.9116005869989485983615106156227113,8.7197767760472753240450121603686615,3.0241510846795410862867752177630750,-17.967630783272245289444966435427634,13.137590543108675722107300390747188,False
"m003(-2,9)",AAb,AAAB,,,9.2873379358868186006260553055943754,-3.0526500141980831729884852983646087,-12.628467761456455661553999289212699,-4.8901104115292044874924691753418291,12.983565046837033852599283886741467,False
"m003(-2,9)",AAb,AAAb,,,1.8716239291214710461218211674260326,-14.592401619514447221444785761449736,0.22445476911314343512189972266614585,-3.5407970176053199327350766921220386,30.251951790772908067424449942543397,False
"m003(-2,9)",AAb,AABB,,,-2.6257247031115133399814444249627386,-0.89320287719303412588328054095287618,-24.440934366449679028293107464705597,-20.834908111030432176977476687615376,0.00000000000000000000000000000000000,True
"m003(-2,9)",AAb,AAbb,,,-15.832551490953416732518846325587919,8.0651905098035929299431473778937989,6.1080745155737870322612675963823666,0.53028156918849570815792787512906053,35.602196060523136986992153091793509,False
"m003(-2,9)",AAb,ABAb,,,-13.082859443020570132977001969097922,-4.7016538629450038023854995341164212,-2.9423192459428840699037993007413020,-15.197299495057754422739206581323579,12.165853314369376787350703498651991,False
"m003(-2,9)",AAb,ABBB,,,4.9116005869989485983615106156227113,8.7197767760472753240450121603686615,-41.964207884729121428032786506495526,104.04811452761181478201954600614647,8.1376243430757216031984941065976356,False
"m003(-2,9)",AAb,ABaB,,,-7.7783213429810238226865399253991066,7.1296424331632379707032181582321079,2.1878697346810005499179628965085029,-60.694240011995494700737618585575717,10.923888983310968684893138127695365,False
"m003(-2,9)",AAb,ABab,,,10.318363008444225260270821085915442,0.55640422369354288220867903400317592,-12.100927113840253019675749194690360,-33.692255406101260916443511773551944,6.0867962184178196848808299668247765,False
"m003(-2,9)",AAb,Abbb,,,17.758564891082685379290308444997581,5.0718530520599912293221644933054751,-37.293856897019278124969006476584442,-22.184221504954316731734869170835167,33.888148520730538816550372360743418,False
"m003(-2,9)",ABB,Abb,,,10.268358740810674208647789947308509,2.2163936166118715065899218652985513,100.09158682697491949713097450330134,-6.9123006850776564097101714520071673,13.059598829843420665170755550126068,False
"m003(-2,9)",ABB,AAAB,,,3.8781376031228159959601646391632892,-2.8220588998326235394701791757675701,-12.628467761456455661553999289212699,-4.8901104115292044874924691753418291,10.615493742523426337762165243454225,False
"m003(-2,9)",ABB,AAAb,,,-8.5093444495721569371208122986789593,-4.9642814639868497667762851082039753,105.77857519455913577869820411615965,50.478256857604639814837480718946836,24.123662401022456629338682653326459,False
"m003(-2,9)",ABB,AABB,,,-2.5041134197663989561427235225456315,-2.8199748292690887244112883027164658,-10.852922530569599096675899011878845,-1.3493133939238845547573924832197905,7.2725866339544894470359610947584739,False
"m003(-2,9)",ABB,AAbb,,,2.4494811899265468171309291246624154,9.4322595538103246213364912971999939,-62.810584284087217110531991874300071,123.38819710983010660284273204238563,32.098189106330896952717365972321968,False
"m003(-2,9)",ABB,ABAb,,,-6.2585705592322663865096936307551941,-0.32209232313810519179588405478331303,-2.8594686617811025108525926559531457,-22.038709370066060930337971002678733,19.310474036296884257506889214076001,False
"m003(-2,9)",ABB,ABBB,,,-2.5845637897589248880281090645703365,0.86708022268798695183252938207876079,0.22445476911314343512189972266614585,-3.5407970176053199327350766921220386,1.6607423675522127823551768378036797,False
"m003(-2,9)",ABB,ABaB,,,-1.8694234941657110630167567696038048,0.057949388226635555418156973477866043,0.14160418495136187607069307787798953,3.3006128574029865748636877292331158,3.9396466257327932555415216547790315,False
"m003(-2,9)",ABB,ABab,,,3.4131596509629735748293453295485488,0.95631792146355154081175266770205862,-12.628467761456455661553999289212699,-4.8901104115292044874924691753418291,11.978819860975443159782480334770309,False
"m003(-2,9)",ABB,Abbb,,,14.893604554897479476313796858346225,-10.329632524368062541766134017180381,-41.798051624072574798720653396497729,-307.06326557899164684597946335575306,40.537900845091930160728528012787556,False
"m003(-2,9)",Abb,AAAB,,,-14.858404673907426697855102246431777,-8.2424508805503237351205762262384597,16.699758657011041997141462293254272,87.762189007850449270742549426533146,23.490009619599685071825406430206985,False
"m003(-2,9)",Abb,AAAb,,,-9.9489317444927731353794784518716979,12.136269096597408570836151945144898,8.2973795993622004824966863521687998,21.747002673101933287997845151388734,22.850710702527057646956527748764007,False
"m003(-2,9)",Abb,AABB,,,2.4494811899265468171309291246624154,9.4322595538103246213364912971999939,-10.242531298791614895746442272568349,-36.992868263504247491307199502785059,13.137590543108675722107300390747188,False
"m003(-2,9)",Abb,AAbb,,,20.102790156520411381349518249111115,1.7685448904290250553642228298445598,-10.852922530569599096675899011878845,-1.3493133939238845547573924832197905,45.073388573002178879566129047479787,False
"m003(-2,9)",Abb,ABAb,,,8.7550966838303520764247383086878831,13.528306850501224149603327124720329,-2.8594686617811025108525926559531457,-22.038709370066060930337971002678733,21.952103578672454927297185443514661,False
"m003(-2,9)",Abb,ABBB,,,13.068055056377071859812665442405438,-12.210440149055053850119967878007044,-41.798051624072574798720653396497729,-307.06326557899164684597946335575306,14.695980129327318187307892848517039,False
"m003(-2,9)",Abb,ABaB,,,13.994585043153509209095481531791883,6.6414146973438651559736438824593298,56.797959123920775487364587028484078,153.54524282127402079879955554699770,16.000759016179377697782111669085304,False
"m003(-2,9)",Abb,ABab,,,-10.689982514746646762706136765077462,-8.1390153393959297017502068843837039,37.458539319917716700403189038394371,-17.822118648383989488048068267271200,18.958789988579923084071298720146676,False
"m003(-2,9)",Abb,Abbb,,,-15.851246173230080870061326554901761,-18.158157257544015250029703685278665,0.22445476911314343512189972266614585,-3.5407970176053199327350766921220386,43.908240950189656102204398676714901,False
"m003(-2,9)",AAAB,AAAb,,,9.1712485119125423787449288200320051,15.472387020676254159158361476206829,-24.316236292917182394281254763068186,32.944928081732593827035022053125688,31.538278156985120761807985171195192,False
"m003(-2,9)",AAAB,AABB,,,6.8252185388144168193954738146340795,-2.3401672364350338756970061615332763,-28.281086607592452409394773796188473,8.1874099602138363144600280847439758,12.983565046837033852599283886741467,False
"m003(-2,9)",AAAB,AAbb,,,5.1552294461813349050550949183477862,-17.856231065082580778072732483148009,-28.891477839370436610324230535498969,43.830964829794199251009835104309245,22.622375308487240144574248364653031,False
"m003(-2,9)",AAAB,ABAb,,,13.130834032718222078689282998659547,1.7558800602558656525698296659870588,-42.437642185879801466980792931476467,84.966616180458984140401014062009877,20.802379849432212117134052329643448,False
"m003(-2,9)",AAAB,ABBB,,,-2.0054821433378276011792032345529316,-6.8931374866264391803631837430186692,-28.891477839370436610324230535498969,43.830964829794199251009835104309245,9.1351396869903384182907038102706960,False
"m003(-2,9)",AAAB,ABaB,,,4.6518433683940081123288920234324468,-5.9908613971002889369881767457183089,14.101528384362283618084573952308066,-20.159114406953680667422650644329882,9.4027772529351065554942214259295350,False
"m003(-2,9)",AAAB,ABab,,,-7.7813097046825303108662111749072704,0.42986917068777672282559002381066142,-36.633493400879718331392905331337201,43.060499100403370184980518266291261,12.561965395409648772879606039627169,False
"m003(-2,9)",AAAB,Abbb,,,-28.735478289156566880817776476073697,8.3758665087980369995669977259693838,253.02812745948527563852039598678529,-66.744720565560082395762925515360152,38.120876840048041343566874024357155,False
"m003(-2,9)",AAAb,AABB,,,1.9606628864870070938180787522816418,-7.2859890389295148632710665491649157,60.187338698177657171232511287406406,6.5470326795483897951047663967229347,30.251951790772908067424449942543397,False
"m003(-2,9)",AAAb,AAbb,,,-19.795899395543201434496356657422494,-19.141442623149728383890301952248120,-7.3552392467737962653440881548069744,34.824523044844974089950342411474539,44.490614421276669411392865604472247,False
"m003(-2,9)",AAAb,ABAb,,,-0.21100579610033249736465031886946190,-21.912799645710647689009573368905702,-0.38593646266484076580755701664435012,32.102757851975043003814730327443230,42.118696117614271114738393889409603,False
"m003(-2,9)",AAAb,ABBB,,,-15.832551490953416732518846325587919,8.0651905098035929299431473778937989,129.10934166253645753119683168342272,-302.53842317299170897309239923569546,24.495254307046568938200116326589974,False
"m003(-2,9)",AAAb,ABaB,,,-12.734904314375476084139863822115317,-11.822365212391636622922189576105798,-17.540677240114662452650290008042157,166.85906405101181120221759522757137,22.692608020793635983957428494012868,False
"m003(-2,9)",AAAb,ABab,,,5.4714911667704882174914645577661296,16.792136296069357706231273846418602,43.429754802829781276780035534775038,72.493185012425973090812367957545093,35.893519183491148567951179193989407,False
"m003(-2,9)",AAAb,Abbb,,,1.9576416183326013937475296965555356,28.487789781912077791795837702459046,60.187338698177657171232511287406406,6.5470326795483897951047663967229347,64.126156726578464957455464698742258,False
"m003(-2,9)",AABB,AAbb,,,-4.7551741912706742007210475910429277,5.8737068861221575519654631689915509,-49.347270521739633812926636123110730,89.093955634173628221050317506040147,35.602196060523136986992153091793509,False
"m003(-2,9)",AABB,ABAb,,,-0.17993264481741998467807181861214441,-5.0123298619394478720093498821920060,-26.997317149727722332389349748802549,-68.134965458063229603531413596382185,12.165853314369376787350703498651991,False
"m003(-2,9)",AABB,ABBB,,,-4.8483386852041249582019333266591653,0.48333333236187744954665336074444947,0.22445476911314343512189972266614585,-3.5407970176053199327350766921220386,8.1376243430757216031984941065976356,False
"m003(-2,9)",AABB,ABaB,,,-2.5345595221253738364050779259634034,-0.79290917023034167254871344921661462,-12.794168929780018779656412578789012,8.7927093384874085277050596673684796,10.923888983310968684893138127695365,False
"m003(-2,9)",AABB,ABab,,,-0.75901429123851727152697764862954930,2.7478878473749782601863632429054240,-12.100927113840253019675749194690360,-33.692255406101260916443511773551944,6.0867962184178196848808299668247765,False
"m003(-2,9)",AABB,Abbb,,,14.474959374022821520357034694075828,8.3356824976281247859501112150037483,-110.72005458843137515868497379251404,2.0221902735484519222177022766653382,33.888148520730538816550372360743418,False
"m003(-2,9)",AAbb,ABAb,,,-22.851858542695923283678408602357476,12.446945095591852640460002293220483,21.150302129931799579172585364047645,23.096316067025817842755237634608524,41.455542104854738467522094443229432,False
"m003(-2,9)",AAbb,ABBB,,,17.758564891082685379290308444997581,5.0718530520599912293221644933054751,345.74119883777291183750087804494246,126.32167187355225010018856439926426,30.439391842711540407826112565575928,False
"m003(-2,9)",AAbb,ABaB,,,0.49935964113532105794638331404895513,19.364992575148727949435423692635455,-198.29657604586303327514932744067644,0.096690166658548406262435891043994548,29.163444355570896410412171930660507,False
"m003(-2,9)",AAbb,ABab,,,13.533495534251698023407587516442034,-13.003349319285395522668681327223659,-52.275895561480297454543381951881957,47.302727845528586496707809082109030,34.140259335839276357829979549941829,False
"m003(-2,9)",AAbb,Abbb,,,28.476023065572345813092264495080761,-23.348136347675867184984933209077372,-52.946475743155274872809780983560216,-9.1067011332112759297823719107493619,52.380856502366682879124356200201071,False
"m003(-2,9)",ABAb,ABBB,,,-4.7592997278385889105056757418035562,7.7897459129468098077203725730292698,-69.379932141682458359868697497299088,-39.788441090895712621648734867308328,19.871444205581345141160087890313563,False
"m003(-2,9)",ABAb,ABaB,,,-8.5010298527477989925956524444677805,1.9774221179841491941570464048874406,21.150302129931799579172585364047645,23.096316067025817842755237634608524,22.622866481869138434125062818453724,False
"m003(-2,9)",ABAb,ABab,,,18.010374302319955929716464743146740,2.9868593460027005726192387033165346,15.877073615249140182962674229641920,-16.618317389348360734687573952207844,8.3820985156225193049292104650758819,False
"m003(-2,9)",ABAb,Abbb,,,27.429465205920222888157494802423849,6.0018839151604567456468040806448668,-69.379932141682458359868697497299088,-39.788441090895712621648734867308328,22.179498729582582364762237102122869,False
"m003(-2,9)",ABBB,ABaB,,,0.48018863148456822216506748130044374,0.90285375978945081409068933076827057,0.14160418495136187607069307787798953,3.3006128574029865748636877292331158,2.7916400997392629704089291054566164,False
"m003(-2,9)",ABBB,ABab,,,2.8244138969222942242242772854139776,-2.4004544018415153598672523326926447,-18.594938092078880817744573807717076,-2.1197791233147136207867093212377738,12.153168911321660674539580036165538,False
"m003(-2,9)",ABBB,Abbb,,,-0.19862732709408412222055204792598633,-31.235677629287056051982200945364470,-932.86338863553610746966978321874025,194.18069913652667990538140239264298,40.694548983362514739861618436051037,False
"m003(-2,9)",ABaB,ABab,,,3.3929553371740119603343848480854139,-2.5077036871726449023149742800165012,-5.0521533682707370585877377829507806,9.5631750678782375937343765053864629,14.771426396126126624622433252991005,False
"m003(-2,9)",ABaB,Abbb,,,25.371133690112708245495375574206268,-9.8339344594453494197727170980716768,455.39710255721001668596428270634521,-204.29384452047383542955990367576398,43.224384878716833915947532526375414,False
"m003(-2,9)",ABab,Abbb,,,-22.977056239058843924504980652308913,3.5812679046134367751589024687294232,-69.284822700425869272847893239818787,-155.13474037540023871142833699310641,28.571131851622350667259001307227787,False
"m003(-2,11)",A,B,,,-0.47324373928803951272397644353414999,0.86181956956087881067919186291749109,0.13776134219558371461586947082264143,-3.5305982005830018871776897479086247,4.2146928636698394695106692094657174,False
"m003(-2,11)",A,AB,,,-2.5551378631973608050042627525135006,0.87287977273602637736415799980289800,0.13776134219558371461586947082264143,-3.5305982005830018871776897479086247,1.6889727238482384455716560276821307,False
"m003(-2,11)",A,Ab,,,-0.65653467589835623264656983316495187,2.7148967692018039564496966667817431,0.13776134219558371461586947082264143,-3.5305982005830018871776897479086247,4.6219357780192755119589374801256760,False
"m003(-2,11)",A,AAB,,,-1.5558065007532805024489112513230750,-2.7124419001834705474866743048484840,0.13776134219558371461586947082264143,-3.5305982005830018871776897479086247,8.2712536575322782079940648739955940,False
"m003(-2,11)",A,AAb,,,-4.7545180414621844745302253945484920,0.64647718703457567035037014798906594,0.13776134219558371461586947082264143,-3.5305982005830018871776897479086247,7.7752892566014031268071500615288080,False
"m003(-2,11)",A,ABB,,,-0.65653467589835623264656983316495187,2.7148967692018039564496966667817431,-10.670072559563923075118930016912712,-0.79277263037416920404592312657394809,1.6889727238482384455716560276821307,False
"m003(-2,11)",A,Abb,,,3.9039144051084621694528024598367334,3.9222348264133633777298440559999063,-10.670072559563923075118930016912712,-0.79277263037416920404592312657394809,14.589479623587274029490534228549406,False
"m003(-2,11)",A,AAAB,,,4.2116725390957170376508325856784525,-3.5877765419378303338138546665846411,0.13776134219558371461586947082264143,-3.5305982005830018871776897479086247,8.7442201612219167662666487501934613,False
"m003(-2,11)",A,AAAb,,,-2.2473797292101059368062326266717815,-6.6371315956151673341795407227816494,0.13776134219558371461586947082264143,-3.5305982005830018871776897479086247,23.801511809370931330953926562179939,False
"m003(-2,11)",A,AABB,,,-2.2685296746626542441178360559051521,-0.11805318337077697681186097984825593,-10.670072559563923075118930016912712,-0.79277263037416920404592312657394809,7.7752892566014031268071500615288080,False
"m003(-2,11)",A,AAbb,,,-4.3110345755758476124478329509092314,7.8976196712804178934891407192566409,-10.670072559563923075118930016912712,-0.79277263037416920404592312657394809,29.754107559270885046024359305560466,False
"m003(-2,11)",A,ABAb,,,-4.7545180414621844745302253945484920,0.64647718703457567035037014798906594,-18.561732410760581320339927879199566,-1.3072181782067871104205078933656227,19.636018892618573030571034898692673,False
"m003(-2,11)",A,ABBB,,,3.9039144051084621694528024598367334,3.9222348264133633777298440559999063,2.3371960673431018734199452458641593,31.139630765359900353156346393060059,0.00000000000000000000000000000000000,True
"m003(-2,11)",A,ABaB,,,-2.7091621888910351618728628999432319,4.2504326491242329804483742967708826,-4.1438532525010748933481152005630280,-14.998853985205006610810016094509142,2.7202763007474231250167368669074386,False
"m003(-2,11)",A,ABab,,,2.7254678014208644593573376996912670,-2.4970995176571674071578525899200589,-18.561732410760581320339927879199566,-1.3072181782067871104205078933656227,12.033388866050161252139545441586519,False
"m003(-2,11)",A,Abbb,,,10.151299225861150557088229654570402,-0.022928801007028726682069954552933456,2.3371960673431018734199452458641593,31.139630765359900353156346393060059,39.914287484647855717081535851545231,False
"m003(-2,11)",B,AB,,,-0.47324373928803951272397644353414999,0.86181956956087881067919186291749109,0.13776134219558371461586947082264143,-3.5305982005830018871776897479086247,2.8877167222278487019976501132667618,False
"m003(-2,11)",B,Ab,,,0.48954935181786881020845124328218507,0.89151356190618676261132984393333262,0.13776134219558371461586947082264143,-3.5305982005830018871776897479086247,3.9165606933834630971393883953626232,False
"m003(-2,11)",B,AAB,,,-0.65653467589835623264656983316495187,2.7148967692018039564496966667817431,6.1155869442041792071036350455151859,0.33445828447553304391598938941526519,4.4656514572452298149912314618196700,False
"m003(-2,11)",B,AAb,,,-2.5551378631973608050042627525135006,0.87287977273602637736415799980289800,6.1155869442041792071036350455151859,0.33445828447553304391598938941526519,8.6380788852207670752096139214180860,False
"m003(-2,11)",B,ABB,,,0.48954935181786881020845124328218507,0.89151356190618676261132984393333262,0.13776134219558371461586947082264143,-3.5305982005830018871776897479086247,2.8877167222278487019976501132667618,False
"m003(-2,11)",B,Abb,,,2.0127446275114907176884128951091899,0.097289199155526163516960735080169220,0.13776134219558371461586947082264143,-3.5305982005830018871776897479086247,10.906500734665772560914055315937453,False
"m003(-2,11)",B,AAAB,,,-2.2685296746626542441178360559051521,-0.11805318337077697681186097984825593,-10.670072559563923075118930016912712,-0.79277263037416920404592312657394809,12.957832731201063452608249299311597,False
"m003(-2,11)",B,AAAb,,,-2.5185995918591888253813389381394101,-2.7421358925287784994188122858643255,-10.670072559563923075118930016912712,-0.79277263037416920404592312657394809,20.815926954846734369692103786890475,False
"m003(-2,11)",B,AABB,,,3.9039144051084621694528024598367334,3.9222348264133633777298440559999063,6.1155869442041792071036350455151859,0.33445828447553304391598938941526519,8.6380788852207670752096139214180860,False
"m003(-2,11)",B,AAbb,,,-0.65653467589835623264656983316495187,2.7148967692018039564496966667817431,6.1155869442041792071036350455151859,0.33445828447553304391598938941526519,33.387586487418508154784943415131689,False
"m003(-2,11)",B,ABAb,,,-2.5551378631973608050042627525135006,0.87287977273602637736415799980289800,0.086165750811937247266767712405690922,3.3506109372259170247190943705322152,20.844136017807124876799772467294159,False
"m003(-2,11)",B,ABBB,,,2.0127446275114907176884128951091899,0.097289199155526163516960735080169220,0.13776134219558371461586947082264143,-3.5305982005830018871776897479086247,4.2146928636698394695106692094657174,False
"m003(-2,11)",B,ABaB,,,1.5187733337027725180307003623423104,0.81570143138119793072799308112688155,-1.7760729069924790381173628167716676,-0.17998726335708486245859537737640946,5.1926502715859409446760185959785131,False
"m003(-2,11)",B,ABab,,,1.5551378631973608050042627525135006,-0.87287977273602637736415799980289800,-1.7760729069924790381173628167716676,-0.17998726335708486245859537737640946,14.209877835268748481529060217897308,False
"m003(-2,11)",B,Abbb,,,2.7254678014208644593573376996912670,-2.4970995176571674071578525899200589,0.13776134219558371461586947082264143,-3.5305982005830018871776897479086247,42.153089641680036728558981526067302,False
"m003(-2,11)",AB,Ab,,,-0.69289920539294451962013222333614205,4.4034779733190282645418477477115227,-10.670072559563923075118930016912712,-0.79277263037416920404592312657394809,4.7175587971796723799736563841868252,False
"m003(-2,11)",AB,AAB,,,-0.032611225059658594968949599496070163,-3.5066662629341311465810434137016474,0.13776134219558371461586947082264143,-3.5305982005830018871776897479086247,7.2659657997718755898888634878565697,False
"m003(-2,11)",AB,AAb,,,-4.7545180414621844745302253945484920,0.64647718703457567035037014798906594,1.8855679408911670664887521325464670,-18.015006637955390591613121075626092,6.9846376579494961034862834397780857,False
"m003(-2,11)",AB,ABB,,,-2.0739111969001333230349631148558111,0.057178341354828446636164918676016453,0.13776134219558371461586947082264143,-3.5305982005830018871776897479086247,0.00000000000000000000000000000000000,True
"m003(-2,11)",AB,Abb,,,5.3212909261102392598411957415275926,6.5799532542603388875433758041056330,2.3371960673431018734199452458641593,31.139630765359900353156346393060059,12.909772598289464019291960280743108,False
"m003(-2,11)",AB,AAAB,,,5.6290490600974941280392258673693117,-0.93005811409085482400032291847891445,6.1155869442041792071036350455151859,0.33445828447553304391598938941526519,10.256135646560944573718555832211241,False
"m003(-2,11)",AB,AAAb,,,-2.2110151997155176498326702365005913,-8.3257127997323916422716918037114290,-4.3550508902122257092112191963560086,34.211914620044266080204102403810001,23.323850492427694245563366797242068,False
"m003(-2,11)",AB,AABB,,,-1.5558065007532805024489112513230750,-2.7124419001834705474866743048484840,-12.532311217368339360503060546090071,-4.3233708309571710912236128744825728,6.9846376579494961034862834397780857,False
"m003(-2,11)",AB,AAbb,,,-5.2738276666817559353802606377255665,7.8679256789351099415570027382407994,-52.456295847677957394098655113290287,-4.0935932805827131980359523549721349,31.442080557356419181987188360522228,False
"m003(-2,11)",AB,ABAb,,,-5.4798379081382382664890763917243821,-2.7783616760623633927822883322372267,-10.670072559563923075118930016912712,-0.79277263037416920404592312657394809,19.136468066659922148414761438420952,False
"m003(-2,11)",AB,ABBB,,,-0.65653467589835623264656983316495187,2.7148967692018039564496966667817431,-10.670072559563923075118930016912712,-0.79277263037416920404592312657394809,1.6889727238482384455716560276821307,False
"m003(-2,11)",AB,ABaB,,,-3.4344820555670889538317138971191220,0.82559378602729391731571581654458993,6.1155869442041792071036350455151859,0.33445828447553304391598938941526519,3.9386077087701019624046359713578127,False
"m003(-2,11)",AB,ABab,,,3.4507876680969182513161886968671571,0.92773934543977165597480589030623378,-12.532311217368339360503060546090071,-4.3233708309571710912236128744825728,11.928406153219679211077734219565178,False
"m003(-2,11)",AB,Abbb,,,14.711748306867968959187601947572087,1.1844092562045306945980774346652297,95.370663046411983603388414247801522,-17.879259657839031297774746228071073,39.924645852954722166370049665476183,False
"m003(-2,11)",Ab,AAB,,,-4.7545180414621844745302253945484920,0.64647718703457567035037014798906594,6.1155869442041792071036350455151859,0.33445828447553304391598938941526519,5.1498384788565164055607719971036410,False
"m003(-2,11)",Ab,AAb,,,-2.0751161259728519632989464945001495,4.5090065917170637237199582854032494,0.13776134219558371461586947082264143,-3.5305982005830018871776897479086247,11.672307899165689622935731553372919,False
"m003(-2,11)",Ab,ABB,,,3.4226877388112346874835028221790438,4.7379362577945613084578371371267879,2.3371960673431018734199452458641593,31.139630765359900353156346393060059,4.7175587971796723799736563841868252,False
"m003(-2,11)",Ab,Abb,,,4.1734736238525550646004640798778575,-3.8879852860655636577757490918768233,0.13776134219558371461586947082264143,-3.5305982005830018871776897479086247,14.290048254133040275260345444243794,False
"m003(-2,11)",Ab,AAAB,,,-2.2110151997155176498326702365005913,-8.3257127997323916422716918037114290,-26.950190375627845787494873224726609,9.3682649760410484091658953266609462,12.057795295002986027400431399754829,False
"m003(-2,11)",Ab,AAAb,,,-7.0773880289610172340532665397145909,-0.034249540347799719954094964123082997,6.1155869442041792071036350455151859,0.33445828447553304391598938941526519,19.288077614922380405606183999335948,False
"m003(-2,11)",Ab,AABB,,,-2.0751161259728519632989464945001495,4.5090065917170637237199582854032494,0.13776134219558371461586947082264143,-3.5305982005830018871776897479086247,11.672307899165689622935731553372919,False
"m003(-2,11)",Ab,AAbb,,,5.4632470324736135460935857580336787,8.1769765815911599850249957510107514,-8.3022922140553272198881776331213520,14.026094091473752544305497590558784,30.520793270630788434644134465164567,False
"m003(-2,11)",Ab,ABAb,,,-1.3497962592967981713400954973242594,7.9338454548140027868526167656295421,-10.670072559563923075118930016912712,-0.79277263037416920404592312657394809,23.853184716329240098386284786614089,False
"m003(-2,11)",Ab,ABBB,,,10.151299225861150557088229654570402,-0.022928801007028726682069954552933456,95.370663046411983603388414247801522,-17.879259657839031297774746228071073,4.6219357780192755119589374801256760,False
"m003(-2,11)",Ab,ABaB,,,2.9314780428773467904661534536900826,8.1491878373403059271814384805579672,-48.277872435748591720832873958738519,21.137080779657129349389942228510062,3.1801850264604247457462844794946294,False
"m003(-2,11)",Ab,ABab,,,-1.3919771546538955855017170021150427,-7.1900790686239009529852858825603069,-8.3022922140553272198881776331213520,14.026094091473752544305497590558784,16.544178016535559112246499581903316,False
"m003(-2,11)",Ab,Abbb,,,1.0549073933026388322527504383876835,-10.080930464053360439893583580005944,-10.670072559563923075118930016912712,-0.79277263037416920404592312657394809,44.495173526586384509013676439550618,False
"m003(-2,11)",AAB,AAb,,,-0.34877654191110136444853970732323277,-4.7951145991493897550940020558028043,9.7256322007041788443606482364163700,-10.619351952313853773341752190393577,12.737975368911391579219328891379402,False
"m003(-2,11)",AAB,ABB,,,-1.5558065007532805024489112513230750,-2.7124419001834705474866743048484840,6.1155869442041792071036350455151859,0.33445828447553304391598938941526519,7.2659657997718755898888634878565697,False
"m003(-2,11)",AAB,Abb,,,-5.2738276666817559353802606377255665,7.8679256789351099415570027382407994,14.555640500455090141607682149459179,-17.222234007581221387567197949052144,10.230407457829679564889635982046345,False
"m003(-2,11)",AAB,AAAB,,,5.8533864154572547617396350020854521,4.6811174141768392611060177266277329,0.13776134219558371461586947082264143,-3.5305982005830018871776897479086247,16.762939949241029719831090975732086,False
"m003(-2,11)",AAB,AAAb,,,8.8586844074763564530020595839058665,-3.3048614481290476572628459914613225,10.062828268047280717780593482280529,20.520278813046046579814594202666482,16.507100404533080174899573673603449,False
"m003(-2,11)",AAB,AABB,,,-2.2473797292101059368062326266717815,-6.6371315956151673341795407227816494,6.1155869442041792071036350455151859,0.33445828447553304391598938941526519,12.737975368911391579219328891379402,False
"m003(-2,11)",AAB,AAbb,,,-8.9396266867654335194373970688919495,-3.5648477409308016071317847120317077,-25.368344129854527891987912417741037,-16.992456457206763494379537429541706,35.579110847301912482513769373428050,False
"m003(-2,11)",AAB,ABAb,,,2.3494338812913007522667020565010939,-7.1183747425208322209915444144932658,28.973519658714596568599494828095717,-30.913869814579440887956706150195663,24.731865925462306692731758225255692,False
"m003(-2,11)",AAB,ABBB,,,-4.7545180414621844745302253945484920,0.64647718703457567035037014798906594,14.555640500455090141607682149459179,-17.222234007581221387567197949052144,8.2712536575322782079940648739955940,False
"m003(-2,11)",AAB,ABaB,,,-3.9361498547045496084190936440331696,-3.4734198592281734405415248292326082,-6.6060812067433903353643967298144770,6.4228947919102827517668503812821570,8.0722380459939242634476525193316857,False
"m003(-2,11)",AAB,ABab,,,-0.69289920539294451962013222333614205,4.4034779733190282645418477477115227,14.555640500455090141607682149459179,-17.222234007581221387567197949052144,18.543925768938003719127311393136904,False
"m003(-2,11)",AAB,Abbb,,,3.4207421315604201777635888630295994,16.192649436242354855325997450115648,-41.985658013261552477783800871419093,-37.971049616151446234324065369366871,46.371734494547116648592028654595245,False
"m003(-2,11)",AAb,ABB,,,-2.0751161259728519632989464945001495,4.5090065917170637237199582854032494,-38.038416689418450967106842434653750,-17.785229087580932698425460556115654,6.9846376579494961034862834397780857,False
"m003(-2,11)",AAb,Abb,,,5.4632470324736135460935857580336787,8.1769765815911599850249957510107514,1.8855679408911670664887521325464670,-18.015006637955390591613121075626092,12.925557102799075673798494087750146,False
"m003(-2,11)",AAb,AAAB,,,8.8586844074763564530020595839058665,-3.3048614481290476572628459914613225,-12.532311217368339360503060546090071,-4.3233708309571710912236128744825728,12.170839061473774021467500462416036,False
"m003(-2,11)",AAb,AAAb,,,0.87683778314355408152713488773277771,-14.223973922248986141706654028336399,0.13776134219558371461586947082264143,-3.5305982005830018871776897479086247,29.241400153461447865044728989688227,False
"m003(-2,11)",AAb,AABB,,,-2.4805744184596105449803318565417155,-0.51549268725346460676609865583469935,-25.368344129854527891987912417741037,-16.992456457206763494379537429541706,0.00000000000000000000000000000000000,True
"m003(-2,11)",AAb,AAbb,,,-14.766655700170607791440352385959771,8.8965212078488297452955061453407147,6.1155869442041792071036350455151859,0.33445828447553304391598938941526519,34.857936582278362056135277297387612,False
"m003(-2,11)",AAb,ABAb,,,-13.055213630969612726541032114407135,-3.8993060254063346510477741014469729,-4.1438532525010748933481152005630280,-14.998853985205006610810016094509142,12.236864489495314434496670926071815,False
"m003(-2,11)",AAb,ABBB,,,5.4632470324736135460935857580336787,8.1769765815911599850249957510107514,-25.449896638488976442058847083712386,105.00975561547087057319478545970601,7.7752892566014031268071500615288080,False
"m003(-2,11)",AAb,ABaB,,,-7.3851461629482721022512966655563100,7.4757618280033939915896037584614644,-5.5422623428034150584229976375331197,-61.000351000803274654692616432661131,10.495004747735422370420771898930579,False
"m003(-2,11)",AAb,ABab,,,10.151299225861150557088229654570402,-0.022928801007028726682069954552933456,-14.783341533899503986656238079548539,-32.112390659091154419660864897010417,6.0861045406557224689783684299984567,False
"m003(-2,11)",AAb,Abbb,,,17.708735902380291345609158949827297,3.4385614686871343256394406860730468,-38.038416689418450967106842434653750,-17.785229087580932698425460556115654,33.635305747735788769481842391532863,False
"m003(-2,11)",ABB,Abb,,,10.114934696366562270114667264399212,1.6656524031101955814100811263768461,95.370663046411983603388414247801522,-17.879259657839031297774746228071073,12.909772598289464019291960280743108,False
"m003(-2,11)",ABB,AAAB,,,3.7304458727984895556815329480207629,-2.7720751105566324030858615854577596,-12.532311217368339360503060546090071,-4.3233708309571710912236128744825728,10.256135646560944573718555832211241,False
"m003(-2,11)",ABB,AAAb,,,-8.4584000204682060374680974312342599,-4.3805491723119995378597777931585892,105.63292603960678247997308350512357,37.311248121149917522373884115564094,23.323850492427694245563366797242068,False
"m003(-2,11)",ABB,AABB,,,-2.5185995918591888253813389381394101,-2.7421358925287784994188122858643255,-10.670072559563923075118930016912712,-0.79277263037416920404592312657394809,6.9846376579494961034862834397780857,False
"m003(-2,11)",ABB,AAbb,,,2.9772586656740833156811964193903388,8.9415069519965126321872268788480733,-44.697784096499394166297693675391733,125.30427347773645768780973941950810,31.442080557356419181987188360522228,False
"m003(-2,11)",ABB,ABAb,,,-6.1925610820476120081580011963064592,-0.18397295924966982210747500723699862,-4.0922576611174284259990134421460775,-21.880063123013925522706800212949982,19.136468066659922148414761438420952,False
"m003(-2,11)",ABB,ABBB,,,-2.5551378631973608050042627525135006,0.87287977273602637736415799980289800,0.13776134219558371461586947082264143,-3.5305982005830018871776897479086247,1.6889727238482384455716560276821307,False
"m003(-2,11)",ABB,ABaB,,,-1.9112867798734670463517522452921172,0.031369423276633318221346707691426530,0.086165750811937247266767712405690922,3.3506109372259170247190943705322152,3.9386077087701019624046359713578127,False
"m003(-2,11)",ABB,ABab,,,3.4507876680969182513161886968671571,0.92773934543977165597480589030623378,-12.532311217368339360503060546090071,-4.3233708309571710912236128744825728,11.928406153219679211077734219565178,False
"m003(-2,11)",ABB,Abbb,,,13.761344482361150194345242845471586,-10.976739037796415543939811534361776,-82.671602708560536312095616191208677,-285.55163289638293734068003138967476,39.924645852954722166370049665476183,False
"m003(-2,11)",Abb,AAAB,,,-14.917452288774029011925162643584494,-7.4299042259893365382254638493555975,23.350489306985404056196638467249188,82.344001842610929927739986226411766,22.887626701158183569903028425618905,False
"m003(-2,11)",Abb,AAAb,,,-8.7888300981620122989525868112672262,12.761577692907364676389185282664605,10.062828268047280717780593482280529,20.520278813046046579814594202666482,22.282210649186446332405064507673836,False
"m003(-2,11)",Abb,AABB,,,2.9772586656740833156811964193903388,8.9415069519965126321872268788480733,-12.869507284711441233923005791954230,-35.463001596317071444379959267542632,12.925557102799075673798494087750146,False
"m003(-2,11)",Abb,AAbb,,,19.944654351983286994758045406236379,0.049948389123780155870258252219655281,-10.670072559563923075118930016912712,-0.79277263037416920404592312657394809,44.255838417011748459454421108814961,False
"m003(-2,11)",Abb,ABAb,,,9.5806919885483735909526404598399884,12.869956132557893530852429043650999,-4.0922576611174284259990134421460775,-21.880063123013925522706800212949982,21.459864306087257905711398567743125,False
"m003(-2,11)",Abb,ABBB,,,11.862741295062145621987549926123037,-12.818756034262193123025350201340621,-82.671602708560536312095616191208677,-285.55163289638293734068003138967476,14.589479623587274029490534228549406,False
"m003(-2,11)",Abb,ABaB,,,14.381275915942090013608924654031405,5.8638500231836623999746181683276911,75.245405508850296351543113417334822,143.87825859609756116229310282555166,16.095513508532506293320751524938637,False
"m003(-2,11)",Abb,ABab,,,-11.166258762703356744043135711057953,-7.4694359789346430445211409143144174,35.831726969192189607596581125054139,-22.109840673388383415894460732460419,18.594508030130110138199825670865920,False
"m003(-2,11)",Abb,Abbb,,,-17.310213088799969105416020677014198,-16.575115185625654475402680192113642,0.13776134219558371461586947082264143,-3.5305982005830018871776897479086247,43.625395544678286897987797996641306,False
"m003(-2,11)",AAAB,AAAb,,,9.4941072105825949366234974722275889,14.605457309864997205853173182524880,-21.140710393980327991433784258783907,33.084683705194563832242189887820788,30.798085418508410645531618582591407,False
"m003(-2,11)",AAAB,AABB,,,6.3726960406768262225896702452625266,-2.5403310777236950101006148636240006,-26.950190375627845787494873224726609,9.3682649760410484091658953266609462,12.170839061473774021467500462416036,False
"m003(-2,11)",AAAB,AAbb,,,4.0755493238524580536084490309581947,-17.582893009467032359543698481173949,-24.750755650480327628690797449685091,44.038493941983950649499931467629630,22.696031801390804803664807985853366,False
"m003(-2,11)",AAAB,ABAb,,,12.976129363551116497861114285712176,1.3881181028376858885645873011789256,-35.272989076280379012354753449973236,84.797159415361602597684828600465206,20.167940011903052465607878602218199,False
"m003(-2,11)",AAAB,ABBB,,,-2.2473797292101059368062326266717815,-6.6371315956151673341795407227816494,-24.750755650480327628690797449685091,44.038493941983950649499931467629630,8.7442201612219167662666487501934613,False
"m003(-2,11)",AAAB,ABaB,,,4.6041433562346729107401403454873140,-6.0351352038679318719602427113131328,12.693401842650673856223551620281821,-20.752832208164223274744887696960768,8.8781202977479576438334949837279122,False
"m003(-2,11)",AAAB,ABab,,,-7.7157563577412339156379628481334641,0.61025140350099077698689410161616478,-32.642415501676985873911795311971944,43.524048394151332743125346700837956,12.041242384212628937824090335405677,False
"m003(-2,11)",AAAB,Abbb,,,-27.473092789229119153532844793043673,9.7923297815918848493417340996965461,231.28349402425865382266737874968029,-92.180649207427351962821093330871558,36.635243909022181604850800765434346,False
"m003(-2,11)",AAAb,AABB,,,1.3203212490298909436095273313720383,-6.9728314380031439185678834570688244,57.531681082141050795085647588189290,-0.99425977947706175586617064321804235,29.241400153461447865044728989688227,False
"m003(-2,11)",AAAb,AAbb,,,-20.623623069593013415679821769826676,-16.986364211556236845063586585404539,-4.3550508902122257092112191963560086,34.211914620044266080204102403810001,43.021072729997302050649979307384154,False
"m003(-2,11)",AAAb,ABAb,,,-1.5650909079159238987305673226751199,-21.481648197683105306276762664961034,2.3371960673431018734199452458641593,31.139630765359900353156346393060059,41.098042688263715566225351970079072,False
"m003(-2,11)",AAAb,ABBB,,,-14.766655700170607791440352385959771,8.8965212078488297452955061453407147,80.763052637360837446881506190872206,-300.10178150274185930309733538648130,23.801511809370931330953926562179939,False
"m003(-2,11)",AAAb,ABaB,,,-13.211614615274506056700498205663213,-11.073391441024300354619145063096234,3.4602645162783410021325177652149179,164.85809250989252352848301806723902,22.283155354328934422861750222439834,False
"m003(-2,11)",AAAb,ABab,,,6.3819804478394696188713263166145714,16.228875219775939748689473496488549,48.576202367004417272923250633621080,65.914540465403877744218711403933571,35.018090551051573476750320721450468,False
"m003(-2,11)",AAAb,Abbb,,,4.5488686064388189110707778315426118,27.551854223422070019342491726475418,57.531681082141050795085647588189290,-0.99425977947706175586617064321804235,62.876705416785580232139504765100364,False
"m003(-2,11)",AABB,AAbb,,,-3.9588217984111010017055528982244169,6.1586956376399970621637395240060381,-34.227146262082989249982839433520539,91.426817142167724651521626405113362,34.857936582278362056135277297387612,False
"m003(-2,11)",AABB,ABAb,,,-0.34877654191110136444853970732323277,-4.7951145991493897550940020558028043,-31.849393449698704658755972864168225,-63.130941207771670458345899917110907,12.236864489495314434496670926071815,False
"m003(-2,11)",AABB,ABBB,,,-4.7545180414621844745302253945484920,0.64647718703457567035037014798906594,0.13776134219558371461586947082264143,-3.5305982005830018871776897479086247,7.7752892566014031268071500615288080,False
"m003(-2,11)",AABB,ABaB,,,-2.5187733337027725180307003623423104,-0.81570143138119793072799308112688155,-12.635502400135632295201264062923972,9.4390474446606667325699553623991070,10.495004747735422370420771898930579,False
"m003(-2,11)",AABB,ABab,,,-0.65653467589835623264656983316495187,2.7148967692018039564496966667817431,-14.783341533899503986656238079548539,-32.112390659091154419660864897010417,6.0861045406557224689783684299984567,False
"m003(-2,11)",AABB,Abbb,,,14.510024361671387373527844806601880,6.7974805559051805434764851389105967,-105.90297426378032296389147479389159,13.555888826881860206551133353588500,33.635305747735788769481842391532863,False
"m003(-2,11)",AAbb,ABAb,,,-21.495267187220523661045079218351129,13.657386266650419780435413237020436,22.732900827611203792899523499193242,21.313051443420215783860517329240430,41.243652269324710664956862534989240,False
"m003(-2,11)",AAbb,ABBB,,,17.708735902380291345609158949827297,3.4385614686871343256394406860730468,345.72550984221590556506607083086862,63.097855396648679676500322576631414,29.754107559270885046024359305560466,False
"m003(-2,11)",AAbb,ABaB,,,1.6748811401156513356106201604552183,19.222344695166950012893268464844255,-196.04803946276137688030322359745091,29.708436016113245930942878807783379,28.202930909101035473747339411469159,False
"m003(-2,11)",AAbb,ABab,,,12.343967961359373103956849563780727,-13.634457465643391053753343282467503,-45.131656746750668203885108860044602,52.654169357883008688837111238944584,33.907551373395719627141530095949480,False
"m003(-2,11)",AAbb,Abbb,,,25.597039057226514075225433873304012,-25.508585308516825206922494809811538,-52.456295847677957394098655113290287,-4.0935932805827131980359523549721349,50.971638826664888807899573783861370,False
"m003(-2,11)",ABAb,ABBB,,,-4.3110345755758476124478329509092314,7.8976196712804178934891407192566409,-71.492985667977224302474397709176654,-33.009844023566398774435116893489192,19.636018892618573030571034898692673,False
"m003(-2,11)",ABAb,ABaB,,,-8.5481945270950144778675676954518054,2.2004512213691860500751118999900685,22.732900827611203792899523499193242,21.313051443420215783860517329240430,22.270933905477636244612694793163122,False
"m003(-2,11)",ABAb,ABab,,,18.006594547563220515335665126686065,2.1800979509428134877846658931685207,14.555640500455090141607682149459179,-17.222234007581221387567197949052144,8.2523035116893639982507301016306694,False
"m003(-2,11)",ABAb,Abbb,,,27.483017510429752504150577658770207,3.7179183789978764171752957178271572,-71.492985667977224302474397709176654,-33.009844023566398774435116893489192,22.227652026206144093871165570810841,False
"m003(-2,11)",ABBB,ABaB,,,0.48954935181786881020845124328218507,0.89151356190618676261132984393333262,0.086165750811937247266767712405690922,3.3506109372259170247190943705322152,2.7202763007474231250167368669074386,False
"m003(-2,11)",ABBB,ABab,,,2.7254678014208644593573376996912670,-2.4970995176571674071578525899200589,-18.561732410760581320339927879199566,-1.3072181782067871104205078933656227,12.033388866050161252139545441586519,False
"m003(-2,11)",ABBB,Abbb,,,-2.8923339305404626784242079983776600,-30.266750992623873975792188393257161,-841.25658648620905097106109647876725,338.76980803379250836685970859320611,39.914287484647855717081535851545231,False
"m003(-2,11)",ABaB,ABab,,,3.4326075828908352707639326499366195,-2.5349095058447190939911012894053337,-4.7438425489389740499802662006371184,9.9534929924932846389445401291907817,14.503865351705229686551010606212381,False
"m003(-2,11)",ABaB,Abbb,,,24.551824730687201136595440039022792,-11.583217495338291675539371888355158,410.18308910063698942354463993581505,-269.76796280111374439142763899465335,42.195428912863515308814069948168136,False
"m003(-2,11)",ABab,Abbb,,,-22.493014217244178470780968344270678,5.3208777721541623785288918961010852,-87.691550975406698464779406251019202,-144.85101848982881522879762132950202,27.999284873607922892306266057721607,False
"m003(-2,13)",A,B,,,-0.48131155466976754076118447621870502,0.86187927353666435102701742865263918,0.091852748469688777668076461453074911,-3.5175308620851519717368067950758463,4.1556784211656231406877598242720968,False
"m003(-2,13)",A,AB,,,-2.5382808428604128999455838803497816,0.87365904879889722626392866008627390,0.091852748469688777668076461453074911,-3.5175308620851519717368067950758463,1.7035396145998611743036122049315040,False
"m003(-2,13)",A,Ab,,,-0.60302781796314844019881361173096993,2.6878659559179884592590004747684230,0.091852748469688777668076461453074911,-3.5175308620851519717368067950758463,4.6285551630559953371640681205240868,False
"m003(-2,13)",A,AAB,,,-1.5450601462077996898751658804599817,-2.6753173931919704951060029593225078,0.091852748469688777668076461453074911,-3.5175308620851519717368067950758463,8.1759236011248401580664567060310509,False
"m003(-2,13)",A,AAb,,,-4.6888591083464871318136253184649632,0.72709542389174017695154682285156869,0.091852748469688777668076461453074911,-3.5175308620851519717368067950758463,7.5440603255442719046388544796556806,False
"m003(-2,13)",A,ABB,,,-0.60302781796314844019881361173096993,2.6878659559179884592590004747684230,-10.513464578062546789360435106207689,-0.50985578619959125600298155529202016,1.7035396145998611743036122049315040,False
"m003(-2,13)",A,Abb,,,3.9589331171220336989273652856846635,3.7878743692073943020652236771006254,-10.513464578062546789360435106207689,-0.50985578619959125600298155529202016,14.449610639869990065920315316412476,False
"m003(-2,13)",A,AAAB,,,4.1413086608235613401443974920807516,-3.5615250047168856855229291348546969,0.091852748469688777668076461453074911,-3.5175308620851519717368067950758463,8.5188417735694837256017690980381469,False
"m003(-2,13)",A,AAAb,,,-2.3559052991588852587285516739536936,-6.4757403251253827613242241518690483,0.091852748469688777668076461453074911,-3.5175308620851519717368067950758463,23.301284052835296960740187898467004,False
"m003(-2,13)",A,AABB,,,-2.1937721351008133763555870537935868,-0.067660300358225960949557687881216013,-10.513464578062546789360435106207689,-0.50985578619959125600298155529202016,7.5440603255442719046388544796556806,False
"m003(-2,13)",A,AAbb,,,-4.0572691069686738329449162084291653,7.9128145665414223401840596221481614,-10.513464578062546789360435106207689,-0.50985578619959125600298155529202016,29.177788635150499625228034512053026,False
"m003(-2,13)",A,ABAb,,,-4.6888591083464871318136253184649632,0.72709542389174017695154682285156869,-18.464828216265671546079997664492785,-0.87253911950945859579060315770757068,19.433958912007663606626852924086665,False
"m003(-2,13)",A,ABBB,,,3.9589331171220336989273652856846635,3.7878743692073943020652236771006254,3.6889260767103460977923296735829494,30.319383131846589681386118075722859,0.00000000000000000000000000000000000,True
"m003(-2,13)",A,ABaB,,,-2.6498911251672588852377783935602611,4.2868481139156542519836049662714515,-4.7785542862998534496066219034394065,-14.764619518001571925985759843113838,2.6873320848096975276392620922292100,False
"m003(-2,13)",A,ABab,,,2.6624874074689199011772749617862765,-2.5405335435470463210305323535214373,-18.464828216265671546079997664492785,-0.87253911950945859579060315770757068,11.923566766017083430469677327855527,False
"m003(-2,13)",A,Abbb,,,10.002289508569087126829697955929794,-0.31980911996757225647482476501540318,3.6889260767103460977923296735829494,30.319383131846589681386118075722859,39.158418468434417360227439453474759,False
"m003(-2,13)",B,AB,,,-0.48131155466976754076118447621870502,0.86187927353666435102701742865263918,0.091852748469688777668076461453074911,-3.5175308620851519717368067950758463,2.8147406613442963719524842884870307,False
"m003(-2,13)",B,Ab,,,0.49390783697142855670068104444472034,0.88443529683194357992605518409737497,0.091852748469688777668076461453074911,-3.5175308620851519717368067950758463,3.8395992872891331307935885203415389,False
"m003(-2,13)",B,AAB,,,-0.60302781796314844019881361173096993,2.6878659559179884592590004747684230,6.1002417779455950390717627777654151,0.22634936449050861654229454224592849,4.4352537370120997892577492852304370,False
"m003(-2,13)",B,AAb,,,-2.5382808428604128999455838803497816,0.87365904879889722626392866008627390,6.1002417779455950390717627777654151,0.22634936449050861654229454224592849,8.4821101405757515401235440829435185,False
"m003(-2,13)",B,ABB,,,0.49390783697142855670068104444472034,0.88443529683194357992605518409737497,0.091852748469688777668076461453074911,-3.5175308620851519717368067950758463,2.8147406613442963719524842884870307,False
"m003(-2,13)",B,Abb,,,2.0137754185759062146968537884526714,0.067123549286698213125912917919854482,0.091852748469688777668076461453074911,-3.5175308620851519717368067950758463,10.883588813544093316922048860988073,False
"m003(-2,13)",B,AAAB,,,-2.1937721351008133763555870537935868,-0.067660300358225960949557687881216013,-10.513464578062546789360435106207689,-0.50985578619959125600298155529202016,12.673876863734316404372446613830515,False
"m003(-2,13)",B,AAAb,,,-2.5202795378489957873370314011234071,-2.6978734164872497240050407147672436,-10.513464578062546789360435106207689,-0.50985578619959125600298155529202016,20.278847936432035132660439586358338,False
"m003(-2,13)",B,AABB,,,3.9589331171220336989273652856846635,3.7878743692073943020652236771006254,6.1002417779455950390717627777654151,0.22634936449050861654229454224592849,8.4821101405757515401235440829435185,False
"m003(-2,13)",B,AAbb,,,-0.60302781796314844019881361173096993,2.6878659559179884592590004747684230,6.1002417779455950390717627777654151,0.22634936449050861654229454224592849,32.680929829630134078100175571710985,False
"m003(-2,13)",B,ABAb,,,-2.5382808428604128999455838803497816,0.87365904879889722626392866008627390,0.057025391272781504684123758027243838,3.3811968932657932484914797349062243,20.685257180228923588397106748917851,False
"m003(-2,13)",B,ABBB,,,2.0137754185759062146968537884526714,0.067123549286698213125912917919854482,0.091852748469688777668076461453074911,-3.5175308620851519717368067950758463,4.1556784211656231406877598242720968,False
"m003(-2,13)",B,ABaB,,,1.5111750694934596625307371502778950,0.82966490616716351247780632030742334,-1.8511218602575297176477997805196813,-0.13633396881935872324532706016962203,5.1954095384204837103792852106267420,False
"m003(-2,13)",B,ABab,,,1.5382808428604128999455838803497816,-0.87365904879889722626392866008627390,-1.8511218602575297176477997805196813,-0.13633396881935872324532706016962203,14.116043699338845490115031589346105,False
"m003(-2,13)",B,Abbb,,,2.6624874074689199011772749617862765,-2.5405335435470463210305323535214373,0.091852748469688777668076461453074911,-3.5175308620851519717368067950758463,41.526470678381909288040073589590229,False
"m003(-2,13)",AB,Ab,,,-0.63013359133010167761366034180285656,4.3911899108840491980007354551621202,-10.513464578062546789360435106207689,-0.50985578619959125600298155529202016,4.6927077559284198088798496712972303,False
"m003(-2,13)",AB,AAB,,,-0.025192564603322031878993136452030653,-3.4926291407372158619061452255000283,0.091852748469688777668076461453074911,-3.5175308620851519717368067950758463,7.1641701768178490703624472829843378,False
"m003(-2,13)",AB,AAb,,,-4.6888591083464871318136253184649632,0.72709542389174017695154682285156869,1.2646621003729600847810171162987648,-17.919467046776856557934945035774133,6.7924975778282346166170666192022526,False
"m003(-2,13)",AB,ABB,,,-2.0494559123538725624763210306276767,0.043994142631733713786122339778850559,0.091852748469688777668076461453074911,-3.5175308620851519717368067950758463,0.00000000000000000000000000000000000,True
"m003(-2,13)",AB,Abb,,,5.4053612115127578212048727045813702,6.4317461824936490475381018120901978,3.6889260767103460977923296735829494,30.319383131846589681386118075722859,12.750191733884185526045521043101992,False
"m003(-2,13)",AB,AAAB,,,5.5877367552142854624219049109774583,-0.91765319143063094005005099986512446,6.1002417779455950390717627777654151,0.22634936449050861654229454224592849,10.044342441437105604584570526503859,False
"m003(-2,13)",AB,AAAb,,,-2.3287995257919320213137049438818069,-8.1790642800914435000659591322627456,-2.8161494718762944301644191163123994,33.553407572222659013662237857752613,22.769607773024638983721824429469129,False
"m003(-2,13)",AB,AABB,,,-1.5450601462077996898751658804599817,-2.6753173931919704951060029593225078,-12.421611829592858011692358644754614,-4.0273866482847432277397883503678665,6.7924975778282346166170666192022526,False
"m003(-2,13)",AB,AAbb,,,-5.0324884986098699304067817290925907,7.8902585432461431112850218667034256,-51.597658487267361466072953124735284,-1.4625729452552312977697232936836268,30.876203007827851248390526136946012,False
"m003(-2,13)",AB,ABAb,,,-5.4951604104374452172805221682568643,-2.7237530740711352858254698250518104,-10.513464578062546789360435106207689,-0.50985578619959125600298155529202016,18.966985813969601599079404535612284,False
"m003(-2,13)",AB,ABBB,,,-0.60302781796314844019881361173096993,2.6878659559179884592590004747684230,-10.513464578062546789360435106207689,-0.50985578619959125600298155529202016,1.7035396145998611743036122049315040,False
"m003(-2,13)",AB,ABaB,,,-3.4561924272582169707046752433521622,0.83599961595277878920658831836807237,6.1002417779455950390717627777654151,0.22634936449050861654229454224592849,3.9464142815178668096017091160768352,False
"m003(-2,13)",AB,ABab,,,3.4687887095598779866441718115781776,0.91031495441582914174648429438194179,-12.421611829592858011692358644754614,-4.0273866482847432277397883503678665,11.854831260280213293775111640262538,False
"m003(-2,13)",AB,Abbb,,,14.564250443654269265955876853345427,0.78019929332183358633139843731679921,91.521151129555847806304330404342618,-23.100764521483035962652273205576198,39.259914684771509200828332073326371,False
"m003(-2,13)",Ab,AAB,,,-4.6888591083464871318136253184649632,0.72709542389174017695154682285156869,6.1002417779455950390717627777654151,0.22634936449050861654229454224592849,4.9794568896001699777480713764387181,False
"m003(-2,13)",Ab,AAb,,,-1.8886895364711824884683222910876092,4.4878457261624324392274720845293491,0.091852748469688777668076461453074911,-3.5175308620851519717368067950758463,11.463036856711574543677434596053359,False
"m003(-2,13)",Ab,ABB,,,3.4701081866154933614581024359625585,4.6175392753745578145430299974080487,3.6889260767103460977923296735829494,30.319383131846589681386118075722859,4.6927077559284198088798496712972303,False
"m003(-2,13)",Ab,Abb,,,3.9939004790931808654260116396174538,-4.0636893465432328447539261023371780,0.091852748469688777668076461453074911,-3.5175308620851519717368067950758463,14.215229367689263421384906641262800,False
"m003(-2,13)",Ab,AAAB,,,-2.3287995257919320213137049438818069,-8.1790642800914435000659591322627456,-26.107885759558676108165734405807993,9.8646937502073701024553683350384004,11.906116083367943702423383051590182,False
"m003(-2,13)",Ab,AAAb,,,-6.9528335962152145643533769253021173,0.27581497733583854268870242523655262,6.1002417779455950390717627777654151,0.22634936449050861654229454224592849,18.794110934245536696524922613797244,False
"m003(-2,13)",Ab,AABB,,,-1.8886895364711824884683222910876092,4.4878457261624324392274720845293491,0.091852748469688777668076461453074911,-3.5175308620851519717368067950758463,11.463036856711574543677434596053359,False
"m003(-2,13)",Ab,AAbb,,,5.7043712045572209042962536057775216,7.8265423862867515844572542295986448,-7.5860321520202230574016129832879637,14.118429762982621946737451227652195,29.846254788471196829621837731285552,False
"m003(-2,13)",Ab,ABAb,,,-1.0823882343802244030014254412957081,7.9386942241253079020044887324327282,-10.513464578062546789360435106207689,-0.50985578619959125600298155529202016,23.659322897709646569047819408653086,False
"m003(-2,13)",Ab,ABBB,,,10.002289508569087126829697955929794,-0.31980911996757225647482476501540318,91.521151129555847806304330404342618,-23.100764521483035962652273205576198,4.6285551630559953371640681205240868,False
"m003(-2,13)",Ab,ABaB,,,3.1251593192964951880510154009505501,8.0734780737702320760799593382337987,-46.796906166891633784766160166694465,23.581971221363079096935802814318506,3.3218095555818206761078774294257027,False
"m003(-2,13)",Ab,ABab,,,-1.5926954553903565141153460887165837,-7.1444752509468695119270289916613051,-7.5860321520202230574016129832879637,14.118429762982621946737451227652195,16.440939179275791570447280981102804,False
"m003(-2,13)",Ab,Abbb,,,0.54267576057316962949928031304283331,-10.010746273807655388197402785536167,-10.513464578062546789360435106207689,-0.50985578619959125600298155529202016,43.762529208458170455205845057231250,False
"m003(-2,13)",AAB,AAb,,,-0.42065227426162079898178140533488184,-4.6615334180062915283291523371868993,9.1811983813791775685166269711580300,-10.658055958116043997919036903376512,12.597232672655189307564396280183896,False
"m003(-2,13)",AAB,ABB,,,-1.5450601462077996898751658804599817,-2.6753173931919704951060029593225078,6.1002417779455950390717627777654151,0.22634936449050861654229454224592849,7.1641701768178490703624472829843378,False
"m003(-2,13)",AAB,Abb,,,-5.0324884986098699304067817290925907,7.8902585432461431112850218667034256,13.778126678435506874141452222506454,-17.409611260577265301931963480482113,10.398893318253731394299866523612544,False
"m003(-2,13)",AAB,AAAB,,,5.7652039821861802968671032909322552,4.5564158132055026001345461778735925,0.091852748469688777668076461453074911,-3.5175308620851519717368067950758463,16.448193909515927191013682888809202,False
"m003(-2,13)",AAB,AAAb,,,8.6039203456952368509182979662312591,-3.4015030303988664721000333767110492,10.870124458089523666308956644740979,19.661327173730545683467081172346346,15.956139904110356632378396867237960,False
"m003(-2,13)",AAB,AABB,,,-2.3559052991588852587285516739536936,-6.4757403251253827613242241518690483,6.1002417779455950390717627777654151,0.22634936449050861654229454224592849,12.597232672655189307564396280183896,False
"m003(-2,13)",AAB,AAbb,,,-8.8609808477455257866853004638490423,-3.2417158847493134290481043698392937,-25.397919979238996580239142257474216,-14.844797557547753371961898423797874,34.701354144963199316384611966265304,False
"m003(-2,13)",AAB,ABAb,,,2.2331614092932501178124739535338265,-7.0790558668020376572597359299305432,27.464400608401324970614827983559833,-31.301691659069378632127120165888380,24.589636429210710539056448680163839,False
"m003(-2,13)",AAB,ABBB,,,-4.6888591083464871318136253184649632,0.72709542389174017695154682285156869,13.778126678435506874141452222506454,-17.409611260577265301931963480482113,8.1759236011248401580664567060310509,False
"m003(-2,13)",AAB,ABaB,,,-3.9576031638841837848082445691746018,-3.4735367194534182579506844552969957,-6.4480501573138590232726250318681050,6.6152213336418625807675995169359789,8.0549833754428456803378412321938273,False
"m003(-2,13)",AAB,ABab,,,-0.63013359133010167761366034180285656,4.3911899108840491980007354551621202,13.778126678435506874141452222506454,-17.409611260577265301931963480482113,18.437699509972475935849927111622605,False
"m003(-2,13)",AAB,Abbb,,,3.8408742326893604477069244511419431,15.807017253186399885590871539628022,-42.681267237445471996836771230657470,-34.789631152987381694889666609190312,45.784501403206401961883605200032644,False
"m003(-2,13)",AAb,ABB,,,-1.8886895364711824884683222910876092,4.4878457261624324392274720845293491,-37.911384557301543369599577363681905,-15.354653343747344627964879979089894,6.7924975778282346166170666192022526,False
"m003(-2,13)",AAb,Abb,,,5.7043712045572209042962536057775216,7.8265423862867515844572542295986448,1.2646621003729600847810171162987648,-17.919467046776856557934945035774133,12.727765039127215918403847751815086,False
"m003(-2,13)",AAb,AAAB,,,8.6039203456952368509182979662312591,-3.4015030303988664721000333767110492,-12.421611829592858011692358644754614,-4.0273866482847432277397883503678665,11.697157027525947472904913123838150,False
"m003(-2,13)",AAb,AAAb,,,0.37926960328902015928501295933033042,-13.925918833172867780562328321076938,0.091852748469688777668076461453074911,-3.5175308620851519717368067950758463,28.542708630078576875144212334321234,False
"m003(-2,13)",AAb,AABB,,,-2.3637668877630791878123512978145972,-0.32750056434081635324680935282494224,-25.397919979238996580239142257474216,-14.844797557547753371961898423797874,0.00000000000000000000000000000000000,True
"m003(-2,13)",AAb,AAbb,,,-14.106926204227438895455157166388261,9.2305469804858218018660043482193676,6.1002417779455950390717627777654151,0.22634936449050861654229454224592849,34.226962394961028375605608881148276,False
"m003(-2,13)",AAb,ABAb,,,-12.961222625691120825757063241614457,-3.4680652492398220455903989120852222,-4.7785542862998534496066219034394065,-14.764619518001571925985759843113838,12.241057580239600081366541709554870,False
"m003(-2,13)",AAb,ABBB,,,5.7043712045572209042962536057775216,7.8265423862867515844572542295986448,-16.638517748285286712117840584297211,103.32908524735271322913874412539845,7.5440603255442719046388544796556806,False
"m003(-2,13)",AAb,ABaB,,,-7.1352091399167422055704091316982053,7.6252143512601185302768552371918748,-9.7548617355931239345321214808215236,-60.183798658205971717595522831430210,10.225590919553520472431761738699103,False
"m003(-2,13)",AAb,ABab,,,10.002289508569087126829697955929794,-0.31980911996757225647482476501540318,-16.053512515030422604800564560310320,-30.965572886865539660634426691184501,6.0849347068572994417097475223824790,False
"m003(-2,13)",AAb,Abbb,,,17.501344057593667716719298066858529,2.5678989719282178630145277376533343,-37.911384557301543369599577363681905,-15.354653343747344627964879979089894,33.201374554872548228231375149706963,False
"m003(-2,13)",ABB,Abb,,,9.9751837352021338894148512258579073,1.3835148349984884822669102153782941,91.521151129555847806304330404342618,-23.100764521483035962652273205576198,12.750191733884185526045521043101992,False
"m003(-2,13)",ABB,AAAB,,,3.6524837303170210026751346423586466,-2.7318600985497221730451228145472735,-12.421611829592858011692358644754614,-4.0273866482847432277397883503678665,10.044342441437105604584570526503859,False
"m003(-2,13)",ABB,AAAb,,,-8.3721559172389854492160376141269374,-4.0713807909164769415259106901467170,103.98834891588602879273754026121347,30.397476646179251373937732837568854,22.769607773024638983721824429469129,False
"m003(-2,13)",ABB,AABB,,,-2.5202795378489957873370314011234071,-2.6978734164872497240050407147672436,-10.513464578062546789360435106207689,-0.50985578619959125600298155529202016,6.7924975778282346166170666192022526,False
"m003(-2,13)",ABB,AAbb,,,3.2092842313115471488382153411061452,8.6212981105367177223583587403314295,-34.921719975307434114216041596699014,123.97272094830604786334682738791032,30.876203007827851248390526136946012,False
"m003(-2,13)",ABB,ABAb,,,-6.1438723993304589037609433415904693,-0.11609598123739075166902455361051862,-4.7437269291029461766226692000135754,-21.663347273352517146214046373095908,18.966985813969601599079404535612284,False
"m003(-2,13)",ABB,ABBB,,,-2.5382808428604128999455838803497816,0.87365904879889722626392866008627390,0.091852748469688777668076461453074911,-3.5175308620851519717368067950758463,1.7035396145998611743036122049315040,False
"m003(-2,13)",ABB,ABaB,,,-1.9363248456537393127085024993442112,0.018687868407533422406446052190551877,0.057025391272781504684123758027243838,3.3811968932657932484914797349062243,3.9464142815178668096017091160768352,False
"m003(-2,13)",ABB,ABab,,,3.4687887095598779866441718115781776,0.91031495441582914174648429438194179,-12.421611829592858011692358644754614,-4.0273866482847432277397883503678665,11.854831260280213293775111640262538,False
"m003(-2,13)",ABB,Abbb,,,13.083246112002669656274562149322409,-11.204214442574124870936156210637844,-101.13438579509386589614148207294289,-268.80493841292662894380457809312215,39.259914684771509200828332073326371,False
"m003(-2,13)",Abb,AAAB,,,-14.869369877221432048088986780161382,-6.9855961113249740173272057071610685,26.270696584073048247867052814744767,78.717588261617002067010254357273346,22.455434510361698064235975151644685,False
"m003(-2,13)",Abb,AAAb,,,-8.0985371747515326340514708500759205,12.974427207061482390145105685541142,10.870124458089523666308956644740979,19.661327173730545683467081172346346,21.876592978689201725254520342764174,False
"m003(-2,13)",Abb,AABB,,,3.2092842313115471488382153411061452,8.6212981105367177223583587403314295,-14.110537906303204109484688318337563,-34.346769780131332909125906426090725,12.727765039127215918403847751815086,False
"m003(-2,13)",Abb,AAbb,,,19.669923628091159061195891984200085,-0.85706986845077203794205979996547799,-10.513464578062546789360435106207689,-0.50985578619959125600298155529202016,43.525639241088037857908287338513865,False
"m003(-2,13)",Abb,ABAb,,,9.9595540674164973195888746562803818,12.430484093686574775353750867738513,-4.7437269291029461766226692000135754,-21.663347273352517146214046373095908,21.093554904378080306212693364167969,False
"m003(-2,13)",Abb,ABBB,,,11.147993087105405196527791880703597,-13.018421349693216103931228025319993,-101.13438579509386589614148207294289,-268.80493841292662894380457809312215,14.449610639869990065920315316412476,False
"m003(-2,13)",Abb,ABaB,,,14.510731011356599709234471909154267,5.4021048239770960150957464296877261,83.832502502842830567531723010314033,136.29010784800068286660362177544247,16.064571451531423762913380034465978,False
"m003(-2,13)",Abb,ABab,,,-11.354335766916251251356515902923271,-7.0582030706921987562002235991117884,34.432319728571557277757925279967095,-24.228160976382029076184111429780148,18.300960759020930615217065911014680,False
"m003(-2,13)",Abb,Abbb,,,-17.913480849536577094211289314986110,-15.553643684555579124927032730230318,0.091852748469688777668076461453074911,-3.5175308620851519717368067950758463,43.113985124505366681452867261974593,False
"m003(-2,13)",AAAB,AAAb,,,9.5867525555743093678001917959998794,14.108646120758745388373063976870462,-19.429855827884436258596617000285503,32.817202421532559141116961760214665,30.255927295914692909107181425314509,False
"m003(-2,13)",AAAB,AABB,,,6.1088333724495630954602597015598827,-2.6067473061489003341989288659782645,-26.107885759558676108165734405807993,9.8646937502073701024553683350384004,11.697157027525947472904913123838150,False
"m003(-2,13)",AAAB,AAbb,,,3.5230685654277076012234723973353119,-17.328331650256578452619878103251014,-22.510812431318018788041481193678118,43.701607744139111755578293205837105,22.563700342211399904942620755113356,False
"m003(-2,13)",AAAB,ABAb,,,12.859103208554513266210919016734119,1.2024386770009567187964632614288186,-31.462031038336815530261615791181764,83.927393707222207372926523051325861,19.741192296562126248460878276931521,False
"m003(-2,13)",AAAB,ABBB,,,-2.3559052991588852587285516739536936,-6.4757403251253827613242241518690483,-22.510812431318018788041481193678118,43.701607744139111755578293205837105,8.5188417735694837256017690980381469,False
"m003(-2,13)",AAAB,ABaB,,,4.5736196885193371820067843246784570,-6.0518505526917956053431236312120175,11.869979426905195651809528683959529,-20.927142122662417273668770275557959,8.5843207606082338732869012732875674,False
"m003(-2,13)",AAAB,ABab,,,-7.6637399809349365617571160855984204,0.70121576630785461513111771256700187,-30.462176069521143544761043751963215,43.338924410829244415790671603421555,11.709907177932015331124086632013132,False
"m003(-2,13)",AAAB,Abbb,,,-26.647496555656938922230439002667836,10.424015149252291284604757773321045,216.74494609078349261678453650120172,-102.78392842511771912186621107051139,35.522813763346260660074920173536923,False
"m003(-2,13)",AAAb,AABB,,,1.0108596046668334581537220693661283,-6.7401996905231856173298155217803448,55.206839900494961756829006252790587,-4.6185038712986389374942283138673862,28.542708630078576875144212334321234,False
"m003(-2,13)",AAAb,AAbb,,,-20.835714171009938591786044905329736,-15.744166357914066237726271480433967,-2.8161494718762944301644191163123994,33.553407572222659013662237857752613,41.955740889233806446838310388533823,False
"m003(-2,13)",AAAb,ABAb,,,-2.2519818790360464720653213971754993,-21.114961610111156276716232475213361,3.6889260767103460977923296735829494,30.319383131846589681386118075722859,40.362654160165130152943498225457383,False
"m003(-2,13)",AAAb,ABBB,,,-14.106926204227438895455157166388261,9.2305469804858218018660043482193676,56.015217064549801678684213228944925,-292.49682015742356061621129126219786,23.301284052835296960740187898467004,False
"m003(-2,13)",AAAb,ABaB,,,-13.393303750095479497932362827827973,-10.617955760716112831232281742531671,14.350533645583347325079490695093672,161.08106242779025241001083306115729,21.941994897017071680143938643520596,False
"m003(-2,13)",AAAb,ABab,,,6.8157551052778098776504152182754003,15.832896910770285447411300649912589,50.562287840571101911368940143458909,61.817832787239328021081272432083253,34.379920653289025018865689004587463,False
"m003(-2,13)",AAAb,Abbb,,,5.8302347375339074379367271656637010,26.757858127129703995863188940868162,55.206839900494961756829006252790587,-4.6185038712986389374942283138673862,61.739354666136326340891106993560175,False
"m003(-2,13)",AABB,AAbb,,,-3.5016088776952033284266455987274968,6.2228719046002610861321791084355415,-26.005328725485544644979859702621199,90.645662740573897466226884072403630,34.226962394961028375605608881148276,False
"m003(-2,13)",AABB,ABAb,,,-0.42065227426162079898178140533488184,-4.6615334180062915283291523371868993,-33.865400342249196127638093834496572,-59.928800207395914979333776342634570,12.241057580239600081366541709554870,False
"m003(-2,13)",AABB,ABBB,,,-4.6888591083464871318136253184649632,0.72709542389174017695154682285156869,0.091852748469688777668076461453074911,-3.5175308620851519717368067950758463,7.5440603255442719046388544796556806,False
"m003(-2,13)",AABB,ABaB,,,-2.5111750694934596625307371502778950,-0.82966490616716351247780632030742334,-12.491266543986672557660264051606276,9.7700688624171472127167847095962747,10.225590919553520472431761738699103,False
"m003(-2,13)",AABB,ABab,,,-0.60302781796314844019881361173096993,2.6878659559179884592590004747684230,-16.053512515030422604800564560310320,-30.965572886865539660634426691184501,6.0849347068572994417097475223824790,False
"m003(-2,13)",AABB,Abbb,,,14.357545095454980274780838628853547,5.9703117890119285350720775198274108,-101.94276295914870581799668904909723,19.073377873198292734912484855208331,33.201374554872548228231375149706963,False
"m003(-2,13)",AAbb,ABAb,,,-20.639107526181032660826752686355496,14.167895375827951872883859110642820,23.383589036152070455669391750948668,20.171182959930136939470062727638367,40.872526743248408555239726925293462,False
"m003(-2,13)",AAbb,ABBB,,,17.501344057593667716719298066858529,2.5678989719282178630145277376533343,336.69584636236318890122032379934644,30.308428376722136777094617871802500,29.177788635150499625228034512053026,False
"m003(-2,13)",AAbb,ABaB,,,2.2972988347122220543451617811168686,19.019475460066262400741168238106336,-190.72536606094532858923244415327111,45.175687850396520789207560680277032,27.485672345439499341825746089177885,False
"m003(-2,13)",AAbb,ABab,,,11.636818017611945533997054730425702,-13.848086255860379616409034345627416,-40.647789365695091992727719934466658,54.599214176875774302347427561936591,33.557422591425892207356777997209603,False
"m003(-2,13)",AAbb,Abbb,,,23.804708647037900665516975512519085,-26.329763312782543911428846754500994,-51.597658487267361466072953124735284,-1.4625729452552312977697232936836268,49.804200543664520308520674458034701,False
"m003(-2,13)",ABAb,ABBB,,,-4.0572691069686738329449162084291653,7.9128145665414223401840596221481614,-71.843265528713067887613356924264094,-29.136964334526127603209637732038210,19.433958912007663606626852924086665,False
"m003(-2,13)",ABAb,ABaB,,,-8.5543914561662731969183761700160662,2.3251826226081211194713788723528725,23.383589036152070455669391750948668,20.171182959930136939470062727638367,22.002957128455263814068217064570865,False
"m003(-2,13)",ABAb,ABab,,,17.926547373405258646134413784143004,1.7461981683083558220545318177938446,13.778126678435506874141452222506454,-17.409611260577265301931963480482113,8.1494452164267050202733258220708193,False
"m003(-2,13)",ABAb,Abbb,,,27.262984369119562453960467881065216,2.4816267916735471072877223451038177,-71.843265528713067887613356924264094,-29.136964334526127603209637732038210,22.035290270026729249652833260874301,False
"m003(-2,13)",ABBB,ABaB,,,0.49390783697142855670068104444472034,0.88443529683194357992605518409737497,0.057025391272781504684123758027243838,3.3811968932657932484914797349062243,2.6873320848096975276392620922292100,False
"m003(-2,13)",ABBB,ABab,,,2.6624874074689199011772749617862765,-2.5405335435470463210305323535214373,-18.464828216265671546079997664492785,-0.87253911950945859579060315770757068,11.923566766017083430469677327855527,False
"m003(-2,13)",ABBB,Abbb,,,-4.2272069195707589977379135539327311,-29.445724083047692455122189415636585,-772.90760620324463953153794047397518,399.98519020451829826391912627510269,39.158418468434417360227439453474759,False
"m003(-2,13)",ABaB,ABab,,,3.4541496782206781578466133922506512,-2.5515319870986297360136734145988009,-4.5399029057835478009407014933211799,10.132752195727014552504406312011825,14.311694560679154000475930514891944,False
"m003(-2,13)",ABaB,Abbb,,,23.916017973401630562954224474367993,-12.440955164680909198377094010426830,376.93897637931903574588178399081709,-297.91281822642528290633768787371725,41.289752962647661804118821951607418,False
"m003(-2,13)",ABab,Abbb,,,-22.039924719232109090425398751506399,6.2067948681498688281965493131474663,-96.197088941162907074539957897041403,-136.93629760301963284585193039090411,27.426213235262208823877660253881702,False
"m003(-2,15)",A,B,,,-0.48628382785933572442878630388287306,0.86232989508824410966371304312908509,0.065211457851154315770112750324633432,-3.5068105770037930576349829543283604,4.1172438196190097470914417823463667,False
"m003(-2,15)",A,AB,,,-2.5279603521169672055291383884750455,0.87310394173023755734670810846087775,0.065211457851154315770112750324633432,-3.5068105770037930576349829543283604,1.7119047097265769879834153263973861,False
"m003(-2,15)",A,Ab,,,-0.57235234457652834917470300788399979,2.6681364124816915907355157424247131,0.065211457851154315770112750324633432,-3.5068105770037930576349829543283604,4.6258929395459149241795488619441358,False
"m003(-2,15)",A,AAB,,,-1.5362042757921856799474820711455914,-2.6533580202529048346045142378987809,0.065211457851154315770112750324633432,-3.5068105770037930576349829543283604,8.1151906048323673554420509783679504,False
"m003(-2,15)",A,AAb,,,-4.6441541292101075974889646803070807,0.77140458766634517552478559806388758,0.065211457851154315770112750324633432,-3.5068105770037930576349829543283604,7.3928460274028320603972249952331127,False
"m003(-2,15)",A,ABB,,,-0.57235234457652834917470300788399979,2.6681364124816915907355157424247131,-10.398818292687292037134152868894280,-0.35166207297797895942433380394803902,1.7119047097265769879834153263973861,False
"m003(-2,15)",A,Abb,,,3.9829890809745831385991904307096075,3.7034257986896996351353771985003459,-10.398818292687292037134152868894280,-0.35166207297797895942433380394803902,14.333134175000421673403271131768345,False
"m003(-2,15)",A,AAAB,,,4.1003126966934955547038413963590453,-3.5412403542119291480822238508855908,0.065211457851154315770112750324633432,-3.5068105770037930576349829543283604,8.3802070220561133557509836966765754,False
"m003(-2,15)",A,AAAb,,,-2.4106367363980547894244874228256077,-6.3715622111713912258708929409250590,0.065211457851154315770112750324633432,-3.5068105770037930576349829543283604,22.954466261323831372293918892878451,False
"m003(-2,15)",A,AABB,,,-2.1452634193278813393945140952289281,-0.042079399300913397408598527136823884,-10.398818292687292037134152868894280,-0.35166207297797895942433380394803902,7.3928460274028320603972249952331127,False
"m003(-2,15)",A,AAbb,,,-3.9039138392535806500012258850891460,7.9043853487315084030452772353731659,-10.398818292687292037134152868894280,-0.35166207297797895942433380394803902,28.753175639940974933126517234385615,False
"m003(-2,15)",A,ABAb,,,-4.6441541292101075974889646803070807,0.77140458766634517552478559806388758,-18.376769666418681815719225945001698,-0.61955390474630048109299331425251924,19.283815106849190355556905052335110,False
"m003(-2,15)",A,ABBB,,,3.9829890809745831385991904307096075,3.7034257986896996351353771985003459,4.4292546489391868552938367890666219,29.725315442469641150179246875717543,0.00000000000000000000000000000000000,True
"m003(-2,15)",A,ABaB,,,-2.6117848039299553224020922114454312,4.3046149298746810886760590696749055,-5.1429196798327374098352684161847888,-14.576681345516497619001109846811846,2.6706081408822272936908414335768340,False
"m003(-2,15)",A,ABab,,,2.6216660255585861931126963052786162,-2.5624327128310059004655867928335834,-18.376769666418681815719225945001698,-0.61955390474630048109299331425251924,11.840495108189659555115506029511986,False
"m003(-2,15)",A,Abbb,,,9.8916774059619180037295626113349134,-0.48701209154412250747513340795560834,4.4292546489391868552938367890666219,29.725315442469641150179246875717543,38.575693823574758754058590960958556,False
"m003(-2,15)",B,AB,,,-0.48628382785933572442878630388287306,0.86232989508824410966371304312908509,0.065211457851154315770112750324633432,-3.5068105770037930576349829543283604,2.7696974953485054017040837126432788,False
"m003(-2,15)",B,Ab,,,0.49616504948796659513939039771605802,0.87985232195543107854675923371223707,0.065211457851154315770112750324633432,-3.5068105770037930576349829543283604,3.7863737541918644657286857118530534,False
"m003(-2,15)",B,AAB,,,-0.57235234457652834917470300788399979,2.6681364124816915907355157424247131,6.0833017776680786933030318270686528,0.16218544447777048705315334761475512,4.4158503972952940945118856741062786,False
"m003(-2,15)",B,AAb,,,-2.5279603521169672055291383884750455,0.87310394173023755734670810846087775,6.0833017776680786933030318270686528,0.16218544447777048705315334761475512,8.3726238344713063501684403772090202,False
"m003(-2,15)",B,ABB,,,0.49616504948796659513939039771605802,0.87985232195543107854675923371223707,0.065211457851154315770112750324633432,-3.5068105770037930576349829543283604,2.7696974953485054017040837126432788,False
"m003(-2,15)",B,Abb,,,2.0126068820228905336656642811952795,0.048845908120985536730328917928373628,0.065211457851154315770112750324633432,-3.5068105770037930576349829543283604,10.841635066679899184027831452359398,False
"m003(-2,15)",B,AAAB,,,-2.1452634193278813393945140952289281,-0.042079399300913397408598527136823884,-10.398818292687292037134152868894280,-0.35166207297797895942433380394803902,12.497055820899570629738773134638539,False
"m003(-2,15)",B,AAAb,,,-2.5186531531394879995156587727445225,-2.6708804471200918034875604284819329,-10.398818292687292037134152868894280,-0.35166207297797895942433380394803902,19.915101866173882346677104551239182,False
"m003(-2,15)",B,AABB,,,3.9829890809745831385991904307096075,3.7034257986896996351353771985003459,6.0833017776680786933030318270686528,0.16218544447777048705315334761475512,8.3726238344713063501684403772090202,False
"m003(-2,15)",B,AAbb,,,-0.57235234457652834917470300788399979,2.6681364124816915907355157424247131,6.0833017776680786933030318270686528,0.16218544447777048705315334761475512,32.174710436996581147076816129727958,False
"m003(-2,15)",B,ABAb,,,-2.5279603521169672055291383884750455,0.87310394173023755734670810846087775,0.040138946085534598947846000636601302,3.4011041897132420230194767916386353,20.560152835664283680295817525667033,False
"m003(-2,15)",B,ABBB,,,2.0126068820228905336656642811952795,0.048845908120985536730328917928373628,0.065211457851154315770112750324633432,-3.5068105770037930576349829543283604,4.1172438196190097470914417823463667,False
"m003(-2,15)",B,ABaB,,,1.5071408867253740334045902575593664,0.83867416452210146689946721190364736,-1.8946495960633110852820412490387653,-0.10570638729055103461550616268972510,5.1961384010271188743184299391371329,False
"m003(-2,15)",B,ABab,,,1.5279603521169672055291383884750455,-0.87310394173023755734670810846087775,-1.8946495960633110852820412490387653,-0.10570638729055103461550616268972510,14.040956722441560271243660191398687,False
"m003(-2,15)",B,Abbb,,,2.6216660255585861931126963052786162,-2.5624327128310059004655867928335834,0.065211457851154315770112750324633432,-3.5068105770037930576349829543283604,41.015294510604516517367776865822018,False
"m003(-2,15)",AB,Ab,,,-0.59317180996812152129925113879967893,4.3799145187340306149816910627892382,-10.398818292687292037134152868894280,-0.35166207297797895942433380394803902,4.6715050697325574713027816484579956,False
"m003(-2,15)",AB,AAB,,,-0.019762443257261741421208187666369932,-3.4843644340873503764209445536826443,0.065211457851154315770112750324633432,-3.5068105770037930576349829543283604,7.1013182613580228059459679821154412,False
"m003(-2,15)",AB,AAb,,,-4.6441541292101075974889646803070807,0.77140458766634517552478559806388758,0.90024315174980668451991741024726272,-17.815600090751969154967433290835726,6.6633436811879808859124929737301234,False
"m003(-2,15)",AB,ABB,,,-2.0351012388423412389337286460344119,0.034429777208136090447240896557230393,0.065211457851154315770112750324633432,-3.5068105770037930576349829543283604,0.00000000000000000000000000000000000,True
"m003(-2,15)",AB,Abb,,,5.4457379752403960283582160688600196,6.3371324339632551354236520443678286,4.4292546489391868552938367890666219,29.725315442469641150179246875717543,12.623297427915999229408428141829511,False
"m003(-2,15)",AB,AAAB,,,5.5630615909593084444628670345094574,-0.90753371893837364779394900501810814,6.0833017776680786933030318270686528,0.16218544447777048705315334761475512,9.9122037959148564583662759379288638,False
"m003(-2,15)",AB,AAAb,,,-2.3898172710064616172999392919099286,-8.0833403174237302501170682612895841,-1.9514733239311808043073970030836385,33.042649390973225735443049373712620,22.392494453430706865549337959138970,False
"m003(-2,15)",AB,AABB,,,-1.5362042757921856799474820711455914,-2.6533580202529048346045142378987809,-12.333606834836137721364040118569646,-3.8584726499817720170593167582763995,6.6633436811879808859124929737301234,False
"m003(-2,15)",AB,AAbb,,,-4.8863627166008829695694025866880771,7.8868629218643214341622310447900139,-50.868508501103893290684588318105062,0.032669169453332100450577300806967398,30.456113997021802225467579596994011,False
"m003(-2,15)",AB,ABAb,,,-5.5010882511287357355103141673657345,-2.6902372906467642582687298698904400,-10.398818292687292037134152868894280,-0.35166207297797895942433380394803902,18.835606976885537778318418612751502,False
"m003(-2,15)",AB,ABBB,,,-0.57235234457652834917470300788399979,2.6681364124816915907355157424247131,-10.398818292687292037134152868894280,-0.35166207297797895942433380394803902,1.7119047097265769879834153263973861,False
"m003(-2,15)",AB,ABaB,,,-3.4687189258485834604234416985040850,0.84297305156157165488254360172057800,6.0833017776680786933030318270686528,0.16218544447777048705315334761475512,3.9548853870821698550854930031491799,False
"m003(-2,15)",AB,ABab,,,3.4786001474772143311340457923372700,0.89920916548210353332792867512074416,-12.333606834836137721364040118569646,-3.8584726499817720170593167582763995,11.792493300348545744096213356535034,False
"m003(-2,15)",AB,Abbb,,,14.447018831513029491503456049928521,0.54827729466388553692472804812002453,88.801572657901763933904841313298896,-25.855503320749938162567026960299753,38.730861481354661149129336668872294,False
"m003(-2,15)",Ab,AAB,,,-4.6441541292101075974889646803070807,0.77140458766634517552478559806388758,6.0833017776680786933030318270686528,0.16218544447777048705315334761475512,4.8741744747202417008576964892585204,False
"m003(-2,15)",Ab,AAb,,,-1.7784128631829610520279199775265878,4.4621003139450714240329312088273454,0.065211457851154315770112750324633432,-3.5068105770037930576349829543283604,11.316543559208155905038429604601944,False
"m003(-2,15)",Ab,ABB,,,3.4901299676999571720037806882689739,4.5420999632118011020348444104039933,4.4292546489391868552938367890666219,29.725315442469641150179246875717543,4.6715050697325574713027816484579956,False
"m003(-2,15)",Ab,Abb,,,3.8735870861449936261966435345908940,-4.1560081130256860521632697098987239,0.065211457851154315770112750324633432,-3.5068105770037930576349829543283604,14.136324578863982811469213474758809,False
"m003(-2,15)",Ab,AAAB,,,-2.3898172710064616172999392919099286,-8.0833403174237302501170682612895841,-25.567456821422082127247997647386555,10.098654790788425120848799774282927,11.810145479306440764779817535039289,False
"m003(-2,15)",Ab,AAAb,,,-6.8565761671195767647958339653005015,0.45258231433598641702789251139837794,6.0833017776680786933030318270686528,0.16218544447777048705315334761475512,18.456606630704462966257294705685416,False
"m003(-2,15)",Ab,AABB,,,-1.7784128631829610520279199775265878,4.4621003139450714240329312088273454,0.065211457851154315770112750324633432,-3.5068105770037930576349829543283604,11.316543559208155905038429604601944,False
"m003(-2,15)",Ab,AAbb,,,5.8226871570728989568873715839661870,7.5992470600791970344583331856238918,-7.1505482089178657125809257017482562,14.119312885247967624961269880174081,29.366281912820196795971152464834246,False
"m003(-2,15)",Ab,ABAb,,,-0.92147874126433291400657049046793404,7.9237421922581808578264466767816730,-10.398818292687292037134152868894280,-0.35166207297797895942433380394803902,23.506925624016822239991534138115757,False
"m003(-2,15)",Ab,ABBB,,,9.8916774059619180037295626113349134,-0.48701209154412250747513340795560834,88.801572657901763933904841313298896,-25.855503320749938162567026960299753,4.6258929395459149241795488619441358,False
"m003(-2,15)",Ab,ABaB,,,3.2363915600864389590536078859562736,8.0146674996800797919653741218468705,-45.710522386951240998723740650971704,24.918369471400106823125623685224444,3.4038593250284642790252155276487859,False
"m003(-2,15)",Ab,ABab,,,-1.7100685059228841498167299086438671,-7.1034916964708501455713321607894118,-7.1505482089178657125809257017482562,14.119312885247967624961269880174081,16.354749207893958689605322684433995,False
"m003(-2,15)",Ab,Abbb,,,0.24185988393053084745055352112295036,-9.9288749950141454823507592737181271,-10.398818292687292037134152868894280,-0.35166207297797895942433380394803902,43.184776748669347736220566175235777,False
"m003(-2,15)",AAB,AAb,,,-0.45502872885761593307005204223456200,-4.5765297404199371924820853069612237,8.8531220137155767462827237366666486,-10.639793492266612552644314034564250,12.493891213944064838323426100857655,False
"m003(-2,15)",AAB,ABB,,,-1.5362042757921856799474820711455914,-2.6533580202529048346045142378987809,6.0833017776680786933030318270686528,0.16218544447777048705315334761475512,7.1013182613580228059459679821154412,False
"m003(-2,15)",AAB,Abb,,,-4.8863627166008829695694025866880771,7.8868629218643214341622310447900139,13.299061444437098721654070279141542,-17.463938017773990195543099486887687,10.473766563482041438914011358366512,False
"m003(-2,15)",AAB,AAAB,,,5.7039557987715884237182645414029841,4.4864655447184789569539139598053006,0.065211457851154315770112750324633432,-3.5068105770037930576349829543283604,16.253813932405988995182425851056361,False
"m003(-2,15)",AAB,AAAb,,,8.4450550960445900538931530328621330,-3.4424767764467558746169156121215372,11.282376662654763601576560525733271,19.085521950203028597534932841153294,15.589423938214081571583147555222411,False
"m003(-2,15)",AAB,AABB,,,-2.4106367363980547894244874228256077,-6.3715622111713912258708929409250590,6.0833017776680786933030318270686528,0.16218544447777048705315334761475512,12.493891213944064838323426100857655,False
"m003(-2,15)",AAB,AAbb,,,-8.7913647092684224490257212149758681,-3.0542282626678066406070904429299825,-25.235840221830656847666477920393873,-13.572796198338886078033205427804320,34.093764574050839272434017086605432,False
"m003(-2,15)",AAB,ABAb,,,2.1655241545446498704739541466836787,-7.0480509312157222057172068052139513,26.532911431023043127538027807958451,-31.421065458544187333451216019447013,24.472560378104164677872678393096062,False
"m003(-2,15)",AAB,ABBB,,,-4.6441541292101075974889646803070807,0.77140458766634517552478559806388758,13.299061444437098721654070279141542,-17.463938017773990195543099486887687,8.1151906048323673554420509783679504,False
"m003(-2,15)",AAB,ABaB,,,-3.9698897809911869231636158957097784,-3.4723807997956569671877420577711300,-6.3405890267848330606533877915136591,6.7184381382168266082832792896337119,8.0424597388916725393670169487556458,False
"m003(-2,15)",AAB,ABab,,,-0.59317180996812152129925113879967893,4.3799145187340306149816910627892382,13.299061444437098721654070279141542,-17.463938017773990195543099486887687,18.353377236823670441718823416969706,False
"m003(-2,15)",AAB,Abbb,,,4.0640367371471996462806597941059691,15.545711808111618834912208948133882,-42.833733399504633793074159487952770,-32.847794777042123147939318725290897,45.290069294208095969269281606619330,False
"m003(-2,15)",AAb,ABB,,,-1.7784128631829610520279199775265878,4.4621003139450714240329312088273454,-37.634658514517948884800630789288153,-13.924458271316865037457539231752359,6.6633436811879808859124929737301234,False
"m003(-2,15)",AAb,Abb,,,5.8226871570728989568873715839661870,7.5992470600791970344583331856238918,0.90024315174980668451991741024726272,-17.815600090751969154967433290835726,12.576265353303703498330143480850736,False
"m003(-2,15)",AAb,AAAB,,,8.4450550960445900538931530328621330,-3.4424767764467558746169156121215372,-12.333606834836137721364040118569646,-3.8584726499817720170593167582763995,11.403519894937884862169728814011025,False
"m003(-2,15)",AAb,AAAb,,,0.10371478583220309749012267615142347,-13.712604283646044712562809226227362,0.065211457851154315770112750324633432,-3.5068105770037930576349829543283604,28.067141719093307058509291815948655,False
"m003(-2,15)",AAb,AABB,,,-2.2804152761768721048973923957912151,-0.22390640570834456281842135289051429,-25.235840221830656847666477920393873,-13.572796198338886078033205427804320,0.00000000000000000000000000000000000,True
"m003(-2,15)",AAb,AAbb,,,-13.688878715443560338954009571051471,9.3805977003502599454260312255981026,6.0833017776680786933030318270686528,0.16218544447777048705315334761475512,33.760876306759848823267707572015485,False
"m003(-2,15)",AAb,ABAb,,,-12.874666486936501142328753042044521,-3.2164137071455771276602437905447376,-5.1429196798327374098352684161847888,-14.576681345516497619001109846811846,12.229455745317969421022053601650308,False
"m003(-2,15)",AAb,ABBB,,,5.8226871570728989568873715839661870,7.5992470600791970344583331856238918,-11.608232684298103699491959461288147,101.53666785360007596795056332827639,7.3928460274028320603972249952331127,False
"m003(-2,15)",AAb,ABaB,,,-6.9738997828384891809004849309499393,7.6972484672376152002454935607843147,-12.199084350007428908051667159281024,-59.325774353130605633132452576971812,10.051960686220605064558806005667632,False
"m003(-2,15)",AAb,ABab,,,9.8916774059619180037295626113349134,-0.48701209154412250747513340795560834,-16.722722537689789977710030906999667,-30.182683902738171144219086842355307,6.0841449876696012070617200188224313,False
"m003(-2,15)",AAb,Abbb,,,17.310180544308076791014670505991537,2.0654367914949873670302487149049676,-37.634658514517948884800630789288153,-13.924458271316865037457539231752359,32.823740743698208915182406576683587,False
"m003(-2,15)",ABB,Abb,,,9.8708579405703248316050144804192342,1.2247660147082165167710419124089168,88.801572657901763933904841313298896,-25.855503320749938162567026960299753,12.623297427915999229408428141829511,False
"m003(-2,15)",ABB,AAAB,,,3.6074535834188695881084316539184116,-2.7025661896898276811827566389819435,-12.333606834836137721364040118569646,-3.8584726499817720170593167582763995,9.9122037959148564583662759379288638,False
"m003(-2,15)",ABB,AAAb,,,-8.2985055959937964824303114725352344,-3.8929024271899081075065576548336299,102.44799251164456007500512587777415,26.462144648926524642782135710899444,22.392494453430706865549337959138970,False
"m003(-2,15)",ABB,AABB,,,-2.5186531531394879995156587727445225,-2.6708804471200918034875604284819329,-10.398818292687292037134152868894280,-0.35166207297797895942433380394803902,6.6633436811879808859124929737301234,False
"m003(-2,15)",ABB,AAbb,,,3.3237964471906726987929209988880345,8.4127310470464556073917173108246032,-29.288022101605570080747263532579950,122.31793981987765074875746531315915,30.456113997021802225467579596994011,False
"m003(-2,15)",ABB,ABAb,,,-6.1101473946644313949573461914490712,-0.078958669694772821072814159128482955,-5.1178471680671176930130016664967566,-21.484596112233532699655569592778841,18.835606976885537778318418612751502,False
"m003(-2,15)",ABB,ABBB,,,-2.5279603521169672055291383884750455,0.87310394173023755734670810846087775,0.065211457851154315770112750324633432,-3.5068105770037930576349829543283604,1.7119047097265769879834153263973861,False
"m003(-2,15)",ABB,ABaB,,,-1.9522770933136595218971678150248635,0.011966637727126113066113285936714556,0.040138946085534598947846000636601302,3.4011041897132420230194767916386353,3.9548853870821698550854930031491799,False
"m003(-2,15)",ABB,ABab,,,3.4786001474772143311340457923372700,0.89920916548210353332792867512074416,-12.333606834836137721364040118569646,-3.8584726499817720170593167582763995,11.792493300348545744096213356535034,False
"m003(-2,15)",ABB,Abbb,,,12.661497642009416056709254520932909,-11.288991028288505547172600790134613,-110.40533064059289374025812145571876,-257.28032789078763417768450859445114,38.730861481354661149129336668872294,False
"m003(-2,15)",Abb,AAAB,,,-14.809455029085346826558640291719887,-6.7232242841493701852952267448730980,27.713621546838662898652917706376856,76.340761031781752963655501677234483,22.156523210104720037233723533029961,False
"m003(-2,15)",Abb,AAAb,,,-7.6707883956266359614210904943074517,13.049593721831823490114167527541218,11.282376662654763601576560525733271,19.085521950203028597534932841153294,21.596430170657839043431308659601273,False
"m003(-2,15)",Abb,AABB,,,3.3237964471906726987929209988880345,8.4127310470464556073917173108246032,-14.762861483775324576657876907636268,-33.583788092451413167238563633993943,12.576265353303703498330143480850736,False
"m003(-2,15)",Abb,AAbb,,,19.435681520378696388987976413554095,-1.3768482432914496119820973116408528,-10.398818292687292037134152868894280,-0.35166207297797895942433380394803902,42.976577375626378791007137509378032,False
"m003(-2,15)",Abb,ABAb,,,10.154421688554369299816797797888670,12.140306043719041279564078553579720,-5.1178471680671176930130016664967566,-21.484596112233532699655569592778841,20.837163308018972418855874083501453,False
"m003(-2,15)",Abb,ABBB,,,10.705889634468977200354819140341864,-13.084023499039959580561408424098449,-110.40533064059289374025812145571876,-257.28032789078763417768450859445114,14.333134175000421673403271131768345,False
"m003(-2,15)",Abb,ABaB,,,14.554500577295916544957414080693874,5.1157730169429639550655605519187914,88.242522451829656393339932922162972,131.00716832866284444485747514604671,16.013414890852420586522280747768405,False
"m003(-2,15)",Abb,ABab,,,-11.436669502249363756705327377699200,-6.7983534078185387769843881110401377,33.417054498200637876307546533038659,-25.375737931668636817165463651862208,18.088955302982832612024303286779737,False
"m003(-2,15)",Abb,Abbb,,,-18.191064987642098466706932706358576,-14.895084059969206454924422234697339,0.065211457851154315770112750324633432,-3.5068105770037930576349829543283604,42.663942165940474671925811647567446,False
"m003(-2,15)",AAAB,AAAb,,,9.6088296356983557171509574990017968,13.805704992573228481459674446644280,-18.433593394286551534744581699046571,32.528801873517476288965562222149826,29.878409949474037933626024370108279,False
"m003(-2,15)",AAAB,AABB,,,5.9461643861623637957987024477839804,-2.6289927894794973016835314869208258,-25.567456821422082127247997647386555,10.098654790788425120848799774282927,11.403519894937884862169728814011025,False
"m003(-2,15)",AAAB,AAbb,,,3.2116646392501250150316052853129127,-17.137366891565294722692109062190030,-21.203413630334049587724273608644567,43.330780810261859328663029604328831,22.414884347771998769394984944788537,False
"m003(-2,15)",AAAB,ABAb,,,12.776789627526060396822579246784616,1.0985822071930883704888297558342912,-29.263261243698928802156969188484890,83.119159523474349657707385376393691,19.453513001121624364949781288479177,False
"m003(-2,15)",AAAB,ABBB,,,-2.4106367363980547894244874228256077,-6.3715622111713912258708929409250590,-21.203413630334049587724273608644567,43.330780810261859328663029604328831,8.3802070220561133557509836966765754,False
"m003(-2,15)",AAAB,ABaB,,,4.5541806756149839735886559326371098,-6.0587637846454823899526446324529422,11.364272902288253037424183029466176,-20.970748594777783253178082441216047,8.4068531577949954854744166143135197,False
"m003(-2,15)",AAAB,ABab,,,-7.6265892271993553334836200749282927,0.75204774413967272074361615665538048,-29.181365004065439366309346684751985,43.062888978493537806994370094024350,11.492767064084981022798762852141342,False
"m003(-2,15)",AAAB,Abbb,,,-26.108516473522445548212710570861430,10.740713733624620010247872742014589,207.30373728456594968377327319483609,-107.75417105093086713063424003000013,34.738030518006061943033490830535543,False
"m003(-2,15)",AAAb,AABB,,,0.84395507578873004497786147136935816,-6.5796235225808814850423175889180836,53.530957334471847588627934562752731,-6.5478355725933689922103363620062081,28.067141719093307058509291815948655,False
"m003(-2,15)",AAAb,AAbb,,,-20.868171010338678971445335808548263,-14.989114060607499935185226152485290,-1.9514733239311808043073970030836385,33.042649390973225735443049373712620,41.216278735945412873068845679337361,False
"m003(-2,15)",AAAb,ABAb,,,-2.6365117247662692664240948120887921,-20.847419461370693425981424114361995,4.4292546489391868552938367890666219,29.725315442469641150179246875717543,39.853568743831392754581964535816143,False
"m003(-2,15)",AAAb,ABBB,,,-13.688878715443560338954009571051471,9.3805977003502599454260312255981026,42.260806186616855503638694538902515,-285.82519413414916931540255515848071,22.954466261323831372293918892878451,False
"m003(-2,15)",AAAb,ABaB,,,-13.469038827529516031792199846560850,-10.331563750026874690135661582651156,20.455095781948908856275397048825411,157.87497391773608127741219610536674,21.691225180189581657816222849175734,False
"m003(-2,15)",AAAb,ABab,,,7.0464718351364473822753151887271811,15.565068651638291289693378389542389,51.411501283963053657441140854412679,59.228485086985741727536735994294835,33.936081296561235596483195807650280,False
"m003(-2,15)",AAAb,Abbb,,,6.5295673456326824099976781854256672,26.184075088257712002097023024831953,53.530957334471847588627934562752731,-6.5478355725933689922103363620062081,60.878692303470788301058282504371236,False
"m003(-2,15)",AABB,AAbb,,,-3.2248489649051139860497439518325579,6.2254491963244458472153820752177811,-21.253247000006310583136834702427658,89.437475873382195500367569287061286,33.760876306759848823267707572015485,False
"m003(-2,15)",AABB,ABAb,,,-0.45502872885761593307005204223456200,-4.5765297404199371924820853069612237,-34.808014550602581112795583125645284,-57.874792986325024847213562150333709,12.229455745317969421022053601650308,False
"m003(-2,15)",AABB,ABBB,,,-4.6441541292101075974889646803070807,0.77140458766634517552478559806388758,0.065211457851154315770112750324633432,-3.5068105770037930576349829543283604,7.3928460274028320603972249952331127,False
"m003(-2,15)",AABB,ABaB,,,-2.5071408867253740334045902575593664,-0.83867416452210146689946721190364736,-12.383751858367377155008573617945711,9.9573568834522981442496027336575921,10.051960686220605064558806005667632,False
"m003(-2,15)",AABB,ABab,,,-0.57235234457652834917470300788399979,2.6681364124816915907355157424247131,-16.722722537689789977710030906999667,-30.182683902738171144219086842355307,6.0841449876696012070617200188224313,False
"m003(-2,15)",AABB,Abbb,,,14.202230690890154873473187896830048,5.4901993994142373771595485508676361,-99.135179492737901655268881431868542,21.997030670768166145507710202023354,32.823740743698208915182406576683587,False
"m003(-2,15)",AAbb,ABAb,,,-20.090426153705521170679791494117411,14.409709755106183554936009043957704,23.681194955342055638710713394627550,19.437184023181007556959266645101333,40.547541967005386475400697754187276,False
"m003(-2,15)",AAbb,ABBB,,,17.310180544308076791014670505991537,2.0654367914949873670302487149049676,328.22660702774329025339717356986255,12.058917729400316118008911880091955,28.753175639940974933126517234385615,False
"m003(-2,15)",AAbb,ABaB,,,2.6550982738013048032539760283463446,18.850889476959977199367294746911359,-186.09334825092412099183425953105560,53.832274203910492116893048418935637,26.979659759173052795256186977760865,False
"m003(-2,15)",AAbb,ABab,,,11.198748747743603166950228882782497,-13.922697663562061047460875636002096,-37.819326022877897131757537247952839,55.358672965266038739924516078877045,33.258210838114690711902773279138545,False
"m003(-2,15)",AAbb,Abbb,,,22.672131994056048740082093399475748,-26.672386732366604342106030684565681,-50.868508501103893290684588318105062,0.032669169453332100450577300806967398,48.951355997990226096064298900600507,False
"m003(-2,15)",ABAb,ABBB,,,-3.9039138392535806500012258850891460,7.9043853487315084030452772353731659,-71.739744274312916277467763802498015,-26.805389600758816473186679934834735,19.283815106849190355556905052335110,False
"m003(-2,15)",ABAb,ABaB,,,-8.5503037183079181277597760839914178,2.4002445807133700690668562321202329,23.681194955342055638710713394627550,19.437184023181007556959266645101333,21.813236758739157808248990763839492,False
"m003(-2,15)",ABAb,ABab,,,17.848809314301714610190087556526652,1.4926578464765380384397014227133970,13.299061444437098721654070279141542,-17.463938017773990195543099486887687,8.0749729049789797013942233045839489,False
"m003(-2,15)",ABAb,Abbb,,,27.036781540634556397903267975046870,1.7602985028426759984433046651556935,-71.739744274312916277467763802498015,-26.805389600758816473186679934834735,21.828709706818821955754140205637495,False
"m003(-2,15)",ABBB,ABaB,,,0.49616504948796659513939039771605802,0.87985232195543107854675923371223707,0.040138946085534598947846000636601302,3.4011041897132420230194767916386353,2.6706081408822272936908414335768340,False
"m003(-2,15)",ABBB,ABab,,,2.6216660255585861931126963052786162,-2.5624327128310059004655867928335834,-18.376769666418681815719225945001698,-0.61955390474630048109299331425251924,11.840495108189659555115506029511986,False
"m003(-2,15)",ABBB,Abbb,,,-4.9572150010561540608229751775416674,-28.852211500739403592832538767256666,-727.06028469728920207222812857989426,428.77996681502959266341559834737185,38.575693823574758754058590960958556,False
"m003(-2,15)",ABaB,ABab,,,3.4670019406398394344567442569227651,-2.5624300251911405561200095797349880,-4.4058004846359873764235005418382925,10.225248715220619665918262243962072,14.179403062280952383924375731856860,False
"m003(-2,15)",ABaB,Abbb,,,23.468909852975323346761998578656959,-12.905560983313511757922145049265951,354.58480678431712230288327211539566,-311.26150508339848552030025891432829,40.613528377071140910493095897185424,False
"m003(-2,15)",ABab,Abbb,,,-21.700378211420993165444682694963556,6.7012784523247651456787415635972833,-100.53599034058025951575612704009602,-131.46453678893137443889731511268448,26.977864928937385817387113873337485,False
"m003(-3,5)",A,B,,,0.39603496879385575572709990078882109,-0.94226390627325199533601331236817344,0.58956574650825646905808707926453189,-3.0300510372727334771851505466898159,4.2129160438992172334842923294780137,False
"m003(-3,5)",A,AB,,,-2.6697928373642728128582840012731695,0.68383097374058368153768624626760642,0.58956574650825646905808707926453189,-3.0300510372727334771851505466898159,1.4314797848302429351608890935632338,False
"m003(-3,5)",A,Ab,,,-1.3205833190660339877657624917952582,2.2837121238397255199096388002054170,0.58956574650825646905808707926453189,-3.0300510372727334771851505466898159,3.3011409691425743435298937544524344,False
"m003(-3,5)",A,AAB,,,1.2328273642629453962535924095128814,3.0910317627547252268593086155534380,0.58956574650825646905808707926453189,-3.0300510372727334771851505466898159,8.5160051214740421887433783259199555,False
"m003(-3,5)",A,AAb,,,4.2062037821212174019055077110391907,0.62992416066017375393651065024648065,0.58956574650825646905808707926453189,-3.0300510372727334771851505466898159,7.2764609094429160413160776328463111,False
"m003(-3,5)",A,ABB,,,-1.3205833190660339877657624917952582,2.2837121238397255199096388002054170,-8.1927944909651716221917083000456053,-3.8104600884359114949830412968639320,1.4314797848302429351608890935632338,False
"m003(-3,5)",A,Abb,,,2.0263653554335670604167667609271171,4.0325509502314390960793040227176927,-8.1927944909651716221917083000456053,-3.8104600884359114949830412968639320,9.8755740224717308480276871753184005,False
"m003(-3,5)",A,AAAB,,,4.9903761564303068006240464930684277,-2.9675430975803092014473250464730235,0.58956574650825646905808707926453189,-3.0300510372727334771851505466898159,10.117840306921707011181018508196862,False
"m003(-3,5)",A,AAAb,,,0.29421796363246692734899573086814113,-6.3162630740711646159889428229231098,0.58956574650825646905808707926453189,-3.0300510372727334771851505466898159,18.548521285658534736907493283202377,False
"m003(-3,5)",A,AABB,,,2.1643593705802408401333455393482390,1.2676267103995332409177825061610754,-8.1927944909651716221917083000456053,-3.8104600884359114949830412968639320,7.2764609094429160413160776328463111,False
"m003(-3,5)",A,AAbb,,,5.4463004078871524074413083607476462,-4.8752000266820203701168211885766221,-8.1927944909651716221917083000456053,-3.8104600884359114949830412968639320,19.419623546305931293297644577843465,False
"m003(-3,5)",A,ABAb,,,4.2062037821212174019055077110391907,0.62992416066017375393651065024648065,-13.850363030885604215916720622791731,-4.6378364561467618130437209443473576,15.292746541354995439118821982512493,False
"m003(-3,5)",A,ABBB,,,2.0263653554335670604167667609271171,4.0325509502314390960793040227176927,-11.380068043331828398208669400450956,19.025787375231754679733841961212374,0.00000000000000000000000000000000000,True
"m003(-3,5)",A,ABaB,,,2.5942885587547359039891853613379163,-3.3630501957688802007553384996704698,1.3480270701732010698246646610079714,-9.3403649652322769110648093107842128,3.6437835658602010548980957327143656,False
"m003(-3,5)",A,ABab,,,-2.5773414490644162499248154007374882,1.5188436958212994775867846529387839,-13.850363030885604215916720622791731,-4.6378364561467618130437209443473576,9.2069131363302075501425993013882178,False
"m003(-3,5)",A,Abbb,,,7.4617769184073941034840328875148790,3.0641211750029035377075295503795332,-11.380068043331828398208669400450956,19.025787375231754679733841961212374,23.735975033685755384136055752863897,False
"m003(-3,5)",B,AB,,,0.39603496879385575572709990078882109,-0.94226390627325199533601331236817344,0.58956574650825646905808707926453189,-3.0300510372727334771851505466898159,3.4169846926545484378668859713247241,False
"m003(-3,5)",B,Ab,,,-0.37908785910353610166272994018839299,-0.90194259367432872783254053436351246,0.58956574650825646905808707926453189,-3.0300510372727334771851505466898159,3.2994575105081347077174316457197477,False
"m003(-3,5)",B,AAB,,,-1.3205833190660339877657624917952582,2.2837121238397255199096388002054170,5.0167415118638738610408132539955448,1.0650078526511298946319789762446693,4.5500003330656126438157124877057505,False
"m003(-3,5)",B,AAb,,,-2.6697928373642728128582840012731695,0.68383097374058368153768624626760642,5.0167415118638738610408132539955448,1.0650078526511298946319789762446693,6.8988567824189431540987634353593740,False
"m003(-3,5)",B,ABB,,,-0.37908785910353610166272994018839299,-0.90194259367432872783254053436351246,0.58956574650825646905808707926453189,-3.0300510372727334771851505466898159,3.4169846926545484378668859713247241,False
"m003(-3,5)",B,Abb,,,-1.6458094427471208060450622709021306,-0.30456135653389250835474145645357866,0.58956574650825646905808707926453189,-3.0300510372727334771851505466898159,5.9002606077393146798666577881686422,False
"m003(-3,5)",B,AAAB,,,2.1643593705802408401333455393482390,1.2676267103995332409177825061610754,-8.1927944909651716221917083000456053,-3.8104600884359114949830412968639320,14.329748675338221495771575361118213,False
"m003(-3,5)",B,AAAb,,,2.0079501921603372536434222504900955,3.0507104501558019593558358375487770,-8.1927944909651716221917083000456053,-3.8104600884359114949830412968639320,16.785224037393000176067257081353723,False
"m003(-3,5)",B,AABB,,,2.0263653554335670604167667609271171,4.0325509502314390960793040227176927,5.0167415118638738610408132539955448,1.0650078526511298946319789762446693,6.8988567824189431540987634353593740,False
"m003(-3,5)",B,AAbb,,,-1.3205833190660339877657624917952582,2.2837121238397255199096388002054170,5.0167415118638738610408132539955448,1.0650078526511298946319789762446693,23.590253577439552972271868562328355,False
"m003(-3,5)",B,ABAb,,,-2.6697928373642728128582840012731695,0.68383097374058368153768624626760642,0.76960722543518479825771385198488702,3.2676825222130130537564498754510596,16.156759055602256208694412919441207,False
"m003(-3,5)",B,ABBB,,,-1.6458094427471208060450622709021306,-0.30456135653389250835474145645357866,0.58956574650825646905808707926453189,-3.0300510372727334771851505466898159,4.2129160438992172334842923294780137,False
"m003(-3,5)",B,ABaB,,,1.7310175725577775187076754125307263,0.74633891343300795727551174648439888,-0.64082702805655873268419906875058109,0.23763148494027957657129932876124368,4.8690136087922782958118294775566666,False
"m003(-3,5)",B,ABab,,,1.6697928373642728128582840012731695,-0.68383097374058368153768624626760642,-0.64082702805655873268419906875058109,0.23763148494027957657129932876124368,11.228450777740486051491999506210500,False
"m003(-3,5)",B,Abbb,,,-2.5773414490644162499248154007374882,1.5188436958212994775867846529387839,0.58956574650825646905808707926453189,-3.0300510372727334771851505466898159,24.406050859390510110457726986932621,False
"m003(-3,5)",AB,Ab,,,-1.2593585838725292819163710805377014,3.7138820110133171587228367929574223,-8.1927944909651716221917083000456053,-3.8104600884359114949830412968639320,3.7763080740890013494746204976503633,False
"m003(-3,5)",AB,AAB,,,-0.033894219380639308128739921200856200,3.6884129998951614463371076934633718,0.58956574650825646905808707926453189,-3.0300510372727334771851505466898159,7.9415910324816044041883323415856462,False
"m003(-3,5)",AB,AAb,,,4.2062037821212174019055077110391907,0.62992416066017375393651065024648065,5.5951613566018901326077640630186292,-11.543039634794160070189280209990603,5.9535169586495837791938607623841511,False
"m003(-3,5)",AB,ABB,,,-2.4008104099220503315659594138038958,-0.062507939692424275737825500216792455,0.58956574650825646905808707926453189,-3.0300510372727334771851505466898159,0.00000000000000000000000000000000000,True
"m003(-3,5)",AB,Abb,,,3.1065924462895834042169636829357547,6.3787710137635888917267683231399022,-11.380068043331828398208669400450956,19.025787375231754679733841961212374,8.7085583936188338583891137541472436,False
"m003(-3,5)",AB,AAAB,,,6.0706032472863231444242434150770653,-0.62132303404815940579986074605081397,5.0167415118638738610408132539955448,1.0650078526511298946319789762446693,11.106838518542859524818820662169125,False
"m003(-3,5)",AB,AAAb,,,0.23299322843896222149960431961058436,-7.7464329612447562548021408156751151,-17.145686768941382628417651525765548,19.310386176719706556567930187282927,19.013102346991120628012985203173513,False
"m003(-3,5)",AB,AABB,,,1.2328273642629453962535924095128814,3.0910317627547252268593086155534380,-9.6032287444569151531336212207810734,-6.8405111257086449721681918435537480,5.9535169586495837791938607623841511,False
"m003(-3,5)",AB,AAbb,,,6.2214232357845442648311382017248603,-4.9155213392809436376202939665812831,-27.439733560139752171962083705111464,-21.000972647283104406579706080980089,20.556133212206675597525436324564143,False
"m003(-3,5)",AB,ABAb,,,4.6465163764182582094176290624851405,2.9620366415080941205822491773619984,-8.1927944909651716221917083000456053,-3.8104600884359114949830412968639320,14.345462080880671363874885529116921,False
"m003(-3,5)",AB,ABBB,,,-1.3205833190660339877657624917952582,2.2837121238397255199096388002054170,-8.1927944909651716221917083000456053,-3.8104600884359114949830412968639320,1.4314797848302429351608890935632338,False
"m003(-3,5)",AB,ABaB,,,3.0346011530517767115013067127838661,-1.0309377149209598341095999725549520,5.0167415118638738610408132539955448,1.0650078526511298946319789762446693,4.5980122330361532405089408756043111,False
"m003(-3,5)",AB,ABab,,,-3.0176540433614570574369367521834380,-0.81326878502662088905895387417673385,-9.6032287444569151531336212207810734,-6.8405111257086449721681918435537480,8.5814471204618822809451796228248779,False
"m003(-3,5)",AB,Abbb,,,10.808725592906995151666562140237254,4.8129600013946171138771947728918089,48.531920655734539236620134574095091,34.405931686844257879663622381381109,22.774098764690292144537644141519607,False
"m003(-3,5)",Ab,AAB,,,4.2062037821212174019055077110391907,0.62992416066017375393651065024648065,5.0167415118638738610408132539955448,1.0650078526511298946319789762446693,6.1655821450575199889718874383757009,False
"m003(-3,5)",Ab,AAb,,,3.2480468179262722591792229001985510,-2.4544137371863921646974960012743258,0.58956574650825646905808707926453189,-3.0300510372727334771851505466898159,9.3024230720088774504491876129197729,False
"m003(-3,5)",Ab,ABB,,,1.7573829279913445791244421734578434,4.7788898636644470533548157692020916,-11.380068043331828398208669400450956,19.025787375231754679733841961212374,3.7763080740890013494746204976503633,False
"m003(-3,5)",Ab,Abb,,,3.0346011530517767115013067127838661,-1.0309377149209598341095999725549520,0.58956574650825646905808707926453189,-3.0300510372727334771851505466898159,8.9975626371938075636304902112796297,False
"m003(-3,5)",Ab,AAAB,,,0.23299322843896222149960431961058436,-7.7464329612447562548021408156751151,-24.801618845515720438875006504580776,-2.1379826166231298741471034771168928,12.539704003115621884944490015111031,False
"m003(-3,5)",Ab,AAAb,,,-4.0609665084853437719180734737109831,-3.0016132353104792619697040501627407,5.0167415118638738610408132539955448,1.0650078526511298946319789762446693,15.295315144309480827258788470595096,False
"m003(-3,5)",Ab,AABB,,,3.2480468179262722591792229001985510,-2.4544137371863921646974960012743258,0.58956574650825646905808707926453189,-3.0300510372727334771851505466898159,9.3024230720088774504491876129197729,False
"m003(-3,5)",Ab,AAbb,,,-0.46104260598654523660166633211178917,-6.9494016572000151918682556048817998,-10.181648589194931424700572029804158,5.7675363617366449926530673426815245,21.295908298144507167778292324091224,False
"m003(-3,5)",Ab,ABAb,,,2.8077342236292314516671015487526012,-4.7865262180343125313432345283898435,-8.1927944909651716221917083000456053,-3.8104600884359114949830412968639320,18.082560370490461214438682405883030,False
"m003(-3,5)",Ab,ABBB,,,7.4617769184073941034840328875148790,3.0641211750029035377075295503795332,48.531920655734539236620134574095091,34.405931686844257879663622381381109,3.3011409691425743435298937544524344,False
"m003(-3,5)",Ab,ABaB,,,-1.0024345896981301945113062614977684,-6.3587142849677382806157584910044976,-27.838111925950840114329407741414194,-2.0951916003520679108168464726039411,1.5911744728101354717801287771393842,False
"m003(-3,5)",Ab,ABab,,,-0.24733988425513485580665610861554108,5.1118890221605937769250037221827455,-10.181648589194931424700572029804158,5.7675363617366449926530673426815245,12.329877787459761980880536934003336,False
"m003(-3,5)",Ab,Abbb,,,3.7462370262211043816333059032163958,-4.7991065865081094342812928703433649,-8.1927944909651716221917083000456053,-3.8104600884359114949830412968639320,26.492348694151658971547353987874096,False
"m003(-3,5)",AAB,AAb,,,1.6434274819307057524415172403460525,-4.7163819239720227776169902689852992,11.432771375449251055532403158485110,-4.4179297075975632211870001403663020,10.407424616988228254158952214384587,False
"m003(-3,5)",AAB,ABB,,,1.2328273642629453962535924095128814,3.0910317627547252268593086155534380,5.0167415118638738610408132539955448,1.0650078526511298946319789762446693,7.9415910324816044041883323415856462,False
"m003(-3,5)",AAB,Abb,,,6.2214232357845442648311382017248603,-4.9155213392809436376202939665812831,15.787955847567061754799472363064234,-7.7325795463582485752062389131266711,4.7808528256822427989745745087328139,False
"m003(-3,5)",AAB,AAAB,,,-5.0260490678999873883676302591628230,-6.5074263296357316993003864248997780,0.58956574650825646905808707926453189,-3.0300510372727334771851505466898159,18.520595806748874055023498983167363,False
"m003(-3,5)",AAB,AAAb,,,-9.0831129331042908130654229215394442,-0.32427827995525482076230995215741946,-1.9472966678825773426762662419658458,14.607857667634191458546841820846072,13.900337482183490846745978970651263,False
"m003(-3,5)",AAB,AABB,,,0.29421796363246692734899573086814113,-6.3162630740711646159889428229231098,5.0167415118638738610408132539955448,1.0650078526511298946319789762446693,10.407424616988228254158952214384587,False
"m003(-3,5)",AAB,AAbb,,,-5.4714007619770873028599863944464513,-6.0316642725832127391548545968525566,-2.0485489681157752640289901212661566,-21.893041067932708009617753150553012,27.455254365513797423345046740181830,False
"m003(-3,5)",AAB,ABAb,,,3.5799419029385632696821335723329596,-5.9975941348530426786324755931628394,30.986345948625867040540857646863937,-12.435108055443763673227327279563526,19.710151370231190983389496302839651,False
"m003(-3,5)",AAB,ABBB,,,4.2062037821212174019055077110391907,0.62992416066017375393651065024648065,15.787955847567061754799472363064234,-7.7325795463582485752062389131266711,8.5160051214740421887433783259199555,False
"m003(-3,5)",AAB,ABaB,,,-3.8112446634137938625078723345393639,-3.0925589769651577529229760469066084,-4.9960115001743694319512682733297054,3.5522813237009649305905381015216128,7.5294706917937282466023810548878015,False
"m003(-3,5)",AAB,ABab,,,-1.2593585838725292819163710805377014,3.7138820110133171587228367929574223,15.787955847567061754799472363064234,-7.7325795463582485752062389131266711,15.493989603893265247838691952056963,False
"m003(-3,5)",AAB,Abbb,,,2.8208984313203663307062964892876180,-13.092228394281568802902859299619497,-5.2773052793344956825036189253503713,-39.246350971351681068515657292018347,27.624645429318791343569405574706345,False
"m003(-3,5)",AAb,ABB,,,3.2480468179262722591792229001985510,-2.4544137371863921646974960012743258,-12.241343459080946886220698421311762,-25.703501156368619504600794447416944,5.9535169586495837791938607623841511,False
"m003(-3,5)",AAb,Abb,,,-0.46104260598654523660166633211178917,-6.9494016572000151918682556048817998,5.5951613566018901326077640630186292,-11.543039634794160070189280209990603,8.0114548853458911081280353408160980,False
"m003(-3,5)",AAb,AAAB,,,-9.0831129331042908130654229215394442,-0.32427827995525482076230995215741946,-9.6032287444569151531336212207810734,-6.8405111257086449721681918435537480,14.395469633442382892996990554805088,False
"m003(-3,5)",AAb,AAAb,,,-6.6141201349574083228203343389375595,9.6758338274005623304617814902731574,0.58956574650825646905808707926453189,-3.0300510372727334771851505466898159,23.656833415982073277823410568869413,False
"m003(-3,5)",AAb,AABB,,,-0.77524256917924742958493563224616467,-2.6829442960923573246132368204024703,-2.0485489681157752640289901212661566,-21.893041067932708009617753150553012,0.00000000000000000000000000000000000,True
"m003(-3,5)",AAb,AAbb,,,-13.554962619128099533299868043453650,-0.013853414886507679595901902548443994,5.0167415118638738610408132539955448,1.0650078526511298946319789762446693,24.000601440890817098133436417894750,False
"m003(-3,5)",AAb,ABAb,,,-8.4881422738409611639007996484419960,-7.0966721252343426337868335730972259,1.3480270701732010698246646610079714,-9.3403649652322769110648093107842128,9.3460651512816329698715853267391455,False
"m003(-3,5)",AAb,ABBB,,,-0.46104260598654523660166633211178917,-6.9494016572000151918682556048817998,-55.303442639509003204287079937702587,19.003321981560148737067416324618298,7.2764609094429160413160776328463111,False
"m003(-3,5)",AAb,ABaB,,,-7.0249773094820835121253532058522938,3.9984808125012690355569250190279755,14.163818872343907843062549218832518,-22.823921262991591021184648786881032,10.448190238172310319206854613638925,False
"m003(-3,5)",AAb,ABab,,,7.4617769184073941034840328875148790,3.0641211750029035377075295503795332,2.5464465243100980433327620316547696,-22.598615978727386598145583929315062,5.8990918194971161257526329139970890,False
"m003(-3,5)",AAb,Abbb,,,-8.7701085612798764086067239369630136,-8.8343721597859252837844904193358345,-12.241343459080946886220698421311762,-25.703501156368619504600794447416944,17.511736922890090290995991921826290,False
"m003(-3,5)",ABB,Abb,,,7.5230016536008988093334242987724357,4.4942910621764951765207275431315385,48.531920655734539236620134574095091,34.405931686844257879663622381381109,8.7085583936188338583891137541472436,False
"m003(-3,5)",ABB,AAAB,,,4.7213937289880843193317219055991540,-2.2212041841473012441718132999886246,-9.6032287444569151531336212207810734,-6.8405111257086449721681918435537480,11.106838518542859524818820662169125,False
"m003(-3,5)",ABB,AAAb,,,-5.2024183345348648215676618069771775,-6.7780031860162206964303663433369555,32.614990198011877026677111852413758,71.069627766982937495129456710129371,19.013102346991120628012985203173513,False
"m003(-3,5)",ABB,AABB,,,2.0079501921603372536434222504900955,3.0507104501558019593558358375487770,-8.1927944909651716221917083000456053,-3.8104600884359114949830412968639320,5.9535169586495837791938607623841511,False
"m003(-3,5)",ABB,AAbb,,,1.5808018055544313251704958395791625,-7.5871042069393746788495274607963946,-74.857017212685619189295534426081414,27.020500329406349189107743463815522,20.556133212206675597525436324564143,False
"m003(-3,5)",ABB,ABAb,,,5.5780483827355536532973821923204981,1.1386315891529021346407230679696358,1.1679855912462727406250378882876163,-15.638098524718023442006409732925088,14.345462080880671363874885529116921,False
"m003(-3,5)",ABB,ABBB,,,-2.6697928373642728128582840012731695,0.68383097374058368153768624626760642,0.58956574650825646905808707926453189,-3.0300510372727334771851505466898159,1.4314797848302429351608890935632338,False
"m003(-3,5)",ABB,ABaB,,,1.7678795694081920071189743820701285,-0.43355647778052361463180089464501825,0.76960722543518479825771385198488702,3.2676825222130130537564498754510596,4.5980122330361532405089408756043111,False
"m003(-3,5)",ABB,ABab,,,-3.0176540433614570574369367521834380,-0.81326878502662088905895387417673385,-9.6032287444569151531336212207810734,-6.8405111257086449721681918435537480,8.5814471204618822809451796228248779,False
"m003(-3,5)",ABB,Abbb,,,13.877806781992771297975622792004444,-2.4188163852457895781114495662314381,106.04980042792867479347135812592166,-120.32143302109857792439025624708566,22.774098764690292144537644141519607,False
"m003(-3,5)",Abb,AAAB,,,-9.8985765273327046948427125691774641,-10.126723162507076110971984119787042,-26.477205844157435762597330804950348,60.229214619884169245919525299048313,19.792611527036367494672136658936514,False
"m003(-3,5)",Abb,AAAb,,,-9.1277868537724821413171418687226372,4.0812054750373556922212276203860412,-1.9472966678825773426762662419658458,14.607857667634191458546841820846072,18.447302574400445534994132593179941,False
"m003(-3,5)",Abb,AABB,,,1.5808018055544313251704958395791625,-7.5871042069393746788495274607963946,3.7768392988749132450750481796698826,-25.866298500940399651902033804766122,8.0114548853458911081280353408160980,False
"m003(-3,5)",Abb,AAbb,,,-10.968362151240756556868809397512109,-6.4135858702902970783651652320335382,-8.1927944909651716221917083000456053,-3.8104600884359114949830412968639320,29.261620574855947045379992509848523,False
"m003(-3,5)",Abb,ABAb,,,-2.7910441707958266307198256242337363,-10.542446983539309491206474674125761,1.1679855912462727406250378882876163,-15.638098524718023442006409732925088,16.612886609203200099924995156148967,False
"m003(-3,5)",Abb,ABBB,,,12.528597263694532472883101282526533,-4.0186975353449314164834021201692488,106.04980042792867479347135812592166,-120.32143302109857792439025624708566,9.8755740224717308480276871753184005,False
"m003(-3,5)",Abb,ABaB,,,-8.6164324377865151398238639251697755,-6.5691895505316178489221940199126518,-16.980096541662625019722476973980674,77.285602415573330629609608127171587,10.584285675455867037623833630143255,False
"m003(-3,5)",Abb,ABab,,,5.6600031296185627882363185842438943,7.1860906526785885986764381384879232,19.004490406929109759453500372618007,-1.4776370031435640075948954954987472,13.840161592448470912812619889020799,False
"m003(-3,5)",Abb,Abbb,,,-4.4881148950912497003909998846219161,-13.639427892405655900175067348507912,0.58956574650825646905808707926453189,-3.0300510372727334771851505466898159,23.971969697803897086336917284811432,False
"m003(-3,5)",AAAB,AAAb,,,2.9178242144720910935946195830406087,16.061809357667694513866634212733089,-30.355222771770428111650173079806698,14.434918235632665166952909914174326,25.436187943694800689990069228739464,False
"m003(-3,5)",AAAB,AABB,,,-7.0412685215633142512932607498484925,-0.96198082969461430774358180807201424,-24.801618845515720438875006504580776,-2.1379826166231298741471034771168928,14.395469633442382892996990554805088,False
"m003(-3,5)",AAAB,AAbb,,,-9.5874965528156803284722496404638688,12.136941429495113803384579455580115,-36.771252635355805306141762984296264,19.917855795881358282771889030785297,9.6459012850258368709347528455980773,False
"m003(-3,5)",AAAB,ABAb,,,-11.413114497913572207183582213661391,-3.9173236062945491201005290214013811,-58.753639437234133466400600991337002,44.460967679435681475649440663964430,17.480859991515205994813741155515021,False
"m003(-3,5)",AAAB,ABBB,,,0.29421796363246692734899573086814113,-6.3162630740711646159889428229231098,-36.771252635355805306141762984296264,19.917855795881358282771889030785297,10.117840306921707011181018508196862,False
"m003(-3,5)",AAAB,ABaB,,,-4.3791152378532475651725297040084729,5.6408131734969845385556932410471739,14.377521594075318223857559442328766,-10.762630583630982052391389459816487,11.622479860267740255522501350205076,False
"m003(-3,5)",AAAB,ABab,,,6.8447699663791383576797145230342357,0.54125035201246591516292399005970205,-42.428821175276237899866775307042390,19.090479428170507964711209383301871,11.222724687097929407701260399054715,False
"m003(-3,5)",AAAB,Abbb,,,-23.686532374899766449642184932241699,-2.3941436161488275357657452066603707,140.80553796537323016685139556879056,83.157587633506361283706423994131813,24.868911166057057319485737864015374,False
"m003(-3,5)",AAAb,AABB,,,-5.3740235091914733172845336892291041,4.1707096400583682064084496514500546,22.320943406813507483132679673067841,30.758268942980126531981820441866355,23.656833415982073277823410568869413,False
"m003(-3,5)",AAAb,AAbb,,,5.5870693805462936303020674680874307,19.180451460445584635686255337860134,-17.145686768941382628417651525765548,19.310386176719706556567930187282927,31.453198325687525367366610801476453,False
"m003(-3,5)",AAAb,ABAb,,,-5.9907734043628142299717580176281841,15.132605518693971883244999446914143,-11.380068043331828398208669400450956,19.025787375231754679733841961212374,32.940957081642916834256201863690914,False
"m003(-3,5)",AAAb,ABBB,,,-13.554962619128099533299868043453650,-0.013853414886507679595901902548443994,184.50589323493363666635779359386566,-48.316721265565548540576621580284446,18.548521285658534736907493283202377,False
"m003(-3,5)",AAAb,ABaB,,,7.2719183529850442861526409339451687,11.179065009107642553368287288404874,-56.600402840910876400055668184607302,63.572537040058603219333421473164977,15.102057010304831055558846087288537,False
"m003(-3,5)",AAAb,ABab,,,0.18233224706244537493208967729257300,-13.003554585633860964129272639432719,-2.4964555056252023856061501418405080,56.307095161961832165696327682785574,27.594119817674270861915139689844559,False
"m003(-3,5)",AAAb,Abbb,,,-8.3896918869015215975846229073825282,16.058244277651445478286516914739350,22.320943406813507483132679673067841,30.758268942980126531981820441866355,41.163417145525170135929853381594971,False
"m003(-3,5)",AABB,AAbb,,,-4.7726023816546714420500726641435129,0.76655563627667033820198884762567212,-52.694588931880362699837069646320320,8.7751220053377725271717922527772646,24.000601440890817098133436417894750,False
"m003(-3,5)",AABB,ABAb,,,1.6434274819307057524415172403460525,-4.7163819239720227776169902689852992,10.679546145389254204004343940192771,-50.259193408396739600416404422549599,9.3460651512816329698715853267391455,False
"m003(-3,5)",AABB,ABBB,,,4.2062037821212174019055077110391907,0.62992416066017375393651065024648065,0.58956574650825646905808707926453189,-3.0300510372727334771851505466898159,7.2764609094429160413160776328463111,False
"m003(-3,5)",AABB,ABaB,,,-2.7310175725577775187076754125307263,-0.74633891343300795727551174648439888,-9.2431457866030584947343676753403631,5.7549559932628480897150090007280031,10.448190238172310319206854613638925,False
"m003(-3,5)",AABB,ABab,,,-1.3205833190660339877657624917952582,2.2837121238397255199096388002054170,2.5464465243100980433327620316547696,-22.598615978727386598145583929315062,5.8990918194971161257526329139970890,False
"m003(-3,5)",AABB,Abbb,,,-5.7967321434216044029548086354367043,-11.295479761880476756707288384642792,-56.135149400191454389753755794876165,-41.246442812552902851831814224934857,17.511736922890090290995991921826290,False
"m003(-3,5)",AAbb,ABAb,,,-19.259356609544149057659458757510686,1.7009152737750358360513843162741145,8.2454978230825942795154420580797595,18.418317756070102953529883117710004,25.697113315992422421403346372362370,False
"m003(-3,5)",AAbb,ABBB,,,-8.7701085612798764086067239369630136,-8.8343721597859252837844904193358345,38.855951723567670128622139663148827,167.89332163842672561461012780576963,19.419623546305931293297644577843465,False
"m003(-3,5)",AAbb,ABaB,,,-3.2482126821022890844252348102962539,13.291878461185873646358945432502879,-63.336477401121461704612369748178778,-46.456351488769756941783072416703966,20.057802163671587115672120402397836,False
"m003(-3,5)",AAbb,ABab,,,12.797579691136754954175425869995807,-4.7650364487779393737589138666536476,-35.648308118027913224017615315484643,2.8753760998858196062988633401920912,20.190779999898885725417496955620746,False
"m003(-3,5)",AAbb,Abbb,,,-22.239658622622119537034646033648195,3.7405476793909007902775065583648409,-27.439733560139752171962083705111464,-21.000972647283104406579706080980089,31.900731647065177840330568909357234,False
"m003(-3,5)",ABAb,ABBB,,,5.4463004078871524074413083607476462,-4.8752000266820203701168211885766221,-28.499594294201784458728222006716771,-41.634545441388887422172118439850005,15.292746541354995439118821982512493,False
"m003(-3,5)",ABAb,ABaB,,,-6.9781518589864665814907748145413840,1.4563357561288752018489591527219914,8.2454978230825942795154420580797595,18.418317756070102953529883117710004,18.895307895667582379723953698154763,False
"m003(-3,5)",ABAb,ABab,,,13.180570193521331403058436621518562,5.3216674298873454945814071906149641,15.787955847567061754799472363064234,-7.7325795463582485752062389131266711,6.6935577456078361779824309380878209,False
"m003(-3,5)",ABAb,Abbb,,,-14.677451575153574052649698629822449,-10.908573790303920105535924835641012,-28.499594294201784458728222006716771,-41.634545441388887422172118439850005,8.4432358972355192027921920187189977,False
"m003(-3,5)",ABBB,ABaB,,,-0.37908785910353610166272994018839299,-0.90194259367432872783254053436351246,0.76960722543518479825771385198488702,3.2676825222130130537564498754510596,3.6437835658602010548980957327143656,False
"m003(-3,5)",ABBB,ABab,,,-2.5773414490644162499248154007374882,1.5188436958212994775867846529387839,-13.850363030885604215916720622791731,-4.6378364561467618130437209443473576,9.2069131363302075501425993013882178,False
"m003(-3,5)",ABBB,Abbb,,,10.710275205967555585350385399177786,-18.341956401491170998196155714944767,-288.77567414142652327335839274596625,-316.65886883443958317330094342494826,23.735975033685755384136055752863897,False
"m003(-3,5)",ABaB,ABab,,,2.9614103471225927204499615605458393,-2.5213436087800050964809381289666607,-3.5855772466826259010093553525942373,6.5823323609736984077756886482114287,12.844676954981925474977124525912705,False
"m003(-3,5)",ABaB,Abbb,,,-17.877437865577476485018725059298460,1.2817120103033199695343939296149727,196.96982275901935690333443295276048,70.692006092478401979389726300411711,27.335209852335516308348848360020754,False
"m003(-3,5)",ABab,Abbb,,,14.612443937960884571775132198499481,3.0169082268306529183316559183910390,8.1464750226408946648465696051844880,-80.858431019068962548021350095274276,14.940138674365907614004747606811413,False
"m003(-4,7)",A,B,,,-0.44299975682804268590882473899350962,0.90740968079264153270031580354433588,0.34517851418750085525256428022955350,-3.2834640818373046466577145489412272,4.1489793855271601805980187787091707,False
"m003(-4,7)",A,AB,,,-2.6032152035373282584016891421221302,0.77328968079189920894483548142113483,0.34517851418750085525256428022955350,-3.2834640818373046466577145489412272,1.5774357132587081165346950387577151,False
"m003(-4,7)",A,Ab,,,-0.97232205843399950264940839304839922,2.4794995459682005768878863261825755,0.34517851418750085525256428022955350,-3.2834640818373046466577145489412272,3.9114948102193006062228182705133775,False
"m003(-4,7)",A,AAB,,,-1.3761836992596581195749037774932459,-2.8881218253830362722686391558515394,0.34517851418750085525256428022955350,-3.2834640818373046466577145489412272,8.3083707374410732628660214878720236,False
"m003(-4,7)",A,AAb,,,-4.4567402397567644235283140517086100,0.028588106653777446113811410540084713,0.34517851418750085525256428022955350,-3.2834640818373046466577145489412272,7.2427823859447461029494182052399656,False
"m003(-4,7)",A,ABB,,,-0.97232205843399950264940839304839922,2.4794995459682005768878863261825755,-9.4051886193570092707474033179157274,-2.3729195139529401984292060988765435,1.5774357132587081165346950387577151,False
"m003(-4,7)",A,Abb,,,2.9617451091466386087045782434519968,3.9537683026615723286554849631835760,-9.4051886193570092707474033179157274,-2.3729195139529401984292060988765435,11.905647711926632201273933803841781,False
"m003(-4,7)",A,AAAB,,,4.5755372619713277610510975351705294,-3.2527892267600997858327218076037103,0.34517851418750085525256428022955350,-3.2834640818373046466577145489412272,9.2545876139912594599636061426564886,False
"m003(-4,7)",A,AAAb,,,-0.98942305071263910605516985040359758,-6.4332678486297729055433712893661515,0.34517851418750085525256428022955350,-3.2834640818373046466577145489412272,20.490740088486993577409733466305179,False
"m003(-4,7)",A,AABB,,,-2.1860236239385844791301103767547869,-0.69544956618063230681734880532154611,-9.4051886193570092707474033179157274,-2.3729195139529401984292060988765435,7.2427823859447461029494182052399656,False
"m003(-4,7)",A,AAbb,,,-4.8693570127125908475395264710951579,6.3628267250315195324562196249362087,-9.4051886193570092707474033179157274,-2.3729195139529401984292060988765435,23.495320938967648995502160692469683,False
"m003(-4,7)",A,ABAb,,,-4.4567402397567644235283140517086100,0.028588106653777446113811410540084713,-16.199270541176969666551984659337722,-2.9677415822147276052911137741245417,17.185696240874632250611935519247143,False
"m003(-4,7)",A,ABBB,,,2.9617451091466386087045782434519968,3.9537683026615723286554849631835760,-5.2228021991221203690170473549697950,25.061373449188100014156806047564828,0.00000000000000000000000000000000000,True
"m003(-4,7)",A,ABaB,,,-2.6460901865715000710502359546954123,3.8066403878763351454813025274717867,-1.2714484308538299489074945512833326,-11.967398765247727082609084350186226,3.1906072797305052715552811393667396,False
"m003(-4,7)",A,ABab,,,2.6375567836690636180445855352218544,-2.0093002512441721856821347628472883,-16.199270541176969666551984659337722,-2.9677415822147276052911137741245417,10.508131655644122667870877106731174,False
"m003(-4,7)",A,Abbb,,,8.7780450751105106233505592050968817,1.5689549780838361286593778761178918,-5.2228021991221203690170473549697950,25.061373449188100014156806047564828,30.032381970923698447409339597853276,False
"m003(-4,7)",B,AB,,,-0.44299975682804268590882473899350962,0.90740968079264153270031580354433588,0.34517851418750085525256428022955350,-3.2834640818373046466577145489412272,3.0926750539923952549045615519117173,False
"m003(-4,7)",B,Ab,,,0.43446635392560623290317431951995168,0.88993045583952142709885196108016260,0.34517851418750085525256428022955350,-3.2834640818373046466577145489412272,3.4208807500896496854410421740089106,False
"m003(-4,7)",B,AAB,,,-0.97232205843399950264940839304839922,2.4794995459682005768878863261825755,5.5372823711179663697556757786225262,0.70097907590147254282276315557986563,4.4817367717481143945230634924879530,False
"m003(-4,7)",B,AAb,,,-2.6032152035373282584016891421221302,0.77328968079189920894483548142113483,5.5372823711179663697556757786225262,0.70097907590147254282276315557986563,7.5474693591991983883480058489980123,False
"m003(-4,7)",B,ABB,,,0.43446635392560623290317431951995168,0.88993045583952142709885196108016260,0.34517851418750085525256428022955350,-3.2834640818373046466577145489412272,3.0926750539923952549045615519117173,False
"m003(-4,7)",B,Abb,,,1.8277168589901372584893789359603135,0.18337200795823177976915558768270506,0.34517851418750085525256428022955350,-3.2834640818373046466577145489412272,8.1748357676844322304424675173733593,False
"m003(-4,7)",B,AAAB,,,-2.1860236239385844791301103767547869,-0.69544956618063230681734880532154611,-9.4051886193570092707474033179157274,-2.3729195139529401984292060988765435,13.403296101182540502767158296786437,False
"m003(-4,7)",B,AAAb,,,-2.2536498100133070383869028360067072,-2.8706426004299161666671753133873661,-9.4051886193570092707474033179157274,-2.3729195139529401984292060988765435,18.027191321944587110727420147901382,False
"m003(-4,7)",B,AABB,,,2.9617451091466386087045782434519968,3.9537683026615723286554849631835760,5.5372823711179663697556757786225262,0.70097907590147254282276315557986563,7.5474693591991983883480058489980123,False
"m003(-4,7)",B,AAbb,,,-0.97232205843399950264940839304839922,2.4794995459682005768878863261825755,5.5372823711179663697556757786225262,0.70097907590147254282276315557986563,27.364315348459310853953342686298185,False
"m003(-4,7)",B,ABAb,,,-2.6032152035373282584016891421221302,0.77328968079189920894483548142113483,0.39802193511050511869853015697097830,3.3896210894769897826185700292730946,18.289465529192298799765634759908843,False
"m003(-4,7)",B,ABBB,,,1.8277168589901372584893789359603135,0.18337200795823177976915558768270506,0.34517851418750085525256428022955350,-3.2834640818373046466577145489412272,4.1489793855271601805980187787091707,False
"m003(-4,7)",B,ABaB,,,1.6271435442464986473968441128188457,0.80396453586910406976982822275865169,-1.2567995507019940260489055627994682,0.10615700763968513596085548033186743,5.0959129898641759577648656691720153,False
"m003(-4,7)",B,ABab,,,1.6032152035373282584016891421221302,-0.77328968079189920894483548142113483,-1.2567995507019940260489055627994682,0.10615700763968513596085548033186743,12.636101139111069273489093494878240,False
"m003(-4,7)",B,Abbb,,,2.6375567836690636180445855352218544,-2.0093002512441721856821347628472883,0.34517851418750085525256428022955350,-3.2834640818373046466577145489412272,31.622771972112138003413791335676053,False
"m003(-4,7)",AB,Ab,,,-0.94839371772482911365425342235168369,4.0567537626292038556025500303623620,-9.4051886193570092707474033179157274,-2.3729195139529401984292060988765435,4.2012323008848445138889474831622724,False
"m003(-4,7)",AB,AAB,,,0.017066805804872906011300838947115876,-3.5946802732643259195983355292489970,0.34517851418750085525256428022955350,-3.2834640818373046466577145489412272,7.5300890778135283021337073863649451,False
"m003(-4,7)",AB,AAb,,,-4.4567402397567644235283140517086100,0.028588106653777446113811410540084713,3.8678120051536313021496510703682153,-14.656040778823244322404891223879455,6.0890485021460780034003523820287811,False
"m003(-4,7)",AB,ABB,,,-2.2303587477838269057985332549409759,-0.030674855077204860824992741337516866,0.34517851418750085525256428022955350,-3.2834640818373046466577145489412272,0.00000000000000000000000000000000000,True
"m003(-4,7)",AB,Abb,,,4.2197817984964660118537031053445735,6.4639427037069777663683640307036683,-5.2228021991221203690170473549697950,25.061373449188100014156806047564828,10.417602570623201158846590233256275,False
"m003(-4,7)",AB,AAAB,,,5.8335739513211551642002223970631061,-0.74261482571469434811984274008361796,5.5372823711179663697556757786225262,0.70097907590147254282276315557986563,10.511536332974462344618668023627788,False
"m003(-4,7)",AB,AAAb,,,-1.0133513914218094950503248211003131,-8.0105220652907761842580349935459380,-11.435886961548664125261339174492550,26.672897092973937005208077653209377,20.496217634777205644709203190701194,False
"m003(-4,7)",AB,AABB,,,-1.3761836992596581195749037774932459,-2.8881218253830362722686391558515394,-11.060010105169508415494839037686174,-5.6563835957902448450869206478177707,6.0890485021460780034003523820287811,False
"m003(-4,7)",AB,AAbb,,,-5.7468231234662397663515255296086192,6.3803059499846396380576834674003819,-39.355808105756080931009132519565470,-14.075982223979106893870210724963542,25.013167386722750762565602338711213,False
"m003(-4,7)",AB,ABAb,,,-5.0887163094625079541401865314229546,-2.8410945789806500520500102238039556,-9.4051886193570092707474033179157274,-2.3729195139529401984292060988765435,16.444090821607168256475895872228151,False
"m003(-4,7)",AB,ABBB,,,-0.97232205843399950264940839304839922,2.4794995459682005768878863261825755,-9.4051886193570092707474033179157274,-2.3729195139529401984292060988765435,1.5774357132587081165346950387577151,False
"m003(-4,7)",AB,ABaB,,,-3.2780662562772436016621084344097570,0.93695770224190764731748089312774647,5.5372823711179663697556757786225262,0.70097907590147254282276315557986563,4.3135610998971540795346026904731581,False
"m003(-4,7)",AB,ABab,,,3.2695328533748071486564580149361991,0.86038243439025531248168687149675202,-11.060010105169508415494839037686174,-5.6563835957902448450869206478177707,10.140901565764931222803242835101188,False
"m003(-4,7)",AB,Abbb,,,12.712112242691148734704545841597278,3.0432237347772078804269765131188923,72.435122033543503753212120985832777,13.021278893729404448840601672834314,29.521887228796854858104119302853785,False
"m003(-4,7)",Ab,AAB,,,-4.4567402397567644235283140517086100,0.028588106653777446113811410540084713,5.5372823711179663697556757786225262,0.70097907590147254282276315557986563,5.5048538025312419415748309963667243,False
"m003(-4,7)",Ab,AAb,,,-2.6662665829691334623981152553932551,3.4635960179478259196752329010087578,0.34517851418750085525256428022955350,-3.2834640818373046466577145489412272,10.127833888938197998265320662528917,False
"m003(-4,7)",Ab,ABB,,,2.5888886533931372561014223562708425,4.7577328385306763984253131859422277,-5.2228021991221203690170473549697950,25.061373449188100014156806047564828,4.2012323008848445138889474831622724,False
"m003(-4,7)",Ab,Abb,,,3.5859412181800451088474477067039090,-2.4154881796549410608210998284032010,0.34517851418750085525256428022955350,-3.2834640818373046466577145489412272,11.276251462025620735213511837649275,False
"m003(-4,7)",Ab,AAAB,,,-1.0133513914218094950503248211003131,-8.0105220652907761842580349935459380,-25.987832215492648133139329145740563,3.3432735872427546322310499282439133,12.170788364125211011581117522668895,False
"m003(-4,7)",Ab,AAAb,,,-5.5476863273266837175520259501559058,-1.5382801230066312678343851347803750,5.5372823711179663697556757786225262,0.70097907590147254282276315557986563,16.580621641555364040187726122861587,False
"m003(-4,7)",Ab,AABB,,,-2.6662665829691334623981152553932551,3.4635960179478259196752329010087578,0.34517851418750085525256428022955350,-3.2834640818373046466577145489412272,10.127833888938197998265320662528917,False
"m003(-4,7)",Ab,AAbb,,,2.8605041763680959062529316443395353,7.5860981230818350081423466746186382,-9.3905397392051733478888143294318630,9.7006362589344720201407337316415497,24.918407106526049178580290363063712,False
"m003(-4,7)",Ab,ABAb,,,-2.0342905132633899317862427756789104,6.3332787035822534178390545353527981,-9.4051886193570092707474033179157274,-2.3729195139529401984292060988765435,20.636200609622192065789797254995007,False
"m003(-4,7)",Ab,ABBB,,,8.7780450751105106233505592050968817,1.5689549780838361286593778761178918,72.435122033543503753212120985832777,13.021278893729404448840601672834314,3.9114948102193006062228182705133775,False
"m003(-4,7)",Ab,ABaB,,,1.9794499696653318058332465370361899,7.2121002777211175044255589283570493,-37.633494318868741599957141934569735,7.9541228020599044006337282327101000,2.3434673055508979918726319263636985,False
"m003(-4,7)",Ab,ABab,,,-0.59473286750323723325269234006938602,-6.1213185889702441919560875371300083,-9.3905397392051733478888143294318630,9.7006362589344720201407337316415497,14.274342634645433906912975727592196,False
"m003(-4,7)",Ab,Abbb,,,2.5742397732413013332428333677869781,-7.3158229343567358201446266445758655,-9.4051886193570092707474033179157274,-2.3729195139529401984292060988765435,33.714282145522161956022304231525276,False
"m003(-4,7)",AAB,AAb,,,0.64147009439068964969711089867013339,-4.7270579834534715376003204446047108,10.714737347896595961400198288531634,-7.3881335392471624862666989704171347,11.409038907622401017938741731597988,False
"m003(-4,7)",AAB,ABB,,,-1.3761836992596581195749037774932459,-2.8881218253830362722686391558515394,5.5372823711179663697556757786225262,0.70097907590147254282276315557986563,7.5300890778135283021337073863649451,False
"m003(-4,7)",AAB,Abb,,,-5.7468231234662397663515255296086192,6.3803059499846396380576834674003819,15.273000624510640572897054388283943,-12.283121264870304123975685125002911,7.3369151640125266210967511396536814,False
"m003(-4,7)",AAB,AAAB,,,5.3813907792859434041887426707347884,5.5642835361540633186543113134802891,0.34517851418750085525256428022955350,-3.2834640818373046466577145489412272,17.401882453904045858175814832275402,False
"m003(-4,7)",AAB,AAAb,,,8.9421902788135986914101578235886207,-1.5114719800112086262207209592416390,3.4919351487744755923831509335618394,17.673239909940937527890107077147693,14.193163712468645560788164285470920,False
"m003(-4,7)",AAB,AABB,,,-0.98942305071263910605516985040359758,-6.4332678486297729055433712893661515,5.5372823711179663697556757786225262,0.70097907590147254282276315557986563,11.409038907622401017938741731597988,False
"m003(-4,7)",AAB,AAbb,,,-7.2025078131391828622994616699263523,-4.8217442048439359144920996837216022,-13.022797376075931942617239093595354,-20.702719893059166172758975202148683,30.386038795670437556838984140723324,False
"m003(-4,7)",AAB,ABAb,,,2.9207157761588286163036618154000829,-6.5362533085974044324904363565449375,30.200822734833780290541544496338332,-21.282778447903303601293655701064595,22.043984299039183220444124280979343,False
"m003(-4,7)",AAB,ABBB,,,-4.4567402397567644235283140517086100,0.028588106653777446113811410540084713,15.273000624510640572897054388283943,-12.283121264870304123975685125002911,8.3083707374410732628660214878720236,False
"m003(-4,7)",AAB,ABaB,,,-3.8851802335963260505459689747114224,-3.3141389369145095074827072902787441,-5.8150628273160386375457616625517764,5.0011447332628267736698416349176439,7.8468623739307418852263829902071355,False
"m003(-4,7)",AAB,ABab,,,-0.94839371772482911365425342235168369,4.0567537626292038556025500303623620,15.273000624510640572897054388283943,-12.283121264870304123975685125002911,16.932387290459885263634738837752540,False
"m003(-4,7)",AAB,Abbb,,,0.17717078759408953784351554999916434,14.644374414293986847415915104876393,-22.382638773089450435992117566450394,-40.047900241051571356255525222593054,35.484401713883914262866657615345538,False
"m003(-4,7)",AAb,ABB,,,-2.6662665829691334623981152553932551,3.4635960179478259196752329010087578,-24.427985995432941213364642411511081,-23.075639407012106371188181301025226,6.0890485021460780034003523820287811,False
"m003(-4,7)",AAb,Abb,,,2.8605041763680959062529316443395353,7.5860981230818350081423466746186382,3.8678120051536313021496510703682153,-14.656040778823244322404891223879455,9.9672305341087975167000059853073910,False
"m003(-4,7)",AAb,AAAB,,,8.9421902788135986914101578235886207,-1.5114719800112086262207209592416390,-11.060010105169508415494839037686174,-5.6563835957902448450869206478177707,12.831445045148544999364464581284808,False
"m003(-4,7)",AAb,AAAb,,,3.8280362924321957467703233432423781,-11.968212703522959801030242947247643,0.34517851418750085525256428022955350,-3.2834640818373046466577145489412272,25.476894053497776678477984840681666,False
"m003(-4,7)",AAb,AABB,,,-1.6375475004552159951931942843522253,-1.6412655829742627947814502019591610,-13.022797376075931942617239093595354,-20.702719893059166172758975202148683,0.00000000000000000000000000000000000,True
"m003(-4,7)",AAb,AAbb,,,-14.286352015932450067947379209384256,4.2725991995795279397176501314569732,5.5372823711179663697556757786225262,0.70097907590147254282276315557986563,28.290469210035012162208145873165997,False
"m003(-4,7)",AAb,ABAb,,,-10.739790184257149232055137448548879,-5.5227232807454084573148628393014678,-1.2714484308538299489074945512833326,-11.967398765247727082609084350186226,10.746466053304540674875682623347354,False
"m003(-4,7)",AAb,ABBB,,,2.8605041763680959062529316443395353,7.5860981230818350081423466746186382,-48.043841018604250672524075491907372,58.689392744076346809247829250722101,7.2427823859447461029494182052399656,False
"m003(-4,7)",AAb,ABaB,,,-7.1614784801513728698985452418744384,5.6682774064150408466538216360069113,6.7877131163921449902442136648158971,-39.829989001560097161302504948811731,10.354656448331452234250165752151844,False
"m003(-4,7)",AAb,ABab,,,8.7780450751105106233505592050968817,1.5689549780838361286593778761178918,-5.4391859709368829277792615257454006,-27.328135955501355076625156666109504,6.0277572319578442737366043544551381,False
"m003(-4,7)",AAb,Abbb,,,13.118521764358465780609104228473579,6.4865534670553826310511585037910759,-24.427985995432941213364642411511081,-23.075639407012106371188181301025226,24.125401272712073407473560747252530,False
"m003(-4,7)",ABB,Abb,,,8.8019734158196810123457141757935973,3.1462091947448394073740415802976783,72.435122033543503753212120985832777,13.021278893729404448840601672834314,10.417602570623201158846590233256275,False
"m003(-4,7)",ABB,AAAB,,,4.2026808062178264084479416479893751,-2.4488246908909957160628935848450586,-11.060010105169508415494839037686174,-5.6563835957902448450869206478177707,10.511536332974462344618668023627788,False
"m003(-4,7)",ABB,AAAb,,,-6.8296513573856815096963057827451980,-5.6257087407130399842619279064802539,68.359076469008358121325660284195268,59.039356334695746637545229346488063,20.496217634777205644709203190701194,False
"m003(-4,7)",ABB,AABB,,,-2.2536498100133070383869028360067072,-2.8706426004299161666671753133873661,-9.4051886193570092707474033179157274,-2.3729195139529401984292060988765435,6.0890485021460780034003523820287811,False
"m003(-4,7)",ABB,AAbb,,,0.58978756054991596185472796938571223,8.3101357959162447610735068904802690,-67.529926405541435001665421699714070,72.584037652732487924274785981369562,25.013167386722750762565602338711213,False
"m003(-4,7)",ABB,ABAb,,,-5.8985562341414343136953931306844956,-0.64842231977824608659871987327396225,-1.3242918517768342123534604280247574,-18.640483936562021511885368928400548,16.444090821607168256475895872228151,False
"m003(-4,7)",ABB,ABBB,,,-2.6032152035373282584016891421221302,0.77328968079189920894483548142113483,0.34517851418750085525256428022955350,-3.2834640818373046466577145489412272,1.5774357132587081165346950387577151,False
"m003(-4,7)",ABB,ABaB,,,-1.8848157512127125760759038179693952,0.23039925436061799998778451973028892,0.39802193511050511869853015697097830,3.3896210894769897826185700292730946,4.3135610998971540795346026904731581,False
"m003(-4,7)",ABB,ABab,,,3.2695328533748071486564580149361991,0.86038243439025531248168687149675202,-11.060010105169508415494839037686174,-5.6563835957902448450869206478177707,10.140901565764931222803242835101188,False
"m003(-4,7)",ABB,Abbb,,,13.955500051889140214995081715005990,-6.5201576370647989004300842498791085,36.249915140585962280520371135262080,-206.63255691158386544360472669478762,29.521887228796854858104119302853785,False
"m003(-4,7)",Abb,AAAB,,,-12.394611670069648376802573168319325,-8.8061873625827131039725773882426950,-3.6358917845948525516611474358669911,72.436990435221203192123858902922888,20.779364641108284265636836967715665,False
"m003(-4,7)",Abb,AAAb,,,-9.0942481590019845534442677109912831,8.2570423573183051291981278359780661,3.4919351487744755923831509335618394,17.673239909940937527890107077147693,19.850679308099128563545423626036109,False
"m003(-4,7)",Abb,AABB,,,0.58978756054991596185472796938571223,8.3101357959162447610735068904802690,-3.8372079060473880464777916827163789,-30.717757044978344859243726695382599,9.9672305341087975167000059853073910,False
"m003(-4,7)",Abb,AAbb,,,15.321612194101923165750515444175482,3.5873227599716890182701717798636250,-9.4051886193570092707474033179157274,-2.3729195139529401984292060988765435,35.397218676682344634766441330895166,False
"m003(-4,7)",Abb,ABAb,,,6.0927938275403967575502095196307758,11.698116460807907014416299448901358,-1.3242918517768342123534604280247574,-18.640483936562021511885368928400548,18.704108091600917237691102375170173,False
"m003(-4,7)",Abb,ABBB,,,12.324606906785811459242800965932259,-8.2263675022411002683731350946405492,36.249915140585962280520371135262080,-206.63255691158386544360472669478762,11.905647711926632201273933803841781,False
"m003(-4,7)",Abb,ABaB,,,11.396617194178593837992910310245885,6.2252201916159089090589317850453122,19.577066745546747919485414652960573,110.23079020317119295553861380491734,13.247476249232587475355682746047222,False
"m003(-4,7)",Abb,ABab,,,-8.3245940565839239870451504555040792,-7.3445899870205596676422145868124379,26.971506148809738303160833053854539,-10.220885308373159463102078851254776,15.933786934412531079468558336115836,False
"m003(-4,7)",Abb,Abbb,,,-10.308235114738347607029131895206724,-15.288426585363201327893999990082009,0.34517851418750085525256428022955350,-3.2834640818373046466577145489412272,31.872064504901161462711753234201263,False
"m003(-4,7)",AAAB,AAAb,,,6.2435371461269928547003780979782662,15.311765816102912675638021003450116,-26.378357952023639765764418271030803,23.598998503119524263956108398752968,27.558543122069571588458988621016759,False
"m003(-4,7)",AAAB,AABB,,,6.6714736629954187470119541486347975,-0.78743430717679887328956074338000815,-25.987832215492648133139329145740563,3.3432735872427546322310499282439133,12.831445045148544999364464581284808,False
"m003(-4,7)",AAAB,AAbb,,,6.9085928329293020507237336174577421,-14.884922635559773519412693513639267,-31.555812928802269357408940780939912,31.688111118268159293045570524749968,15.476446654126180380919463705349503,False
"m003(-4,7)",AAAB,ABAb,,,12.174479929985899542707435698879861,2.6005463577148633800532318150410811,-48.476138840545895588979989857313563,64.333114306654918184707169600593802,18.103421537667512360095562355483911,False
"m003(-4,7)",AAAB,ABBB,,,-0.98942305071263910605516985040359758,-6.4332678486297729055433712893661515,-31.555812928802269357408940780939912,31.688111118268159293045570524749968,9.2545876139912594599636061426564886,False
"m003(-4,7)",AAAB,ABaB,,,4.5394393406866491001317901921383655,-5.8343797788691161052682548118265742,13.618179138698141428149618668513496,-15.566585346707608770633399673944138,9.9909003255107688232178019706278546,False
"m003(-4,7)",AAAB,ABab,,,-7.2918067392059653392815977471248574,0.058136128103043560730976500123495295,-38.349894850622229753213522122361906,31.093289050006371886183662849501970,11.051170266169271267184762593618776,False
"m003(-4,7)",AAAB,Abbb,,,-25.667612294580288949699627556603268,3.4769339022875910200031077367602162,193.39630279777015715855871286168772,8.4762547587256626394290156140144988,28.285231775649664537419389683637006,False
"m003(-4,7)",AAAb,AABB,,,3.4154195194763693227591109238558302,-5.6339740851452177146878347328515194,40.439155324800941315577866939122347,18.290477017742702738466940968315143,25.476894053497776678477984840681666,False
"m003(-4,7)",AAAb,AAbb,,,-12.869759600929385538555095878426349,-18.443657288877685091569053882962808,-11.435886961548664125261339174492550,26.672897092973937005208077653209377,35.701134403816755427957309617158757,False
"m003(-4,7)",AAAb,ABAb,,,2.2830526766924701738402511257261399,-18.290382525404555878356949914524530,-5.2228021991221203690170473549697950,25.061373449188100014156806047564828,36.192478064137090092667415016375779,False
"m003(-4,7)",AAAb,ABBB,,,-14.286352015932450067947379209384256,4.2725991995795279397176501314569732,158.18420260409991576480519809790338,-169.66441740432151341121026340582039,20.490740088486993577409733466305179,False
"m003(-4,7)",AAAb,ABaB,,,-10.135244109769188339523228552517277,-11.122642268243117367009705703744140,-35.522594106851921519160021377236181,111.06483285673440638586214072777349,18.089782283024272811179152079424917,False
"m003(-4,7)",AAAb,ABab,,,3.0122372870432904535967992454154117,14.614826392844720732798750015292982,21.042297459272797291983310270332679,62.526788684303839266577379876796520,30.589940310282018554088552556060494,False
"m003(-4,7)",AAAb,Abbb,,,-2.6472649371507926079659498197992656,21.808584222428000228324084239961118,40.439155324800941315577866939122347,18.290477017742702738466940968315143,49.602229807937467481033932160888411,False
"m003(-4,7)",AABB,AAbb,,,-4.5359848823879399419474116112389749,3.3620546316951634914891416813922895,-50.556757072874804506648406746598993,46.612119635660023461889471483740050,28.290469210035012162208145873165997,False
"m003(-4,7)",AABB,ABAb,,,0.64147009439068964969711089867013339,-4.7270579834534715376003204446047108,-9.0714436078076415225076862899088913,-57.731492107494993269524865599899736,10.746466053304540674875682623347354,False
"m003(-4,7)",AABB,ABBB,,,-4.4567402397567644235283140517086100,0.028588106653777446113811410540084713,0.34517851418750085525256428022955350,-3.2834640818373046466577145489412272,7.2427823859447461029494182052399656,False
"m003(-4,7)",AABB,ABaB,,,-2.6271435442464986473968441128188457,-0.80396453586910406976982822275865169,-10.954323263323499888602907284203324,7.6897867468383440134656485086108729,10.354656448331452234250165752151844,False
"m003(-4,7)",AABB,ABab,,,-0.97232205843399950264940839304839922,2.4794995459682005768878863261825755,-5.4391859709368829277792615257454006,-27.328135955501355076625156666109504,6.0277572319578442737366043544551381,False
"m003(-4,7)",AABB,Abbb,,,10.037965223861359476655693954258215,9.4032633990921963494336090701827000,-81.495132138713012168706960023518951,-18.677662489519649293927522320652085,24.125401272712073407473560747252530,False
"m003(-4,7)",AAbb,ABAb,,,-20.475508437649823435196516058210295,7.4613770600263682094835854412813091,14.897123768131484863130554251477567,20.046159423893877726319313176024237,32.307632441804109882781170297021773,False
"m003(-4,7)",AAbb,ABBB,,,13.118521764358465780609104228473579,6.4865534670553826310511585037910759,178.07397461873431765688369575304991,151.74624292887474608070825239117673,23.495320938967648995502160692469683,False
"m003(-4,7)",AAbb,ABaB,,,-0.93374483757299319079566443386781927,16.130309535516616074172489860880455,-122.46191790019597186533402739235304,-22.317956983675075318682771250742478,22.612492922856446691064934042174345,False
"m003(-4,7)",AAbb,ABab,,,12.697463362539312811845956853113413,-9.0303320381102043381429633173992009,-42.170022375148586092211763360530303,24.444136341386334803579972156397378,25.966666412831207097819150315719239,False
"m003(-4,7)",AAbb,Abbb,,,24.477377107875051706628092880245299,-13.682892337094080062019795231705066,-39.355808105756080931009132519565470,-14.075982223979106893870210724963542,39.400091589524908455801661197569056,False
"m003(-4,7)",ABAb,ABBB,,,-4.8693570127125908475395264710951579,6.3628267250315195324562196249362087,-48.677454961998431083796634104162951,-38.821633173544629866660415997711685,17.185696240874632250611935519247143,False
"m003(-4,7)",ABAb,ABaB,,,-7.7664039802539598984539897344703936,1.8846774777064131700259786509345773,14.897123768131484863130554251477567,20.046159423893877726319313176024237,20.362691936405551798770511110173169,False
"m003(-4,7)",ABAb,ABab,,,15.596055337639641408150295517215592,3.7410312630066268142359492555456766,15.273000624510640572897054388283943,-12.283121264870304123975685125002911,7.3097581469351083784696200375781402,False
"m003(-4,7)",ABAb,Abbb,,,20.848382953439152534401562343908272,7.7098248651056981067372855534735054,-48.677454961998431083796634104162951,-38.821633173544629866660415997711685,13.452290314681028875029850969972913,False
"m003(-4,7)",ABBB,ABaB,,,0.43446635392560623290317431951995168,0.88993045583952142709885196108016260,0.39802193511050511869853015697097830,3.3896210894769897826185700292730946,3.1906072797305052715552811393667396,False
"m003(-4,7)",ABBB,ABab,,,2.6375567836690636180445855352218544,-2.0093002512441721856821347628472883,-16.199270541176969666551984659337722,-2.9677415822147276052911137741245417,10.508131655644122667870877106731174,False
"m003(-4,7)",ABBB,Abbb,,,4.6195869955847921106153582128476648,-24.288083768396200805211970566143693,-585.03806319959067641829631743636332,-98.791692262104215422489010820393019,30.032381970923698447409339597853276,False
"m003(-4,7)",ABaB,ABab,,,3.2291216091359935286983139558478674,-2.5856565536078857128487418065144429,-4.1602413415035394927983259427813299,8.2846088151001314203275561838588712,13.572099373411883082340754781681781,False
"m003(-4,7)",ABaB,Abbb,,,21.105678519770669229461221113429059,-6.0446190933487673135797775903227250,307.95059245165876528214105236794517,-54.375099171833884904207672964447042,33.113259138017889454317526086991464,False
"m003(-4,7)",ABab,Abbb,,,-18.430878533899099314057455438562246,0.78368293876877843410537692468946870,-30.239054915605751216281723533675768,-112.49755270948444801800696442346201,19.541225487345200343688022430728369,False
"m003(-5,9)",A,B,,,0.46404367455926715169486914766599592,-0.89151727517353418334208423798147128,0.22129396317833947004748484428097453,-3.3701456407604199450103387980490829,4.1057605100255540041127891498940274,False
"m003(-5,9)",A,AB,,,-2.5678917621642492540759765659541905,0.81087859427277968635309736449619020,0.22129396317833947004748484428097453,-3.3701456407604199450103387980490829,1.6383253871855492017564722062878217,False
"m003(-5,9)",A,Ab,,,-0.80076048321271549562978506297131786,2.5427397361512357106588913759318904,0.22129396317833947004748484428097453,-3.3701456407604199450103387980490829,4.1786039818336423104545871632557531,False
"m003(-5,9)",A,AAB,,,1.4312648894178709037739467037213363,2.7853513698454577124159735736882919,0.22129396317833947004748484428097453,-3.3701456407604199450103387980490829,8.1891419719641976498230337327391056,False
"m003(-5,9)",A,AAb,,,4.5119661924558279122687259529724859,-0.34162394220854081843172362092072929,0.22129396317833947004748484428097453,-3.3701456407604199450103387980490829,7.1745986958610819565244111022859386,False
"m003(-5,9)",A,ABB,,,-0.80076048321271549562978506297131786,2.5427397361512357106588913759318904,-9.7724267797387349582106277398705943,-1.5460385737944412612335009023729441,1.6383253871855492017564722062878217,False
"m003(-5,9)",A,Abb,,,3.3742392199202217548936467663676926,3.8251816263431580129543924225069003,-9.7724267797387349582106277398705943,-1.5460385737944412612335009023729441,12.741187575162050138045882903677856,False
"m003(-5,9)",A,AAAB,,,4.3686522453769647497057616289255083,-3.3536183304240153970119887404280806,0.22129396317833947004748484428097453,-3.3701456407604199450103387980490829,8.8167999660896472681543942019125258,False
"m003(-5,9)",A,AAAb,,,-1.5734787367075062592638617033963747,-6.3679213624943937236132837984387907,0.22129396317833947004748484428097453,-3.3701456407604199450103387980490829,21.170170896285238203585382127625862,False
"m003(-5,9)",A,AABB,,,2.1479559741561342370999885645602137,0.43014491237256605540415880920990335,-9.7724267797387349582106277398705943,-1.5460385737944412612335009023729441,7.1745986958610819565244111022859386,False
"m003(-5,9)",A,AAbb,,,4.4425648235139825694561756424120762,-6.9706886618696201456618767350648525,-9.7724267797387349582106277398705943,-1.5460385737944412612335009023729441,25.146350416075287937748921414423977,False
"m003(-5,9)",A,ABAb,,,4.5119661924558279122687259529724859,-0.34162394220854081843172362092072929,-17.051802087094471764464852593075075,-1.9631490665832979174056726411172693,17.896421458981864474960983723273008,False
"m003(-5,9)",A,ABBB,,,3.3742392199202217548936467663676926,3.8251816263431580129543924225069003,-1.3643471290225375211753343388556552,26.872103701389499434503258430812965,0.00000000000000000000000000000000000,True
"m003(-5,9)",A,ABaB,,,2.6213156082419783248049624909440976,-4.0095437109599605670733004844835320,-2.8618590351692257363267349794191141,-12.926845737756163235803514200972731,2.9841494252143043446198400667158181,False
"m003(-5,9)",A,ABab,,,-2.6166576284786898567999101015851536,2.2354580368804643475056129566275499,-17.051802087094471764464852593075075,-1.9631490665832979174056726411172693,10.985027459901818951536524768214907,False
"m003(-5,9)",A,Abbb,,,9.1929602597043589326283275211802509,0.71863266918525702688205348025575167,-1.3643471290225375211753343388556552,26.872103701389499434503258430812965,32.733014241106838395605109107926248,False
"m003(-5,9)",B,AB,,,0.46404367455926715169486914766599592,-0.89151727517353418334208423798147128,0.22129396317833947004748484428097453,-3.3701456407604199450103387980490829,2.9339138945475828096959548306152275,False
"m003(-5,9)",B,Ab,,,-0.45938569479597868368981675830705194,-0.88256839890596203622560328987451074,0.22129396317833947004748484428097453,-3.3701456407604199450103387980490829,3.4939760047935611790157952914931520,False
"m003(-5,9)",B,AAB,,,-0.80076048321271549562978506297131786,2.5427397361512357106588913759318904,5.7428914652971865045994083952932009,0.47156329591914261594240368207881964,4.4423869415783957600950394309861276,False
"m003(-5,9)",B,AAb,,,-2.5678917621642492540759765659541905,0.81087859427277968635309736449619020,5.7428914652971865045994083952932009,0.47156329591914261594240368207881964,7.7769579076412381847497836870460181,False
"m003(-5,9)",B,ABB,,,-0.45938569479597868368981675830705194,-0.88256839890596203622560328987451074,0.22129396317833947004748484428097453,-3.3701456407604199450103387980490829,2.9339138945475828096959548306152275,False
"m003(-5,9)",B,Abb,,,-1.8999665437404265234738682407462762,-0.11974842059242730950620180785083864,0.22129396317833947004748484428097453,-3.3701456407604199450103387980490829,9.1562473014822946420663313522064369,False
"m003(-5,9)",B,AAAB,,,2.1479559741561342370999885645602137,0.43014491237256605540415880920990335,-9.7724267797387349582106277398705943,-1.5460385737944412612335009023729441,12.922477509480861230338348322801755,False
"m003(-5,9)",B,AAAb,,,2.3546942587731167391586326096943842,2.7764024935778855652994926255813314,-9.7724267797387349582106277398705943,-1.5460385737944412612335009023729441,18.448277902702333067007734704498909,False
"m003(-5,9)",B,AABB,,,3.3742392199202217548936467663676926,3.8251816263431580129543924225069003,5.7428914652971865045994083952932009,0.47156329591914261594240368207881964,7.7769579076412381847497836870460181,False
"m003(-5,9)",B,AAbb,,,-0.80076048321271549562978506297131786,2.5427397361512357106588913759318904,5.7428914652971865045994083952932009,0.47156329591914261594240368207881964,28.802579797285452935752562098465223,False
"m003(-5,9)",B,ABAb,,,-2.5678917621642492540759765659541905,0.81087859427277968635309736449619020,0.24222219476311022829769869780774592,3.4245984438907059047805707413835773,19.094760240807830245151567626539887,False
"m003(-5,9)",B,ABBB,,,-1.8999665437404265234738682407462762,-0.11974842059242730950620180785083864,0.22129396317833947004748484428097453,-3.3701456407604199450103387980490829,4.1057605100255540041127891498940274,False
"m003(-5,9)",B,ABaB,,,1.5794665200343760255823002186903433,0.82740590460918423435144742211719246,-1.5364838420585503016548164579112795,0.054452803130285959770231943334494419,5.1564680690508699750350313534893483,False
"m003(-5,9)",B,ABab,,,1.5678917621642492540759765659541905,-0.81087859427277968635309736449619020,-1.5364838420585503016548164579112795,0.054452803130285959770231943334494419,13.151745174717055339868415812650878,False
"m003(-5,9)",B,Abbb,,,-2.6166576284786898567999101015851536,2.2354580368804643475056129566275499,0.22129396317833947004748484428097453,-3.3701456407604199450103387980490829,34.725089870595565215831625402567295,False
"m003(-5,9)",AB,Ab,,,-0.78918572534258872412346141023516499,4.1810242350331996313634361625452731,-9.7724267797387349582106277398705943,-1.5460385737944412612335009023729441,4.3675255835403122080403032599629818,False
"m003(-5,9)",AB,AAB,,,-0.0093159595265769360101047787178879700,3.5481713481589924391353750557119640,0.22129396317833947004748484428097453,-3.3701456407604199450103387980490829,7.3208312145428739057652636460003188,False
"m003(-5,9)",AB,AAb,,,4.5119661924558279122687259529724859,-0.34162394220854081843172362092072929,2.6388102353648505399749747180663408,-15.879880885727726524641681260277489,6.1674453374800129609071051115228930,False
"m003(-5,9)",AB,ABB,,,-2.1473582821986252796582767846445338,-0.016527310336404547998350057621002256,0.22129396317833947004748484428097453,-3.3701456407604199450103387980490829,0.00000000000000000000000000000000000,True
"m003(-5,9)",AB,Abb,,,4.7208370189061315389221384880409085,6.3844486728307982716116338560597929,-1.3643471290225375211753343388556552,26.872103701389499434503258430812965,11.139520840541624094982110936384495,False
"m003(-5,9)",AB,AAAB,,,5.7152500443628745337342533505987243,-0.79435128393637513835474730687518794,5.7428914652971865045994083952932009,0.47156329591914261594240368207881964,10.186693413828816727850258241491794,False
"m003(-5,9)",AB,AAAb,,,-1.5850534945776330307701853561325276,-8.0062058613763576443178285850521733,-7.6151764066424254448340385277140231,29.167774064274620734222500008567923,20.942399252003003970117120402278759,False
"m003(-5,9)",AB,AABB,,,1.4312648894178709037739467037213363,2.7853513698454577124159735736882919,-11.551132816560395488163142895589620,-4.9161842145548612062438397004220270,6.1674453374800129609071051115228930,False
"m003(-5,9)",AB,AAbb,,,5.3659941928692284048408615483851241,-6.9796375381371922927783576831718130,-43.841798486566216476469499045979871,-8.5708652972915609875198442849090602,26.774726945339729918204877759084934,False
"m003(-5,9)",AB,ABAb,,,5.2612052332940393865341297789160704,2.7634989775018561346426046556440424,-9.7724267797387349582106277398705943,-1.5460385737944412612335009023729441,17.271630939483184082827340250768147,False
"m003(-5,9)",AB,ABBB,,,-0.80076048321271549562978506297131786,2.5427397361512357106588913759318904,-9.7724267797387349582106277398705943,-1.5460385737944412612335009023729441,1.6383253871855492017564722062878217,False
"m003(-5,9)",AB,ABaB,,,3.3705546490801897990703663168876821,-0.90442079124956361399897220791876029,5.7428914652971865045994083952932009,0.47156329591914261594240368207881964,4.1894440337927627142075507282894631,False
"m003(-5,9)",AB,ABab,,,-3.3658966693169013310653139275287382,-0.86966488282993260556871531993722173,-11.551132816560395488163142895589620,-4.9161842145548612062438397004220270,10.749981657069358994037959183986126,False
"m003(-5,9)",AB,Abbb,,,13.367959962837296183151759350519261,2.0010745593771793291775545268307615,79.214091477886332514558305759957747,-1.9935785330771074439289415331783044,32.496827279422309356998773289168394,False
"m003(-5,9)",Ab,AAB,,,4.5119661924558279122687259529724859,-0.34162394220854081843172362092072929,5.7428914652971865045994083952932009,0.47156329591914261594240368207881964,5.1788431130237341988167845131304889,False
"m003(-5,9)",Ab,AAb,,,2.2852928898312713963460822991339745,-3.8526622260831937619306604885627918,0.22129396317833947004748484428097453,-3.3701456407604199450103387980490829,10.451303058997582280076776179726628,False
"m003(-5,9)",Ab,ABB,,,2.9537057399545977804759469850580359,4.6525875309523422473058398446240927,-1.3643471290225375211753343388556552,26.872103701389499434503258430812965,4.3675255835403122080403032599629818,False
"m003(-5,9)",Ab,Abb,,,3.6713627575855118980764039701680246,-3.1230762674943055340706889998721508,0.22129396317833947004748484428097453,-3.3701456407604199450103387980490829,12.278652340907684896844653590139911,False
"m003(-5,9)",Ab,AAAB,,,-1.5850534945776330307701853561325276,-8.0062058613763576443178285850521733,-25.741075868485641516301260509245580,6.0475124566180041121540018594334347,11.962806288434280408698966287024415,False
"m003(-5,9)",Ab,AAAb,,,-6.0456019775057336529700507365357171,-0.70210535884885247888370342263474941,5.7428914652971865045994083952932009,0.47156329591914261594240368207881964,17.017408216331075887372111960781705,False
"m003(-5,9)",Ab,AABB,,,2.2852928898312713963460822991339745,-3.8526622260831937619306604885627918,0.22129396317833947004748484428097453,-3.3701456407604199450103387980490829,10.451303058997582280076776179726628,False
"m003(-5,9)",Ab,AAbb,,,-4.0529156264510245458108515815337720,-7.5520285104766368292046697904769747,-8.4470515866280595235387092183627597,11.435259967092007934340245241934281,26.265922849017793303200291110507533,False
"m003(-5,9)",Ab,ABAb,,,1.5360538489930599220806784731903900,-6.9577851457935907150049887651275635,-9.7724267797387349582106277398705943,-1.5460385737944412612335009023729441,21.635977294870834959469993197755363,False
"m003(-5,9)",Ab,ABBB,,,9.1929602597043589326283275211802509,0.71863266918525702688205348025575167,79.214091477886332514558305759957747,-1.9935785330771074439289415331783044,4.1786039818336423104545871632557531,False
"m003(-5,9)",Ab,ABaB,,,-2.5118686689035008384931783321160999,-7.5076784787585840799153493821883055,-40.716789025049109753594851515226240,14.575322969006434002855150196879908,2.8013635676269625397309003736819354,False
"m003(-5,9)",Ab,ABab,,,1.0759457997223414667141792390358196,6.4964127829926225870670633363559956,-8.4470515866280595235387092183627597,11.435259967092007934340245241934281,15.031027290082069342084160959221209,False
"m003(-5,9)",Ab,Abbb,,,1.6283305468439223458040284635502013,-8.3287110099341069482679062996831328,-9.7724267797387349582106277398705943,-1.5460385737944412612335009023729441,36.798368637149536112666636736374160,False
"m003(-5,9)",AAB,AAb,,,0.19365254224402749918232979958649791,-4.6360602206159376993074897870030905,9.9391137743053581044794134247975926,-8.6680263082877440186785999821005033,11.761213780515435473190426085584238,False
"m003(-5,9)",AAB,ABB,,,1.4312648894178709037739467037213363,2.7853513698454577124159735736882919,5.7428914652971865045994083952932009,0.47156329591914261594240368207881964,7.3208312145428739057652636460003188,False
"m003(-5,9)",AAB,Abb,,,5.3659941928692284048408615483851241,-6.9796375381371922927783576831718130,14.411237015103585498185602457936935,-14.333842311933285263408180357904545,8.5714343875419813537691171973997578,False
"m003(-5,9)",AAB,AAAB,,,-5.4745294275511431963427511196688823,-5.1093303768899472968940217186050159,0.22129396317833947004748484428097453,-3.3701456407604199450103387980490829,16.821315117309224492159389860855419,False
"m003(-5,9)",AAB,AAAb,,,-8.6925676462642373640836241034937926,2.3004520736198110512884947737767004,6.5747666452828205833040790859419375,18.204077393101755415824658448712461,14.345428703458259268268574238930133,False
"m003(-5,9)",AAB,AABB,,,-1.5734787367075062592638617033963747,-6.3679213624943937236132837984387907,5.7428914652971865045994083952932009,0.47156329591914261594240368207881964,11.761213780515435473190426085584238,False
"m003(-5,9)",AAB,AAbb,,,-7.8243080143273941829225658922547426,-4.0722509996092724238940422206838323,-17.879428654902235490120753692453316,-17.988523394669985044684184942391578,31.353601965560216839653585816402343,False
"m003(-5,9)",AAB,ABAb,,,2.5899462085553042197532464732064828,-6.7237639711844353420223275384771635,28.601180067028831526323720071592896,-25.297538983106150581806021917760006,22.924351210788235795922936796075204,False
"m003(-5,9)",AAB,ABBB,,,4.5119661924558279122687259529724859,-0.34162394220854081843172362092072929,14.411237015103585498185602457936935,-14.333842311933285263408180357904545,8.1891419719641976498230337327391056,False
"m003(-5,9)",AAB,ABaB,,,-3.9260643190202858096107919403635593,-3.3866729510968244930086888556700851,-6.0086070828567776953610054910506220,5.7202688067758272044998123191385357,7.9354676990213074319703999303699917,False
"m003(-5,9)",AAB,ABab,,,-0.78918572534258872412346141023516499,4.1810242350331996313634361625452731,14.411237015103585498185602457936935,-14.333842311933285263408180357904545,17.451365545708014112949123315140440,False
"m003(-5,9)",AAB,Abbb,,,-1.7583067770931762134546645036819095,-14.952862084718823030270705334751731,-30.483730614626604527036052122972647,-37.267076065647039105799940611398164,38.807975738909973365712827676561948,False
"m003(-5,9)",AAb,ABB,,,2.2852928898312713963460822991339745,-3.8526622260831937619306604885627918,-29.651855434640970448331381432323911,-19.534561968464426305917685844764522,6.1674453374800129609071051115228930,False
"m003(-5,9)",AAb,Abb,,,-4.0529156264510245458108515815337720,-7.5520285104766368292046697904769747,2.6388102353648505399749747180663408,-15.879880885727726524641681260277489,10.819166055913783870639551062312698,False
"m003(-5,9)",AAb,AAAB,,,-8.6925676462642373640836241034937926,2.3004520736198110512884947737767004,-11.551132816560395488163142895589620,-4.9161842145548612062438397004220270,12.045947808048743063732334613621338,False
"m003(-5,9)",AAb,AAAb,,,-2.2849577610400960791141399122656364,12.628883077674333445792657189835007,0.22129396317833947004748484428097453,-3.3701456407604199450103387980490829,26.084213496574676103816405991734425,False
"m003(-5,9)",AAb,AABB,,,-1.8821770322429231739529425599328596,-1.0579479675388940972927471626731222,-17.879428654902235490120753692453316,-17.988523394669985044684184942391578,0.00000000000000000000000000000000000,True
"m003(-5,9)",AAb,AAbb,,,-13.996290509681218528955787814069463,6.3276364505569276190903517728523712,5.7428914652971865045994083952932009,0.47156329591914261594240368207881964,29.997371168669143045405410276741575,False
"m003(-5,9)",AAb,ABAb,,,-11.567199479624580687521974287547943,-4.5438142955284150398364459027626519,-2.8618590351692257363267349794191141,-12.926845737756163235803514200972731,11.319504278364615887013565045124018,False
"m003(-5,9)",AAb,ABBB,,,-4.0529156264510245458108515815337720,-7.5520285104766368292046697904769747,-34.928697894030593759703521057423012,75.810088875337336226947317109426424,7.1745986958610819565244111022859386,False
"m003(-5,9)",AAb,ABaB,,,-7.0400150029624766477821655990935329,6.4766945979183209310826777403002315,-0.39495635324762240711873622344906353,-47.223330267599905033240653494927433,10.148231620922592373749654884063925,False
"m003(-5,9)",AAb,ABab,,,9.1929602597043589326283275211802509,0.71863266918525702688205348025575167,-9.9445634927747477386901098589262187,-28.363689472053654735966527389851414,6.0614106267231130291431008408390178,False
"m003(-5,9)",AAb,Abbb,,,-14.763604175773839956991725010802512,-4.7016785372398818186859687471096296,-29.651855434640970448331381432323911,-19.534561968464426305917685844764522,27.048929200255139762574321262635915,False
"m003(-5,9)",ABB,Abb,,,9.2045350175744857041346511739164038,2.3569171680672209475865982668691343,79.214091477886332514558305759957747,-1.9935785330771074439289415331783044,11.139520840541624094982110936384495,False
"m003(-5,9)",ABB,AAAB,,,3.9481187654113407752880618476158516,-2.5262124258148311626605413183108882,-11.551132816560395488163142895589620,-4.9161842145548612062438397004220270,10.186693413828816727850258241491794,False
"m003(-5,9)",ABB,AAAb,,,-7.4037745343617702085048661109450859,-4.8996569042184566582454896428010247,82.203217030968276106639565662763054,46.452748202174567351409314144396205,20.942399252003003970117120402278759,False
"m003(-5,9)",ABB,AABB,,,2.3546942587731167391586326096943842,2.7764024935778855652994926255813314,-9.7724267797387349582106277398705943,-1.5460385737944412612335009023729441,6.1674453374800129609071051115228930,False
"m003(-5,9)",ABB,AAbb,,,-1.6889054081513308706421141931214999,-8.3237973650577437030405522206076073,-53.590764186754067181547827704218315,92.439601550155742790074739045085927,26.774726945339729918204877759084934,False
"m003(-5,9)",ABB,ABAb,,,5.9778963180323027198601716397549478,0.40829252002896447763078989116565380,-2.8827872667539964945769488329458855,-19.721589822407289085594423740405391,17.271630939483184082827340250768147,False
"m003(-5,9)",ABB,ABBB,,,-2.5678917621642492540759765659541905,0.81087859427277968635309736449619020,0.22129396317833947004748484428097453,-3.3701456407604199450103387980490829,1.6383253871855492017564722062878217,False
"m003(-5,9)",ABB,ABaB,,,1.9299738001357419592863148344484578,-0.14160081293602888727957072589508819,0.24222219476311022829769869780774592,3.4245984438907059047805707413835773,4.1894440337927627142075507282894631,False
"m003(-5,9)",ABB,ABab,,,-3.3658966693169013310653139275287382,-0.86966488282993260556871531993722173,-11.551132816560395488163142895589620,-4.9161842145548612062438397004220270,10.749981657069358994037959183986126,False
"m003(-5,9)",ABB,Abbb,,,13.389182568712530532508332550684643,-8.4209569350216296077389501839235713,-18.646314573037290587333272170841660,-229.55053395094062393299381621562814,32.496827279422309356998773289168394,False
"m003(-5,9)",Abb,AAAB,,,-13.345905516446241217474489443266969,-7.9139599362888349848467847008117348,8.8999051192372725241113808258836381,74.028401160334105213409943381772466,21.074409201540617606482017851111558,False
"m003(-5,9)",Abb,AAAb,,,-8.4746930075623714944038642630572363,10.169345387236490180043094252980274,6.5747666452828205833040790859419375,18.204077393101755415824658448712461,20.309705292548381445516720144958040,False
"m003(-5,9)",Abb,AABB,,,-1.6889054081513308706421141931214999,-8.3237973650577437030405522206076073,-8.1867856875378579669878085567339646,-31.788287915944360640747098131234992,10.819166055913783870639551062312698,False
"m003(-5,9)",Abb,AAbb,,,-16.920876109456551130101818354080614,-1.5836521014534554349547525006075689,-9.7724267797387349582106277398705943,-1.5460385737944412612335009023729441,37.857586154467166282705557287423395,False
"m003(-5,9)",Abb,ABAb,,,-7.7455190546520558693249409221547452,-11.812983256588795068766120170205420,-2.8827872667539964945769488329458855,-19.721589822407289085594423740405391,19.390389715531063733920513280314654,False
"m003(-5,9)",Abb,ABBB,,,11.622051289760996774062141047701770,-10.152818076900085632044744195359272,-18.646314573037290587333272170841660,-229.55053395094062393299381621562814,12.741187575162050138045882903677856,False
"m003(-5,9)",Abb,ABaB,,,-12.647469572962017122470933322873873,-5.7248629936251369593298467250150785,45.361016635637753218448923351103681,118.74944789343465899119916688976338,14.312631035595870946344396319263488,False
"m003(-5,9)",Abb,ABab,,,9.5714262496873485819812064629816679,7.0777526315996392706098563917681177,29.407878403251824493729407317444366,-16.066908739670589304318419155918358,16.653390814895483670625247542317223,False
"m003(-5,9)",Abb,Abbb,,,-13.393487685066957761038759840754496,-15.097528435943854429752319506461313,0.22129396317833947004748484428097453,-3.3701456407604199450103387980490829,35.461856545947524389874283862965980,False
"m003(-5,9)",AAAB,AAAb,,,7.6086010256923117180629661854159523,14.621196597136865778870762181667896,-23.130494651678346907644074662877818,27.150172194561036857046595424116159,28.207758359250177391826884703345182,False
"m003(-5,9)",AAAB,AABB,,,-6.3285574279645436889148867150815205,1.5286832190387041774526123436460678,-25.741075868485641516301260509245580,6.0475124566180041121540018594334347,12.045947808048743063732334613621338,False
"m003(-5,9)",AAAB,AAbb,,,-5.3656590640780530876089191615167860,15.755858389728331976640354384444028,-27.326716960686518507524079692382210,36.289761798767923491667599088295482,18.010233052554506899744387890065850,False
"m003(-5,9)",AAAB,ABAb,,,-12.385171074465268687597713444114766,-1.9605026724923471882729556059517452,-40.663856601041359698707312761862663,71.780716651774527459738604954217246,18.347818454495465683323302023297366,False
"m003(-5,9)",AAAB,ABBB,,,-1.5734787367075062592638617033963747,-6.3679213624943937236132837984387907,-27.326716960686518507524079692382210,36.289761798767923491667599088295482,8.8167999660896472681543942019125258,False
"m003(-5,9)",AAAB,ABaB,,,-4.5559473881410087520963297147514994,5.9252301979754856739205587382346022,12.632530978281924968233087302217910,-17.703987952693705208418519155953627,9.2342055082040260327105497277273749,False
"m003(-5,9)",AAAB,ABab,,,7.4184771669767505596442231221941721,-0.35452745828457024908861159085801830,-34.606092268042255313778304545586690,35.872651305979066835495427349551157,10.996945932516061956740190064168103,False
"m003(-5,9)",AAAB,Abbb,,,-25.757142531549826715660091901203904,6.4198823756444502785613956570928098,200.81812964368342977460758151328316,-37.016735209885417564196524874012565,29.880161347421128470547746373747227,False
"m003(-5,9)",AAAb,AABB,,,-2.3543591299819414219266902228260461,5.9998183580132541185625040756908833,45.976594951044485075004105144497206,8.7141088406083856296669698509192212,26.084213496574676103816405991734425,False
"m003(-5,9)",AAAb,AAbb,,,16.067183237834325954761625145536314,16.997886548973246593163383264130867,-7.6151764066424254448340385277140231,29.167774064274620734222500008567923,37.238468593975984826084295721140854,False
"m003(-5,9)",AAAb,ABAb,,,-0.23247478693257392431077833845658845,19.253993157526955489482403282148801,-1.3643471290225375211753343388556552,26.872103701389499434503258430812965,37.265558985596064792978157964614307,False
"m003(-5,9)",AAAb,ABBB,,,-13.996290509681218528955787814069463,6.3276364505569276190903517728523712,116.09550467245392249039228162920291,-217.91381942885448454101194819746520,21.170170896285238203585382127625862,False
"m003(-5,9)",AAAb,ABaB,,,11.462076833901198169444969925010056,10.745672400351059019251433255330920,-14.645548059091068174859709863734884,129.64416312106301484447181616950178,19.291258801883544902661755646607435,False
"m003(-5,9)",AAAb,ABab,,,-4.6648177516140988608301616729035957,-14.939958568642793599613817364814442,33.083568914079592980507611023691167,61.240597422195261211235263926240865,31.590142843953612933085900335327107,False
"m003(-5,9)",AAAb,Abbb,,,1.0043051163544272285304272900698532,23.518485370965484037491269690384884,45.976594951044485075004105144497206,8.7141088406083856296669698509192212,53.129694263674655134328877411139645,False
"m003(-5,9)",AABB,AAbb,,,-4.0025697667641441006976752299178939,4.5035293835909489353135138771762325,-40.232696314814455232114380781211091,63.743390781800264671794642718596823,29.997371168669143045405410276741575,False
"m003(-5,9)",AABB,ABAb,,,0.19365254224402749918232979958649791,-4.6360602206159376993074897870030905,-19.376940561048923705272154333016775,-57.787472833815647714990957574177274,11.319504278364615887013565045124018,False
"m003(-5,9)",AABB,ABBB,,,4.5119661924558279122687259529724859,-0.34162394220854081843172362092072929,0.22129396317833947004748484428097453,-3.3701456407604199450103387980490829,7.1745986958610819565244111022859386,False
"m003(-5,9)",AABB,ABaB,,,-2.5794665200343760255823002186903433,-0.82740590460918423435144742211719246,-11.509276353390853971662715188536077,8.6733039547473904933379793784432934,10.148231620922592373749654884063925,False
"m003(-5,9)",AABB,ABab,,,-0.80076048321271549562978506297131786,2.5427397361512357106588913759318904,-9.9445634927747477386901098589262187,-28.363689472053654735966527389851414,6.0614106267231130291431008408390178,False
"m003(-5,9)",AABB,Abbb,,,-11.682902872735882948496945761551363,-7.8286538492938803495336659417186508,-88.765224294446728002721448655547366,-2.9226056814777537623148981672437226,27.048929200255139762574321262635915,False
"m003(-5,9)",AAbb,ABAb,,,-20.235545029430979681108168350191678,10.261591312324012839514138137220712,18.347193425021555541514706825812532,19.750115966896196677058159351085406,35.155406093101419436769058127621131,False
"m003(-5,9)",AAbb,ABBB,,,-14.763604175773839956991725010802512,-4.7016785372398818186859687471096296,239.26431455554595166867845970837960,104.12823414075254295610693758752236,25.146350416075287937748921414423977,False
"m003(-5,9)",AAbb,ABaB,,,0.53618946776808671054845711127266959,17.162322775919648826937182306852499,-147.24953055344572575868030348770223,4.9477082762541591850848590453775503,23.745100847896013959198647454637010,False
"m003(-5,9)",AAbb,ABab,,,12.042584769726620748479840829011427,-10.980223981509269866396191617476464,-40.766175434784202012875360397410924,36.362072253882869220660947028606205,28.471136165428082645909919553135751,False
"m003(-5,9)",AAbb,Abbb,,,-23.761336224011464970362495827089182,18.789809659973651712348653633705391,-43.841798486566216476469499045979871,-8.5708652972915609875198442849090602,42.372402288094762694151904726907945,False
"m003(-5,9)",ABAb,ABBB,,,4.4425648235139825694561756424120762,-6.9706886618696201456618767350648525,-57.750547407816490189806502144480265,-34.035972424503938394418436558790211,17.896421458981864474960983723273008,False
"m003(-5,9)",ABAb,ABaB,,,-8.0801357905684523018840099161757983,2.1256292433623790544867196371875652,18.347193425021555541514706825812532,19.750115966896196677058159351085406,20.817831910451767366207921694419693,False
"m003(-5,9)",ABAb,ABab,,,16.483910324930222510388876027120884,2.7740276608560776037587700056134595,14.411237015103585498185602457936935,-14.333842311933285263408180357904545,7.5420070678692925653094198196121516,False
"m003(-5,9)",ABAb,Abbb,,,-23.259084625738847072258752234748361,-5.2830183858468985022287618025217518,-57.750547407816490189806502144480265,-34.035972424503938394418436558790211,16.151340348788213690495121254563094,False
"m003(-5,9)",ABBB,ABaB,,,-0.45938569479597868368981675830705194,-0.88256839890596203622560328987451074,0.24222219476311022829769869780774592,3.4245984438907059047805707413835773,2.9841494252143043446198400667158181,False
"m003(-5,9)",ABBB,ABab,,,-2.6166576284786898567999101015851536,2.2354580368804643475056129566275499,-17.051802087094471764464852593075075,-1.9631490665832979174056726411172693,10.985027459901818951536524768214907,False
"m003(-5,9)",ABBB,Abbb,,,0.79645536685828826709935777290146469,-26.061225107116719748150161066316774,-658.34520594434947079744094557324065,93.487029184145076603671863768065166,32.733014241106838395605109107926248,False
"m003(-5,9)",ABaB,ABab,,,3.3372443252712657972846015208825974,-2.5971925392815216704291233192663848,-4.2299010460351171654084903353315965,9.0904144475362471495101511171876186,13.746357340513922074051755394769924,False
"m003(-5,9)",ABaB,Abbb,,,-21.960163543441649542493904489373503,8.7872752999659624918163402423554680,330.95353314369909643578367757618172,-148.38177997914148632346027883021213,35.398728048925153457718873881293262,False
"m003(-5,9)",ABab,Abbb,,,19.670212673847089678142769800880584,-3.1605273998032725103179922259366942,-56.669927257435038478314367548885555,-120.24103366409881429266243584880183,21.767622126494162078821998054549681,False
"m003(-6,11)",A,B,,,-0.47528553083216261098943023166810412,0.88314971420025657674586331339202447,0.15260334995167770091648351245990768,-3.4078228749834991901063308917908074,4.0778455714036228449997598003734601,False
"m003(-6,11)",A,AB,,,-2.5476313256011533782667507786060773,0.82976037996322844796920222527480026,0.15260334995167770091648351245990768,-3.4078228749834991901063308917908074,1.6692693092346693731370781423404042,False
"m003(-6,11)",A,Ab,,,-0.70666043182526197800295772555885600,2.5683263135476158995501350475780731,0.15260334995167770091648351245990768,-3.4078228749834991901063308917908074,4.3151009280295681098355312474140007,False
"m003(-6,11)",A,AAB,,,-1.4570656404922580349628802408833751,-2.7279250078880565236020850083350703,0.15260334995167770091648351245990768,-3.4078228749834991901063308917908074,8.1176495576737595611311782667310242,False
"m003(-6,11)",A,AAb,,,-4.5240527871425259675729898388860382,0.50951967448057677190148932226277378,0.15260334995167770091648351245990768,-3.4078228749834991901063308917908074,7.1192010441596541475471931254380273,False
"m003(-6,11)",A,ABB,,,-0.70666043182526197800295772555885600,2.5683263135476158995501350475780731,-9.9052799262536205193115967179267731,-1.0712790315245218315846610466754262,1.6692693092346693731370781423404042,False
"m003(-6,11)",A,Abb,,,3.5850769225443672811327939840474267,3.7314207056651003087534968870110929,-9.9052799262536205193115967179267731,-1.0712790315245218315846610466754262,13.146268295098398898238584812284868,False
"m003(-6,11)",A,AAAB,,,4.2542917574264153562697085041649333,-3.3980866935108443475193372728528733,0.15260334995167770091648351245990768,-3.4078228749834991901063308917908074,8.5704527266864191714998855569184572,False
"m003(-6,11)",A,AAAb,,,-1.8784164907191053031298362584885707,-6.2997470192127162083036319345891660,0.15260334995167770091648351245990768,-3.4078228749834991901063308917908074,21.456145038426952234231235160805698,False
"m003(-6,11)",A,AABB,,,-2.1136519512843365414206049614601207,-0.29001801157822267109401820520738363,-9.9052799262536205193115967179267731,-1.0712790315245218315846610466754262,7.1192010441596541475471931254380273,False
"m003(-6,11)",A,AAbb,,,-4.1739140049042591001073603951419472,7.2652172139032143916464675143977432,-9.9052799262536205193115967179267731,-1.0712790315245218315846610466754262,25.930376842141630860633857557477121,False
"m003(-6,11)",A,ABAb,,,-4.5240527871425259675729898388860382,0.50951967448057677190148932226277378,-17.429337644815110377016789002636219,-1.3734243856831346311219821855337951,18.221260849126112384978745500798402,False
"m003(-6,11)",A,ABBB,,,3.5850769225443672811327939840474267,3.7314207056651003087534968870110929,0.89349889670205631280259596255855697,27.483069358265949271829024713085355,0.00000000000000000000000000000000000,True
"m003(-6,11)",A,ABaB,,,-2.5944657495197114908313235395408933,4.1154582337147195318635769262269984,-3.8022139246690964346279381640176454,-13.335165880350674799618718091235586,2.8748942795233637073334076573815129,False
"m003(-6,11)",A,ABab,,,2.5917016158181053216206793663345591,-2.3542949681683767187577110172058196,-17.429337644815110377016789002636219,-1.3734243856831346311219821855337951,11.199534025100397982466499082149458,False
"m003(-6,11)",A,Abbb,,,9.3512228443800362422251225048278248,0.23178247008863854102846520246269181,0.89349889670205631280259596255855697,27.483069358265949271829024713085355,34.060182501705536925368046204027502,False
"m003(-6,11)",B,AB,,,-0.47528553083216261098943023166810412,0.88314971420025657674586331339202447,0.15260334995167770091648351245990768,-3.4078228749834991901063308917908074,2.8459964842795234778595803395755763,False
"m003(-6,11)",B,Ab,,,0.47252139713055644177878605846176989,0.87801355134608623636000259562915429,0.15260334995167770091648351245990768,-3.4078228749834991901063308917908074,3.5338741982665797739608869707470498,False
"m003(-6,11)",B,AAB,,,-0.70666043182526197800295772555885600,2.5683263135476158995501350475780731,5.8393686799707826374025024882123600,0.33333401215425596123415961415821956,4.4187311906201571285132671531415066,False
"m003(-6,11)",B,AAb,,,-2.5476313256011533782667507786060773,0.82976037996322844796920222527480026,5.8393686799707826374025024882123600,0.33333401215425596123415961415821956,7.8754627682729827193172014752216280,False
"m003(-6,11)",B,ABB,,,0.47252139713055644177878605846176989,0.87801355134608623636000259562915429,0.15260334995167770091648351245990768,-3.4078228749834991901063308917908074,2.8459964842795234778595803395755763,False
"m003(-6,11)",B,Abb,,,1.9351153050260268151629546457578134,0.083612028141457133750355785921867065,0.15260334995167770091648351245990768,-3.4078228749834991901063308917908074,9.6496347492543315118479549104009115,False
"m003(-6,11)",B,AAAB,,,-2.1136519512843365414206049614601207,-0.29001801157822267109401820520738363,-9.9052799262536205193115967179267731,-1.0712790315245218315846610466754262,12.648268649323852814469189768603561,False
"m003(-6,11)",B,AAAb,,,-2.4048725684549770877310965310132491,-2.7227888450338861832162242905722001,-9.9052799262536205193115967179267731,-1.0712790315245218315846610466754262,18.613118113674049746269548118680062,False
"m003(-6,11)",B,AABB,,,3.5850769225443672811327939840474267,3.7314207056651003087534968870110929,5.8393686799707826374025024882123600,0.33333401215425596123415961415821956,7.8754627682729827193172014752216280,False
"m003(-6,11)",B,AAbb,,,-0.70666043182526197800295772555885600,2.5683263135476158995501350475780731,5.8393686799707826374025024882123600,0.33333401215425596123415961415821956,29.454424965653288931423843188570774,False
"m003(-6,11)",B,ABAb,,,-2.5476313256011533782667507786060773,0.82976037996322844796920222527480026,0.16270761145761507878082669104300603,3.4390115329791423518031693670906581,19.466709472123883470075199891207059,False
"m003(-6,11)",B,ABBB,,,1.9351153050260268151629546457578134,0.083612028141457133750355785921867065,0.15260334995167770091648351245990768,-3.4078228749834991901063308917908074,4.0778455714036228449997598003734601,False
"m003(-6,11)",B,ABaB,,,1.5540570818735842770864742130989483,0.83949656143588329055619584421273436,-1.6846890385907072203026897964970863,0.031188657995643161696838475299850641,5.1775787732942482498304213842356643,False
"m003(-6,11)",B,ABab,,,1.5476313256011533782667507786060773,-0.82976037996322844796920222527480026,-1.6846890385907072203026897964970863,0.031188657995643161696838475299850641,13.384164464050150444007414733666479,False
"m003(-6,11)",B,Abbb,,,2.5917016158181053216206793663345591,-2.3542949681683767187577110172058196,0.15260334995167770091648351245990768,-3.4078228749834991901063308917908074,36.256455372368960322454517666655451,False
"m003(-6,11)",AB,Ab,,,-0.70023467555283107918323429106598502,4.2375832549467276380755331170656077,-9.9052799262536205193115967179267731,-1.0712790315245218315846610466754262,4.4465490083734335573664282413103845,False
"m003(-6,11)",AB,AAB,,,0.0055282674032123384212883464126684604,-3.5223265310926856262117318180423575,0.15260334995167770091648351245990768,-3.4078228749834991901063308917908074,7.2027358030852658250830323223784855,False
"m003(-6,11)",AB,AAb,,,-4.5240527871425259675729898388860382,0.50951967448057677190148932226277378,1.8744471438440711239937376331517086,-16.440843401175561190187727844168024,6.2056129024534928509944221510271808,False
"m003(-6,11)",AB,ABB,,,-2.1016884074747376553532249917050257,-0.0097361814726548425869936189379341030,0.15260334995167770091648351245990768,-3.4078228749834991901063308917908074,0.00000000000000000000000000000000000,True
"m003(-6,11)",AB,Abb,,,4.9801048981938429584830612501935964,6.3094832006853710508906255535271001,0.89349889670205631280259596255855697,27.483069358265949271829024713085355,11.494435107872559035995310072033477,False
"m003(-6,11)",AB,AAAB,,,5.6493197330758910336199757703111030,-0.82002419849057360538220860633686616,5.8393686799707826374025024882123600,0.33333401215425596123415961415821956,9.9973627370871985941870002537079183,False
"m003(-6,11)",AB,AAAb,,,-1.8848422469915362019495596929814417,-7.9690039606118279468290300040767006,-5.3250156995324592700229817796157638,30.152947213879182591584854172358956,21.101137682492552802514619090165921,False
"m003(-6,11)",AB,AABB,,,-1.4570656404922580349628802408833751,-2.7279250078880565236020850083350703,-11.752676576301942818395113205466865,-4.4791019065080210216909919384662336,6.2056129024534928509944221510271808,False
"m003(-6,11)",AB,AAbb,,,-5.1217209328669781528755766852718213,7.2703533767573847320323282321606134,-45.730811053691957908181776306742993,-5.0782580170148363992789005246187799,27.599193600585167476408220711049067,False
"m003(-6,11)",AB,ABAb,,,-5.3447243360548078518930259168665479,-2.7160860885018882052162359194471976,-9.9052799262536205193115967179267731,-1.0712790315245218315846610466754262,17.663534214950957720197041897962388,False
"m003(-6,11)",AB,ABBB,,,-0.70666043182526197800295772555885600,2.5683263135476158995501350475780731,-9.9052799262536205193115967179267731,-1.0712790315245218315846610466754262,1.6692693092346693731370781423404042,False
"m003(-6,11)",AB,ABaB,,,-3.4151372984319933751513596175214029,0.88985247073225455474585168451702702,5.8393686799707826374025024882123600,0.33333401215425596123415961415821956,4.1256938966061433725528734184070233,False
"m003(-6,11)",AB,ABab,,,3.4123731647303872059407154443150687,0.87131079481408825836001422450415174,-11.752676576301942818395113205466865,-4.4791019065080210216909919384662336,11.037734775131392895521888095724059,False
"m003(-6,11)",AB,Abbb,,,13.642960198749665501360874214434108,1.3948768622061229502318270418957116,81.120557391871893227550439372211811,-10.964382516543007067550101016261678,33.983416700037059237591552137629348,False
"m003(-6,11)",Ab,AAB,,,-4.5240527871425259675729898388860382,0.50951967448057677190148932226277378,5.8393686799707826374025024882123600,0.33333401215425596123415961415821956,4.9976743687835180896365676513615241,False
"m003(-6,11)",Ab,AAb,,,-2.0547337862167102202654670872691581,4.0329086943887514365287539015627693,0.15260334995167770091648351245990768,-3.4078228749834991901063308917908074,10.599503850005730985876351883995986,False
"m003(-6,11)",Ab,ABB,,,3.1391340044179515582192681971463750,4.5709172671009835993096927312238273,0.89349889670205631280259596255855697,27.483069358265949271829024713085355,4.4465490083734335573664282413103845,False
"m003(-6,11)",Ab,Abb,,,3.6644575143609313057391035290753725,-3.5093744170491166103120253034863352,0.15260334995167770091648351245990768,-3.4078228749834991901063308917908074,12.786459164165785281208312616065128,False
"m003(-6,11)",Ab,AAAB,,,-1.8848422469915362019495596929814417,-7.9690039606118279468290300040767006,-25.379800296447956760783964044085440,7.4826395881595191468057439672355571,11.839336681372810299664906577737578,False
"m003(-6,11)",Ab,AAAb,,,-6.2495344369052985868718975131227992,-0.22204628861598369844147158352475771,5.8393686799707826374025024882123600,0.33333401215425596123415961415821956,17.192886192543331695256234092229262,False
"m003(-6,11)",Ab,AABB,,,-2.0547337862167102202654670872691581,4.0329086943887514365287539015627693,0.15260334995167770091648351245990768,-3.4078228749834991901063308917908074,10.599503850005730985876351883995986,False
"m003(-6,11)",Ab,AAbb,,,4.6904302644354997830279681557772804,7.4368728414191638491703603843671335,-7.7877550401752313049863483504062141,12.295075506821796129730895519860010,26.865077674598845291272263582798752,False
"m003(-6,11)",Ab,ABAb,,,-1.2340622373044283359454310092886485,7.2585144573712164136464791432727407,-9.9052799262536205193115967179267731,-1.0712790315245218315846610466754262,22.108694703587130844904535707542639,False
"m003(-6,11)",Ab,ABBB,,,9.3512228443800362422251225048278248,0.23178247008863854102846520246269181,81.120557391871893227550439372211811,-10.964382516543007067550101016261678,4.3151009280295681098355312474140007,False
"m003(-6,11)",Ab,ABaB,,,2.8147050190059350206381285979292857,7.6321444970908962184908531344019914,-41.755785256059309016908668273099243,18.542753804277622294052487192588929,3.0552125949384408940484827302355389,False
"m003(-6,11)",Ab,ABab,,,-1.3548752448120708164646041838395764,-6.6653827547491825079946340350880999,-7.7877550401752313049863483504062141,12.295075506821796129730895519860010,15.388192767873806199571507334283202,False
"m003(-6,11)",Ab,Abbb,,,1.0216091183395623438940198296258159,-8.7954372712453343620058638353116092,-9.9052799262536205193115967179267731,-1.0712790315245218315846610466754262,38.310424388843695939422365464228061,False
"m003(-6,11)",AAB,AAb,,,-0.037445596943213902866043205441349356,-4.5611810856283287567226991122858931,9.4086091239114983595632730964442533,-9.2918636390543068487409064464281899,11.913870409702160603069179002106253,False
"m003(-6,11)",AAB,ABB,,,-1.4570656404922580349628802408833751,-2.7279250078880565236020850083350703,5.8393686799707826374025024882123600,0.33333401215425596123415961415821956,7.2027358030852658250830323223784855,False
"m003(-6,11)",AAB,Abb,,,-5.1217209328669781528755766852718213,7.2703533767573847320323282321606134,13.779727070097691643305334351078482,-15.369564369651039358603066797492598,9.2207873424567613751066634183985326,False
"m003(-6,11)",AAB,AAAB,,,5.5030687631010152223357956748949750,4.8627183131540791415523249084854998,0.15260334995167770091648351245990768,-3.4078228749834991901063308917908074,16.491001475583946666223018467612746,False
"m003(-6,11)",AAB,AAAb,,,8.5111377446836568337907673987066755,-2.6976530751815282615740215288824973,8.3021080206135546723658690590028103,18.191205719211642423088118266657165,14.410593249298900566340186222415351,False
"m003(-6,11)",AAB,AABB,,,-1.8784164907191053031298362584885707,-6.2997470192127162083036319345891660,5.8393686799707826374025024882123600,0.33333401215425596123415961415821956,11.913870409702160603069179002106253,False
"m003(-6,11)",AAB,AAbb,,,-8.0969310869536208859554140006628915,-3.6298691635994828885478024753155651,-20.198407407292323446481328750197646,-15.968720480157854736190975383645144,31.735807016328072246136676814343178,False
"m003(-6,11)",AAB,ABAb,,,2.4068951073780930571861920166248410,-6.8059095684943435376256681646436808,27.406850790243705585694185189697056,-27.331305864318579527099802703194389,23.331217676274838547813816960905730,False
"m003(-6,11)",AAB,ABBB,,,-4.5240527871425259675729898388860382,0.50951967448057677190148932226277378,13.779727070097691643305334351078482,-15.369564369651039358603066797492598,8.1176495576737595611311782667310242,False
"m003(-6,11)",AAB,ABaB,,,-3.9490850575230599544367414792451180,-3.4175590564561540326933245107287415,-6.0558069847769005040447510511313148,6.1088893885923756715589988263642589,7.9678712955353237305513805382723236,False
"m003(-6,11)",AAB,ABab,,,-0.70023467555283107918323429106598502,4.2375832549467276380755331170656077,13.779727070097691643305334351078482,-15.369564369651039358603066797492598,17.681620451272987986536345891489216,False
"m003(-6,11)",AAB,Abbb,,,2.6301682108155772243412127220954538,14.992108066900600911910846103972260,-34.566426674188716000756292038914869,-34.897871218739763029629595082819516,40.430439144127791227284150361889862,False
"m003(-6,11)",AAb,ABB,,,-2.0547337862167102202654670872691581,4.0329086943887514365287539015627693,-32.103687333545943965792925468124419,-17.039999511682376567775636430320571,6.2056129024534928509944221510271808,False
"m003(-6,11)",AAb,Abb,,,4.6904302644354997830279681557772804,7.4368728414191638491703603843671335,1.8744471438440711239937376331517086,-16.440843401175561190187727844168024,11.241555121156909530519419571536851,False
"m003(-6,11)",AAb,AAAB,,,8.5111377446836568337907673987066755,-2.6976530751815282615740215288824973,-11.752676576301942818395113205466865,-4.4791019065080210216909919384662336,11.605534159649535138024421681742260,False
"m003(-6,11)",AAb,AAAb,,,1.4158349117931799630317027119161461,-12.857314761634578293960606203821831,0.15260334995167770091648351245990768,-3.4078228749834991901063308917908074,26.322635462614181281137173393505445,False
"m003(-6,11)",AAb,AABB,,,-1.9642228388081002265558692380093875,-0.72820883789761102776350781357927251,-20.198407407292323446481328750197646,-15.968720480157854736190975383645144,0.00000000000000000000000000000000000,True
"m003(-6,11)",AAb,AAbb,,,-13.664569317089227845254894044059923,7.4005604090392114117740367934158976,5.8393686799707826374025024882123600,0.33333401215425596123415961415821956,30.797638809342382426356996278187880,False
"m003(-6,11)",AAb,ABAb,,,-11.936299766924403523357916488875252,-3.9632031757537388497819620894737847,-3.8022139246690964346279381640176454,-13.335165880350674799618718091235586,11.601092511923306346826980802961759,False
"m003(-6,11)",AAb,ABBB,,,4.6904302644354997830279681557772804,7.4368728414191638491703603843671335,-25.397228236995069697708247576412288,83.435714072775256265278092019823100,7.1192010441596541475471931254380273,False
"m003(-6,11)",AAb,ABaB,,,-6.9187492717873466620088120332403058,6.9074611105599609578313625763392085,-5.2739966990752951399841909838004129,-50.613197474718641373955152672472480,9.9940025791994582406705404407152279,False
"m003(-6,11)",AAb,ABab,,,9.3512228443800362422251225048278248,0.23178247008863854102846520246269181,-12.483467861546384052416882476982416,-28.523159731794827941716847284460931,6.0729251032300408911851079276958343,False
"m003(-6,11)",AAb,Abbb,,,15.484613028638970903635453084536913,3.5846954810949788391745655115303340,-32.103687333545943965792925468124419,-17.039999511682376567775636430320571,28.519562897096143370028123407241922,False
"m003(-6,11)",ABB,Abb,,,9.3576486006524671410448459393206958,1.9010394114877502795538632719502264,81.120557391871893227550439372211811,-10.964382516543007067550101016261678,11.494435107872559035995310072033477,False
"m003(-6,11)",ABB,AAAB,,,3.8083488392999996333561827172638817,-2.5585901320749610569631414286401390,-11.752676576301942818395113205466865,-4.4791019065080210216909919384662336,9.9973627370871985941870002537079183,False
"m003(-6,11)",ABB,AAAb,,,-7.6509881688272051630418882137618398,-4.4693657250353661791039983195282995,88.163560959235826511802420881313271,38.117715435918083817473372855271649,21.101137682492552802514619090165921,False
"m003(-6,11)",ABB,AABB,,,-2.4048725684549770877310965310132491,-2.7227888450338861832162242905722001,-9.9052799262536205193115967179267731,-1.0712790315245218315846610466754262,6.2056129024534928509944221510271808,False
"m003(-6,11)",ABB,AAbb,,,2.2800294285773103568755832783513628,8.2364105274779632921658679118372909,-43.395469903327276923839159669665091,101.47515629803952894363698827658930,27.599193600585167476408220711049067,False
"m003(-6,11)",ABB,ABAb,,,-6.0013106468468863583507506374432935,-0.27817909219205435270816911631951090,-3.8123181861750338124922813426007437,-20.182000288313316341528218350117051,17.663534214950957720197041897962388,False
"m003(-6,11)",ABB,ABBB,,,-2.5476313256011533782667507786060773,0.82976037996322844796920222527480026,0.15260334995167770091648351245990768,-3.4078228749834991901063308917908074,1.6692693092346693731370781423404042,False
"m003(-6,11)",ABB,ABaB,,,-1.9525433905365230017671910302253594,0.095450947527625452136204874809739795,0.16270761145761507878082669104300603,3.4390115329791423518031693670906581,4.1256938966061433725528734184070233,False
"m003(-6,11)",ABB,ABab,,,3.4123731647303872059407154443150687,0.87131079481408825836001422450415174,-11.752676576301942818395113205466865,-4.4791019065080210216909919384662336,11.037734775131392895521888095724059,False
"m003(-6,11)",ABB,Abbb,,,12.920463288320751964385893113059718,-9.3934151811199242689466008581237176,-51.957594464913811522182922297177324,-234.28983736762648550256821902987188,33.983416700037059237591552137629348,False
"m003(-6,11)",Abb,AAAB,,,-13.783696416972725822441432976415344,-7.3710260507372380398882929812645921,15.766890604461920489260942933140439,73.604737052302986599604854269089455,21.172878386028177322628561424565376,False
"m003(-6,11)",Abb,AAAb,,,-7.9778039870701229087688750683074711,11.141717296176966563114527299364925,8.3021080206135546723658690590028103,18.191205719211642423088118266657165,20.491916071652875025754322353100266,False
"m003(-6,11)",Abb,AABB,,,2.2800294285773103568755832783513628,8.2364105274779632921658679118372909,-10.646175473003999131197709168025422,-31.962171264773970293520016651551589,11.241555121156909530519419571536851,False
"m003(-6,11)",Abb,AAbb,,,17.603793247326519783477346392409702,0.35238696158051588405685189869536006,-9.9052799262536205193115967179267731,-1.0712790315245218315846610466754262,39.022748562343389958870275094334708,False
"m003(-6,11)",Abb,ABAb,,,8.6370071250656759211132517059514158,11.747960627999969638407283402249414,-3.8123181861750338124922813426007437,-20.182000288313316341528218350117051,19.666793142133001563576133459356227,False
"m003(-6,11)",Abb,ABBB,,,11.079492394544860564122100060012497,-11.131981114704311720527533680426990,-51.957594464913811522182922297177324,-234.28983736762648550256821902987188,13.146268295098398898238584812284868,False
"m003(-6,11)",Abb,ABaB,,,13.283442527100491462999398159555133,5.3607569654428414831208184834808248,60.891981520808064549548806769917841,120.33735444570061246531441634962881,14.822210448538586848569740442492813,False
"m003(-6,11)",Abb,ABab,,,-10.219219514151829699599932734758804,-6.8370383822651319655185269050574901,30.165816291214981277294381758675384,-19.582844177806500963940309763964505,16.957024710488710007105575517971509,False
"m003(-6,11)",Abb,Abbb,,,-15.068253942449223633458197579783208,-14.691567483635180655363086582108764,0.15260334995167770091648351245990768,-3.4078228749834991901063308917908074,37.293753668066739366786840172904505,False
"m003(-6,11)",AAAB,AAAb,,,8.2751129021198951099020159680854772,14.167199437758926734926967526970339,-21.069664305756862426737080985754897,28.748334170200404798766033511525310,28.448586937985073870165014262880211,False
"m003(-6,11)",AAAB,AABB,,,6.1007369088254674076383825212807580,-1.8981153891227288185785140014123399,-25.379800296447956760783964044085440,7.4826395881595191468057439672355571,11.605534159649535138024421681742260,False
"m003(-6,11)",AAAB,AAbb,,,4.4828220584434478956418123099188093,-16.094759444003211589464180534419675,-24.638904749697578148897851593986790,38.373531821408967608741099572111720,19.279115410311383445317768876560346,False
"m003(-6,11)",AAAB,ABAb,,,12.457714605313832971876050948880811,1.6134347113992775276629014889997829,-35.793184867694882678458992683231816,75.039979431096535781001294389193921,18.448555715574629130489412802017152,False
"m003(-6,11)",AAAB,ABBB,,,-1.8784164907191053031298362584885707,-6.2997470192127162083036319345891660,-24.638904749697578148897851593986790,38.373531821408967608741099572111720,8.5704527266864191714998855569184572,False
"m003(-6,11)",AAAB,ABaB,,,4.5497732737578406618091587429725869,-5.9720724467886877971056477100579169,11.932330420049369344221817863538389,-18.777387244634538548709397689283406,8.8274377923066392092377041178982961,False
"m003(-6,11)",AAAB,ABab,,,-7.4639045547423567317349192247393370,0.51622243101257474990147769338777632,-32.162962468259068006603043878696237,38.071386467250354809203778433253351,10.961030634910603836484404038251709,False
"m003(-6,11)",AAAB,Abbb,,,-25.563423487070417465746767327493826,7.9985383189138013187147738162280060,199.05246453428898272080316908457160,-62.360081883996912025216980531877538,30.685106463654318367572405051610120,False
"m003(-6,11)",AAAb,AABB,,,1.7659736940314468304973321556602371,-6.1016172222119406742156280116868614,47.757765605076327873643626354186042,2.8865102050240648266096181582939136,26.322635462614181281137173393505445,False
"m003(-6,11)",AAAb,AAbb,,,-17.645023976025597855408523921376931,-15.937626731103150701619543110852261,-5.3250156995324592700229817796157638,30.152947213879182591584854172358956,37.901539001692607658115899400665264,False
"m003(-6,11)",AAAb,ABAb,,,-0.92634871008219861582763982755136971,-19.611445707379388276091456742594668,0.89349889670205631280259596255855697,27.483069358265949271829024713085355,37.697498979906039453093832491863250,False
"m003(-6,11)",AAAb,ABBB,,,-13.664569317089227845254894044059923,7.4005604090392114117740367934158976,86.673405108336352397406256634687394,-237.88860777263740672181770994937341,21.456145038426952234231235160805698,False
"m003(-6,11)",AAAb,ABaB,,,-12.148806551774644176341599034103949,-10.442976941499274725480614509021715,-0.76217941335841095765865037363160310,137.33024794389862413322671744398088,19.856061279349275187367180224148738,False
"m003(-6,11)",AAAb,ABab,,,5.5700199784154079885031421079487526,14.985405310368602933910857732847258,39.451897600813232651877874002145694,59.306451714176469072586448518272283,31.997203375200025365862779867759598,False
"m003(-6,11)",AAAb,Abbb,,,3.1477906541284716690723044667234903,24.084982664755104924309687440232482,47.757765605076327873643626354186042,2.8865102050240648266096181582939136,54.831434980900284940738108389733036,False
"m003(-6,11)",AABB,AAbb,,,-3.6066860408839296250268138136732426,5.0640165655802340532523669483005163,-32.231085523824035016413675401836967,71.655543096314602313286293718388563,30.797638809342382426356996278187880,False
"m003(-6,11)",AABB,ABAb,,,-0.037445596943213902866043205441349356,-4.5611810856283287567226991122858931,-24.894120228663476193911862876773848,-56.786955718774478807638718187966085,11.601092511923306346826980802961759,False
"m003(-6,11)",AABB,ABBB,,,-4.5240527871425259675729898388860382,0.50951967448057677190148932226277378,0.15260334995167770091648351245990768,-3.4078228749834991901063308917908074,7.1192010441596541475471931254380273,False
"m003(-6,11)",AABB,ABaB,,,-2.5540570818735842770864742130989483,-0.83949656143588329055619584421273436,-11.732468053290068062666426848300669,9.2145669094172620621280085792966974,9.9940025791994582406705404407152279,False
"m003(-6,11)",AABB,ABab,,,-0.70666043182526197800295772555885600,2.5683263135476158995501350475780731,-12.483467861546384052416882476982416,-28.523159731794827941716847284460931,6.0729251032300408911851079276958343,False
"m003(-6,11)",AABB,Abbb,,,12.417625881988702971025343486534250,6.8221401634636121346781398421281780,-90.873233968173836045945552577678677,6.4852806100349860458591090777954447,28.519562897096143370028123407241922,False
"m003(-6,11)",AAbb,ABAb,,,-19.876658157051312529260748351741373,11.739695206051556470055264322177033,20.207387946867175191677465776929583,19.262484750736164254672779313332591,36.570916687702871187678555379706773,False
"m003(-6,11)",AAbb,ABBB,,,15.484613028638970903635453084536913,3.5846954810949788391745655115303340,265.40895104321773137532599887406375,68.227884613215677567930894921432132,25.930376842141630860633857557477121,False
"m003(-6,11)",AAbb,ABaB,,,1.4172902105255581351420140764545741,17.603937793293045599391089683601044,-157.64263219526758154276534986715544,23.845455446901283648198435588778448,24.305241460611857442619968546429003,False
"m003(-6,11)",AAbb,ABab,,,11.525435312671276287035625846913548,-11.971477676140195011083729524639725,-38.562158687760716888475161332624675,42.787764872453526868307524821448607,29.718913355682469417232021934768176,False
"m003(-6,11)",AAbb,Abbb,,,22.846148353668210963111859637746615,-21.498437914639515585214832488024985,-45.730811053691957908181776306742993,-5.0782580170148363992789005246187799,43.755502525043638304530998611378204,False
"m003(-6,11)",ABAb,ABBB,,,-4.1739140049042591001073603951419472,7.2652172139032143916464675143977432,-62.206250945160802298917644784397677,-30.526928885980421112123576531447123,18.221260849126112384978745500798402,False
"m003(-6,11)",ABAb,ABaB,,,-8.2307181503867518357081500102683023,2.2661809593890031000128139087197041,20.207387946867175191677465776929583,19.262484750736164254672779313332591,20.994273054296051163347428218791376,False
"m003(-6,11)",ABAb,ABab,,,16.881706319213956998750038224030142,2.2031847656463630790911844108085954,13.779727070097691643305334351078482,-15.369564369651039358603066797492598,7.6480863023217673973311130879950640,False
"m003(-6,11)",ABAb,Abbb,,,24.348957297978729786770781635456141,3.7563511086109282966984583814997242,-62.206250945160802298917644784397677,-30.526928885980421112123576531447123,17.647712390486480720614510405037997,False
"m003(-6,11)",ABBB,ABaB,,,0.47252139713055644177878605846176989,0.87801355134608623636000259562915429,0.16270761145761507878082669104300603,3.4390115329791423518031693670906581,2.8748942795233637073334076573815129,False
"m003(-6,11)",ABBB,ABab,,,2.5917016158181053216206793663345591,-2.3542949681683767187577110172058196,-17.429337644815110377016789002636219,-1.3734243856831346311219821855337951,11.199534025100397982466499082149458,False
"m003(-6,11)",ABBB,Abbb,,,-1.4411302223032096910693467411646343,-26.653308978302720823859822487810555,-666.72020753994968298553592362800149,211.45592616769449592565698455226548,34.060182501705536925368046204027502,False
"m003(-6,11)",ABaB,ABab,,,3.3913494704159691983056475220559423,-2.5995149715432590612469735228779237,-4.2084103347285782049612345635912224,9.5167122635758748616653297181550663,13.791877459678584954681631863401655,False
"m003(-6,11)",ABaB,Abbb,,,22.191310484293709004208354971822457,-10.357743406943586378852385126843382,330.17665267620846686713875950765897,-205.03390987352983901878419391121038,36.467883708174942892239089785737499,False
"m003(-6,11)",ABab,Abbb,,,-20.133812564375392614732243711346964,4.5636714470084921292177653162594338,-72.481950485652392289163093284341701,-121.37744481922949113520223892100438,22.945684332300900930110153663866345,False
"m003(-7,13)",A,B,,,0.48198733090085899308085200207974469,-0.87826332455734920477794457231341231,0.11115708929888607991151336999135236,-3.4270341474649505869399968381866223,4.0593017436997269510009874473989735,False
"m003(-7,13)",A,AB,,,-2.5351123644624382438605029067277771,0.84046308789439300598677214934877146,0.11115708929888607991151336999135236,-3.4270341474649505869399968381866223,1.6870912386561865597195320168787632,False
"m003(-7,13)",A,Ab,,,-0.65019176941247964428161648336364355,2.5804105562019274083217570965733868,0.11115708929888607991151336999135236,-3.4270341474649505869399968381866223,4.3932077549579753573223991580679895,False
"m003(-7,13)",A,AAB,,,1.4709084273990965241292475207350862,2.6930281061735469576683579657318411,0.11115708929888607991151336999135236,-3.4270341474649505869399968381866223,8.0721745989232042267656689650047461,False
"m003(-7,13)",A,AAb,,,4.5249140426699464380958349743113673,-0.60879439374342776062420489844166033,0.11115708929888607991151336999135236,-3.4270341474649505869399968381866223,7.0784032246454824095080668785171829,False
"m003(-7,13)",A,ABB,,,-0.65019176941247964428161648336364355,2.5804105562019274083217570965733868,-9.9601081155351207201573163266847892,-0.78127335786184662660772594325060824,1.6870912386561865597195320168787632,False
"m003(-7,13)",A,Abb,,,3.7057347640663902449952653796418954,3.6672192445645149544778316781867236,-9.9601081155351207201573163266847892,-0.78127335786184662660772594325060824,13.368447735641754342203432260991606,False
"m003(-7,13)",A,AAAB,,,4.1853041338749178881421193900914207,-3.4208736440963204143085292459221583,0.11115708929888607991151336999135236,-3.4270341474649505869399968381866223,8.4196258522861876559056717631812881,False
"m003(-7,13)",A,AAAb,,,-2.0555429946539106007136488962782518,-6.2476298007664423627995887747601104,0.11115708929888607991151336999135236,-3.4270341474649505869399968381866223,21.594067028020615816889932101989369,False
"m003(-7,13)",A,AABB,,,2.0882741480308398505245228334975960,0.20802959843451037004730915120014271,-9.9601081155351207201573163266847892,-0.78127335786184662660772594325060824,7.0784032246454824095080668785171829,False
"m003(-7,13)",A,AAbb,,,4.0014559952114329893363095210260072,-7.4274179363056696142283418987690088,-9.9601081155351207201573163266847892,-0.78127335786184662660772594325060824,26.351753396164547293813334585849424,False
"m003(-7,13)",A,ABAb,,,4.5249140426699464380958349743113673,-0.60879439374342776062420489844166033,-17.623246047330728284315183330753831,-1.0082238819883814178328739960495484,18.392066012876973609556323000515064,False
"m003(-7,13)",A,ABBB,,,3.7057347640663902449952653796418954,3.6672192445645149544778316781867236,2.2788953269236340070401433298637517,27.708250938097039297215692903597581,0.00000000000000000000000000000000000,True
"m003(-7,13)",A,ABaB,,,2.5737750898082829981660960674157320,-4.1768846245964121922986011626069087,-4.3863865886694458881104625294225634,-13.534290636576155771741657808070662,2.8106641021636153532716205639680548,False
"m003(-7,13)",A,ABab,,,-2.5720182843699909208857354514965364,2.4235591753596255135146182918600891,-17.623246047330728284315183330753831,-1.0082238819883814178328739960495484,11.311163931566742454187140410016564,False
"m003(-7,13)",A,Abbb,,,9.4210734354215271557872132133124980,-0.065350233401176552010513798362627240,2.2788953269236340070401433298637517,27.708250938097039297215692903597581,34.790474493062945800279269740985029,False
"m003(-7,13)",B,AB,,,0.48198733090085899308085200207974469,-0.87826332455734920477794457231341231,0.11115708929888607991151336999135236,-3.4270341474649505869399968381866223,2.7926205770022882739699173297657931,False
"m003(-7,13)",B,Ab,,,-0.48023052546256691580049138616054902,-0.87506212467943747400603829843340723,0.11115708929888607991151336999135236,-3.4270341474649505869399968381866223,3.5567329240785461846203422104541730,False
"m003(-7,13)",B,AAB,,,-0.65019176941247964428161648336364355,2.5804105562019274083217570965733868,5.8910388979413081331373847697333161,0.24634560046819454016930243226456529,4.4036623567666376004084686428428299,False
"m003(-7,13)",B,AAb,,,-2.5351123644624382438605029067277771,0.84046308789439300598677214934877146,5.8910388979413081331373847697333161,0.24634560046819454016930243226456529,7.9239625156788092095429554746973395,False
"m003(-7,13)",B,ABB,,,-0.48023052546256691580049138616054902,-0.87506212467943747400603829843340723,0.11115708929888607991151336999135236,-3.4270341474649505869399968381866223,2.7926205770022882739699173297657931,False
"m003(-7,13)",B,Abb,,,-1.9546525637382475944904601387340266,-0.061439332379411074106430522671609275,0.11115708929888607991151336999135236,-3.4270341474649505869399968381866223,9.9281260771331634322579484027774627,False
"m003(-7,13)",B,AAAB,,,2.0882741480308398505245228334975960,0.20802959843451037004730915120014271,-9.9601081155351207201573163266847892,-0.78127335786184662660772594325060824,12.478915515413325917671514860039888,False
"m003(-7,13)",B,AAAb,,,2.4331262837625224330105909089753799,2.6898269062956352268964516918518360,-9.9601081155351207201573163266847892,-0.78127335786184662660772594325060824,18.685034192574744743437078518252938,False
"m003(-7,13)",B,AABB,,,3.7057347640663902449952653796418954,3.6672192445645149544778316781867236,5.8910388979413081331373847697333161,0.24634560046819454016930243226456529,7.9239625156788092095429554746973395,False
"m003(-7,13)",B,AAbb,,,-0.65019176941247964428161648336364355,2.5804105562019274083217570965733868,5.8910388979413081331373847697333161,0.24634560046819454016930243226456529,29.791237948390918734254936485720550,False
"m003(-7,13)",B,ABAb,,,-2.5351123644624382438605029067277771,0.84046308789439300598677214934877146,0.11674387684681448906800439567292189,3.4464292238066103358841512176522474,19.664399621054077194619161338769263,False
"m003(-7,13)",B,ABBB,,,-1.9546525637382475944904601387340266,-0.061439332379411074106430522671609275,0.11115708929888607991151336999135236,-3.4270341474649505869399968381866223,4.0593017436997269510009874473989735,False
"m003(-7,13)",B,ABaB,,,1.5390346801135935643701031133722912,0.84662359126302317861823974161323548,-1.7720990338542994310204822343357257,0.019395076341659748944154379465625134,5.1863769592049085100066333842155483,False
"m003(-7,13)",B,ABab,,,1.5351123644624382438605029067277771,-0.84046308789439300598677214934877146,-1.7720990338542994310204822343357257,0.019395076341659748944154379465625134,13.505393754200926741164159544091115,False
"m003(-7,13)",B,Abbb,,,-2.5720182843699909208857354514965364,2.4235591753596255135146182918600891,0.11115708929888607991151336999135236,-3.4270341474649505869399968381866223,37.103494208356719568777230959025559,False
"m003(-7,13)",AB,Ab,,,-0.64626945376132432377201627671912947,4.2674972353593435929267689875353937,-9.9601081155351207201573163266847892,-0.78127335786184662660772594325060824,4.4894597770963102969025041257080143,False
"m003(-7,13)",AB,AAB,,,-0.0035136108765841545607212318383913425,3.5066508984735733575679657414936391,0.11115708929888607991151336999135236,-3.4270341474649505869399968381866223,7.1302871533248469418405648959229875,False
"m003(-7,13)",AB,AAb,,,4.5249140426699464380958349743113673,-0.60879439374342776062420489844166033,1.3879084324250477559589178446378308,-16.734374259914571567456506593458344,6.2247380387434853489435113788293177,False
"m003(-7,13)",AB,ABB,,,-2.0741470445760318082306060201000683,-0.0061605033686301726314675922644640204,0.11115708929888607991151336999135236,-3.4270341474649505869399968381866223,0.00000000000000000000000000000000000,True
"m003(-7,13)",AB,Abb,,,5.1296900392299424089442549163783201,6.2537903041350725354310563670245744,2.2788953269236340070401433298637517,27.708250938097039297215692903597581,11.690612254036370734384295256895311,False
"m003(-7,13)",AB,AAAB,,,5.6092594090384700520911089268278454,-0.83430258452576283335530455708430744,5.8910388979413081331373847697333161,0.24634560046819454016930243226456529,9.8790850635851001458510135477092571,False
"m003(-7,13)",AB,AAAb,,,-2.0594653103050659212232491029227659,-7.9347164799238585474046006657221173,-3.9013309799690646598913015970790737,30.600357328168337797717266230798160,21.163319476372834515894138956998735,False
"m003(-7,13)",AB,AABB,,,1.4709084273990965241292475207350862,2.6930281061735469576683579657318411,-11.848951026236234640245802956693437,-4.2083075053267972135477227814372305,6.2247380387434853489435113788293177,False
"m003(-7,13)",AB,AAbb,,,4.9636738515748588982176529092663009,-7.4306191361835813450002481726490139,-46.633970055609783023002169067162131,-2.8478330502121978560746261052448240,28.038188794988970763101453994425343,False
"m003(-7,13)",AB,ABAb,,,5.3911451841430644059387657495858598,2.6859136934973387147991627151333804,-9.9601081155351207201573163266847892,-0.78127335786184662660772594325060824,17.875443729759541680294633267864271,False
"m003(-7,13)",AB,ABBB,,,-0.65019176941247964428161648336364355,2.5804105562019274083217570965733868,-9.9601081155351207201573163266847892,-0.78127335786184662660772594325060824,1.6870912386561865597195320168787632,False
"m003(-7,13)",AB,ABaB,,,3.4400062312814009660090268426902246,-0.88217653735564571687523354903186793,5.8910388979413081331373847697333161,0.24634560046819454016930243226456529,4.0890559856486497067561315867980355,False
"m003(-7,13)",AB,ABab,,,-3.4382494258431088887286662267710289,-0.87114891188114096190874932171495161,-11.848951026236234640245802956693437,-4.2083075053267972135477227814372305,11.193493274866328088568933774583916,False
"m003(-7,13)",AB,Abbb,,,13.776999968900397045064095076318037,1.0214584549614109941455607832507095,81.583525627860166497068480022093724,-16.485033616067913687762442240810074,34.811613573876452015217426980981059,False
"m003(-7,13)",Ab,AAB,,,4.5249140426699464380958349743113673,-0.60879439374342776062420489844166033,5.8910388979413081331373847697333161,0.24634560046819454016930243226456529,4.8874435906506749758949654266356597,False
"m003(-7,13)",Ab,AAb,,,1.9096682363040089842510654556900199,-4.1287966362666066267076853084755125,0.11115708929888607991151336999135236,-3.4270341474649505869399968381866223,10.676381220643145093573840152008873,False
"m003(-7,13)",Ab,ABB,,,3.2447694441799838093653684930141866,4.5138428358275381330960714197999590,2.2788953269236340070401433298637517,27.708250938097039297215692903597581,4.4894597770963102969025041257080143,False
"m003(-7,13)",Ab,Abb,,,3.6411916267791051025613418135705343,-3.7387299813343216791198130688138148,0.11115708929888607991151336999135236,-3.4270341474649505869399968381866223,13.073890316464879901892849007183902,False
"m003(-7,13)",Ab,AAAB,,,-2.0594653103050659212232491029227659,-7.9347164799238585474046006657221173,-25.085810484897517036450523758024704,8.3177592492609771403610610305838826,11.761301638911854364066077330880085,False
"m003(-7,13)",Ab,AAAb,,,-6.3469263908454953475566071932124297,0.071510736769806724641981390627091261,5.8910388979413081331373847697333161,0.24634560046819454016930243226456529,17.272395466185584481697070872983133,False
"m003(-7,13)",Ab,AABB,,,1.9096682363040089842510654556900199,-4.1287966362666066267076853084755125,0.11115708929888607991151336999135236,-3.4270341474649505869399968381866223,10.676381220643145093573840152008873,False
"m003(-7,13)",Ab,AAbb,,,-5.0634598913031001531682949703423926,-7.3343780356782711137761615622227839,-7.3458205607199742630673360315979515,12.772412355055968894078086244285678,27.169970977074047386381438322014640,False
"m003(-7,13)",Ab,ABAb,,,1.0434370948308910164081346804155274,-7.4235047235073731021310529220505532,-9.9601081155351207201573163266847892,-0.78127335786184662660772594325060824,22.364202376652869345779144534813962,False
"m003(-7,13)",Ab,ABBB,,,9.4210734354215271557872132133124980,-0.065350233401176552010513798362627240,81.583525627860166497068480022093724,-16.485033616067913687762442240810074,4.3932077549579753573223991580679895,False
"m003(-7,13)",Ab,ABaB,,,-2.9994896169381964286068482918160952,-7.6929736543212945462847925959223052,-42.125252802545594236667211116385077,21.006350181442129174375330976316955,3.2069142684325497992414915292449382,False
"m003(-7,13)",Ab,ABab,,,1.5268243841008078271972401551618133,6.7532709973845342674004175009372836,-7.3458205607199742630673360315979515,12.772412355055968894078086244285678,15.581354588489343771665081757719887,False
"m003(-7,13)",Ab,Abbb,,,0.63048188936483735227538819792734896,-9.0398428770902773875897407677363276,-9.9601081155351207201573163266847892,-0.78127335786184662660772594325060824,39.141902259676501020691229170903740,False
"m003(-7,13)",AAB,AAb,,,-0.17062239960395200113476247291411829,-4.5076823324589079604646038275354950,9.0566331517685837292732758743884421,-9.6339603645164758534072104848205338,11.990449393345667602774397683526643,False
"m003(-7,13)",AAB,ABB,,,1.4709084273990965241292475207350862,2.6930281061735469576683579657318411,5.8910388979413081331373847697333161,0.24634560046819454016930243226456529,7.1302871533248469418405648959229875,False
"m003(-7,13)",AAB,Abb,,,4.9636738515748588982176529092663009,-7.4306191361835813450002481726490139,13.348016547960168476116234171322620,-15.953100902052724940848780650207735,9.5978704452241523861763251848341163,False
"m003(-7,13)",AAB,AAAB,,,-5.5120783337298918918638698770475131,-4.7158224862242550806060805103504126,0.11115708929888607991151336999135236,-3.4270341474649505869399968381866223,16.287514049412422682629294991782916,False
"m003(-7,13)",AAB,AAAb,,,-8.3874780372739109395569999528162181,2.9228262483938366344414768134987440,9.3355284786922177363134192042521939,18.074290573580563443808482418777047,14.437852160586271080625662621104897,False
"m003(-7,13)",AAB,AABB,,,-2.0555429946539106007136488962782518,-6.2476298007664423627995887747601104,5.8910388979413081331373847697333161,0.24634560046819454016930243226456529,11.990449393345667602774397683526643,False
"m003(-7,13)",AAB,AAbb,,,-8.2357693015466092676450938232210773,-3.3555234106951438622980154475595310,-21.437002481413379906640131939146075,-14.592626446938125583375683974015329,31.907367560993191615034945825835879,False
"m003(-7,13)",AAB,ABAb,,,2.2964612231738039680536327600827730,-6.8479077915612710012485260841087805,26.584876006621450872320954972653888,-28.479167656640499294757564462228849,23.547729000346477096500571715138139,False
"m003(-7,13)",AAB,ABBB,,,4.5249140426699464380958349743113673,-0.60879439374342776062420489844166033,13.348016547960168476116234171322620,-15.953100902052724940848780650207735,8.0721745989232042267656689650047461,False
"m003(-7,13)",AAB,ABaB,,,-3.9629899552771457283190926501087159,-3.4331946508335807595714644304510863,-6.0634824300458841778634405312699036,6.3385356138779088363857245448528268,7.9820443023436298353696116020531867,False
"m003(-7,13)",AAB,ABab,,,-0.64626945376132432377201627671912947,4.2674972353593435929267689875353937,13.348016547960168476116234171322620,-15.953100902052724940848780650207735,17.800007911115137062640120354315978,False
"m003(-7,13)",AAB,Abbb,,,-3.1502780441225070143565082828139814,-14.969825570418451098051812612191935,-36.841600177699410229973482700349742,-33.201844777912341113622589903778419,41.321313522400021380651808890937901,False
"m003(-7,13)",AAb,ABB,,,1.9096682363040089842510654556900199,-4.1287966362666066267076853084755125,-33.397110596948500626797448265830864,-15.373899804799972209983409917265937,6.2247380387434853489435113788293177,False
"m003(-7,13)",AAb,Abb,,,-5.0634598913031001531682949703423926,-7.3343780356782711137761615622227839,1.3879084324250477559589178446378308,-16.734374259914571567456506593458344,11.476105218476734033339643873677414,False
"m003(-7,13)",AAb,AAAB,,,-8.3874780372739109395569999528162181,2.9228262483938366344414768134987440,-11.848951026236234640245802956693437,-4.2083075053267972135477227814372305,11.336089577717126387162976406177293,False
"m003(-7,13)",AAb,AAAb,,,-0.89089186220828835337811407349844557,12.947031190367742975114090067573364,0.11115708929888607991151336999135236,-3.4270341474649505869399968381866223,26.427909485482016195897894091781497,False
"m003(-7,13)",AAb,AABB,,,-1.9949221730177807787893255368514048,-0.52876725402502191380695591872157892,-21.437002481413379906640131939146075,-14.592626446938125583375683974015329,0.00000000000000000000000000000000000,True
"m003(-7,13)",AAb,AAbb,,,-13.407481858265234397339483274245386,8.0183844221288663934441799844856181,5.8910388979413081331373847697333161,0.24634560046819454016930243226456529,31.223287782725735526333070010130807,False
"m003(-7,13)",AAb,ABAb,,,-12.126808199487917400782478592954393,-3.6018690111633384024673178798240963,-4.3863865886694458881104625294225634,-13.534290636576155771741657808070662,11.758269843534313059132925624586271,False
"m003(-7,13)",AAb,ABBB,,,-5.0634598913031001531682949703423926,-7.3343780356782711137761615622227839,-18.995193337035499127901557069003318,87.217165446826916941387253917031422,7.0784032246454824095080668785171829,False
"m003(-7,13)",AAb,ABaB,,,-6.8264957606540229907034612036619549,7.1596036254306420934283423147359731,-8.4951585851683163946841699891418477,-52.341470414567146332497174325691864,9.8870619659543487979612150596911670,False
"m003(-7,13)",AAb,ABab,,,9.4210734354215271557872132133124980,-0.065350233401176552010513798362627240,-14.011102476313054158217941890884267,-28.470129219617226174879264467382564,6.0776495515365057933102387661347722,False
"m003(-7,13)",AAb,Abbb,,,-15.846922134054003898383194473965779,-2.8746466362708262645442233268369068,-33.397110596948500626797448265830864,-15.373899804799972209983409917265937,29.344511361986593178638897691394240,False
"m003(-7,13)",ABB,Abb,,,9.4249957510726824762968134199570120,1.6217364457562396325944980925993797,81.583525627860166497068480022093724,-16.485033616067913687762442240810074,11.690612254036370734384295256895311,False
"m003(-7,13)",ABB,AAAB,,,3.7243388139885114525122225034637119,-2.5742500528332972356902895043089228,-11.848951026236234640245802956693437,-4.2083075053267972135477227814372305,9.8790850635851001458510135477092571,False
"m003(-7,13)",ABB,AAAb,,,-7.7748039816602028320151969365933685,-4.2021470019581670409162551891727665,91.086792344177132160510529186218317,32.724542043074639640201729919751176,21.163319476372834515894138956998735,False
"m003(-7,13)",ABB,AABB,,,2.4331262837625224330105909089753799,2.6898269062956352268964516918518360,-9.9601081155351207201573163266847892,-0.78127335786184662660772594325060824,6.2247380387434853489435113788293177,False
"m003(-7,13)",ABB,AAbb,,,-2.6268199966639935655969828295286213,-8.1512020278562092444476756118645869,-36.523436191888366270949236167268763,106.06237273895094038273760789443974,28.038188794988970763101453994425343,False
"m003(-7,13)",ABB,ABAb,,,6.0085109047748077323340410623483696,0.20091518575830212717811390060168200,-4.3919733762173742972669535551041329,-20.407754007847716694565805863909531,17.875443729759541680294633267864271,False
"m003(-7,13)",ABB,ABBB,,,-2.5351123644624382438605029067277771,0.84046308789439300598677214934877146,0.11115708929888607991151336999135236,-3.4270341474649505869399968381866223,1.6870912386561865597195320168787632,False
"m003(-7,13)",ABB,ABaB,,,1.9655841930057202873190580901167470,-0.068553745055619316975625773270069977,0.11674387684681448906800439567292189,3.4464292238066103358841512176522474,4.0890559856486497067561315867980355,False
"m003(-7,13)",ABB,ABab,,,-3.4382494258431088887286662267710289,-0.87114891188114096190874932171495161,-11.848951026236234640245802956693437,-4.2083075053267972135477227814372305,11.193493274866328088568933774583916,False
"m003(-7,13)",ABB,Abbb,,,12.586667689248802751923104317967624,-9.9456561983858469455870267154477263,-72.433708194369482470254169187463467,-234.15388842251142760613999227649409,34.811613573876452015217426980981059,False
"m003(-7,13)",Abb,AAAB,,,-14.015651110189031320870965222963041,-7.0289031586282889894073147180107186,19.814566828367949253788973671930753,72.901234713203502678308643108411070,21.206526996624018263411882937667526,False
"m003(-7,13)",Abb,AAAb,,,-7.6276000496228123441136118745034222,11.691764170062011520553479254936806,9.3355284786922177363134192042521939,18.074290573580563443808482418777047,20.574613405731401320068840639698055,False
"m003(-7,13)",Abb,AABB,,,-2.6268199966639935655969828295286213,-8.1512020278562092444476756118645869,-12.127846353159868647285946286557189,-31.916558443423836510763415685034811,11.476105218476734033339643873677414,False
"m003(-7,13)",Abb,AAbb,,,-17.938709892961427903468438539301766,0.42397466376823672297643326345658952,-9.9601081155351207201573163266847892,-0.78127335786184662660772594325060824,39.649002199875516593078171956002434,False
"m003(-7,13)",Abb,ABAb,,,-9.1623025597738989012512705770007423,-11.664089857703179867661960771299978,-4.3919733762173742972669535551041329,-20.407754007847716694565805863909531,19.795985217396636960228257886802875,False
"m003(-7,13)",Abb,ABBB,,,10.701747094198844152344217894603490,-11.685603666693381347922011662672342,-72.433708194369482470254169187463467,-234.15388842251142760613999227649409,13.368447735641754342203432260991606,False
"m003(-7,13)",Abb,ABaB,,,-13.643989080447898806388071484187299,-5.1117340460769477274396571709643767,70.482572883513888338122992838233223,120.08615472795469986431377552013261,15.100301202468385385017440951022158,False
"m003(-7,13)",Abb,ABab,,,10.591740270615340969701844646530213,6.6602310967571357669482371643910586,30.393045653156174085489412555364562,-21.768228462962316052038902540101938,17.105666686826277984598061580822342,False
"m003(-7,13)",Abb,Abbb,,,-16.050867150047354647105367037922796,-14.341721095614871937320136942227696,0.11115708929888607991151336999135236,-3.4270341474649505869399968381866223,38.330581597322534792085647205197006,False
"m003(-7,13)",AAAB,AAAb,,,8.6450428424391955445867264427801997,13.870650446820929818024373209855035,-19.752477993445493513186002693497179,29.572738369838296630940237855282987,28.550042587919569265704327676791229,False
"m003(-7,13)",AAAB,AABB,,,-5.9508381426348043519856878120024468,2.1060022562158985037699627638569410,-25.085810484897517036450523758024704,8.3177592492609771403610610305838826,11.336089577717126387162976406177293,False
"m003(-7,13)",AAAB,AAbb,,,-3.9448974774791382673447015270747266,16.248853690284717693406652931746865,-22.918072247272769109321893798152305,39.453044334822967024516750772368086,19.992559790342380393367889207934070,False
"m003(-7,13)",AAAB,ABAb,,,-12.486320705744709687639975559474568,-1.4068855736310721194443223955784505,-32.704855337635213493194089139283125,76.680519433794671204888862626740550,18.493403829894197247685315497666104,False
"m003(-7,13)",AAAB,ABBB,,,-2.0555429946539106007136488962782518,-6.2476298007664423627995887747601104,-22.918072247272769109321893798152305,39.453044334822967024516750772368086,8.4196258522861876559056717631812881,False
"m003(-7,13)",AAAB,ABaB,,,-4.5411160882522953627655147734516747,5.9987638188888181880582098066237982,11.459173637259054556027747541313972,-19.380135049517675527788777488394358,8.5849435315085551730627942175388721,False
"m003(-7,13)",AAAB,ABab,,,7.4829329430504884110240098149218471,-0.61270760654172427272149387516011595,-30.581210179068376673479760802221347,39.226093810696432233291602719569146,10.933941961656828498153902840390348,False
"m003(-7,13)",AAAB,Abbb,,,-25.363667658149199796987199394285661,8.9241977434244359514414659321970168,195.95689470526438253232352457424954,-77.296797557356440076389536403477521,31.129654026906729017186901652755122,False
"m003(-7,13)",AAAb,AABB,,,-1.4143499096668018021376395267838056,6.1284076478055011215099530672460154,48.354153268536413797399661716135259,-0.72364833530589601359016241629180760,26.427909485482016195897894091781497,False
"m003(-7,13)",AAAb,AAbb,,,18.518726458152236074219571986538407,15.216084632773053209806014769848615,-3.9013309799690646598913015970790737,30.600357328168337797717266230798160,38.228401655666850228812889969495914,False
"m003(-7,13)",AAAb,ABAb,,,1.6283672292673411594282428321571007,19.764942720009600047392844365062262,2.2788953269236340070401433298637517,27.708250938097039297215692903597581,37.898085470685449907281034423999836,False
"m003(-7,13)",AAAb,ABBB,,,-13.407481858265234397339483274245386,8.0183844221288663934441799844856181,67.352921728263332464459775507458952,-247.15426286855844009394487415215875,21.594067028020615816889932101989369,False
"m003(-7,13)",AAAb,ABaB,,,12.542879223477004409631583553425848,10.228321327610120198622633428556307,8.2480633034590093089236798215480281,140.88139421176446202306845129129447,20.158128361980137453203207299225982,False
"m003(-7,13)",AAAb,ABab,,,-6.1082969445030489872846831234244612,-14.965912357620154585954523635473480,43.122691491863238450062524169938162,57.729407169012624364067588401453943,32.188470533276466363643715195557172,False
"m003(-7,13)",AAAb,Abbb,,,4.4641994607985518951822627199551724,24.287377294000718882907163657675423,48.354153268536413797399661716135259,-0.72364833530589601359016241629180760,55.754584621427473309534453824625495,False
"m003(-7,13)",AABB,AAbb,,,-3.3362166534312275972706535775692444,5.3726236325257624331119090895496041,-26.731066313977993477920549800456374,75.708361011250797125189644095906142,31.223287782725735526333070010130807,False
"m003(-7,13)",AABB,ABAb,,,-0.17062239960395200113476247291411829,-4.5076823324589079604646038275354950,-28.102284397006459801790737798432390,-55.835168021611320652333034685683571,11.758269843534313059132925624586271,False
"m003(-7,13)",AABB,ABBB,,,4.5249140426699464380958349743113673,-0.60879439374342776062420489844166033,0.11115708929888607991151336999135236,-3.4270341474649505869399968381866223,7.0784032246454824095080668785171829,False
"m003(-7,13)",AABB,ABaB,,,-2.5390346801135935643701031133722912,-0.84662359126302317861823974161323548,-11.837777451140377821932820905330298,9.5386192372163246321005733302405089,9.8870619659543487979612150596911670,False
"m003(-7,13)",AABB,ABab,,,-0.65019176941247964428161648336364355,2.5804105562019274083217570965733868,-14.011102476313054158217941890884267,-28.470129219617226174879264467382564,6.0776495515365057933102387661347722,False
"m003(-7,13)",AABB,Abbb,,,-12.792916518783153984416607020389498,-6.1764691361878009828367861910104083,-91.432476654096401137314282978787161,12.276726110741116474214719459372843,29.344511361986593178638897691394240,False
"m003(-7,13)",AAbb,ABAb,,,-19.583785849506777743761327994543697,12.597577491357581078550765202648204,21.295636594227338456470735530936983,18.855563931442410070416208362027655,37.360365061938018326511406779210548,False
"m003(-7,13)",AAbb,ABBB,,,-15.846922134054003898383194473965779,-2.8746466362708262645442233268369068,277.64672248350352948496453809619624,43.941917740487615066905554749996881,26.351753396164547293813334585849424,False
"m003(-7,13)",AAbb,ABaB,,,1.9680181010538221333179640183677082,17.821182948277159113612581175071680,-162.40566411174749329663913039496051,36.340091136834156676929158031578523,24.611559658634433796567739735316448,False
"m003(-7,13)",AAbb,ABab,,,11.162712414085250587974114781231199,-12.532227257956404526540251404285577,-36.739729462920562054046099182019314,46.506189846983498754614337738666435,30.415593000524318835368707374251367,False
"m003(-7,13)",AAbb,Abbb,,,-22.118140412787010633835375122100147,23.062050293727754169017898756615601,-46.633970055609783023002169067162131,-2.8478330502121978560746261052448240,44.485812916107700898858220374937592,False
"m003(-7,13)",ABAb,ABBB,,,4.0014559952114329893363095210260072,-7.4274179363056696142283418987690088,-64.647268519163031394269009097771066,-28.137273722832667984183196166705331,18.392066012876973609556323000515064,False
"m003(-7,13)",ABAb,ABaB,,,-8.3133297012080872084394834874326854,2.3534600320753926170966090437744466,21.295636594227338456470735530936983,18.855563931442410070416208362027655,21.073704447166232943857520324361987,False
"m003(-7,13)",ABAb,ABab,,,17.088133682868290040454680424026054,1.8486869698827744238196461453983199,13.348016547960168476116234171322620,-15.953100902052724940848780650207735,7.7035393990820366094593118727176159,False
"m003(-7,13)",ABAb,Abbb,,,-24.911838020568537040887798965334179,-2.7816067356434277640920429902906819,-64.647268519163031394269009097771066,-28.137273722832667984183196166705331,18.538213661588507829879392694173124,False
"m003(-7,13)",ABBB,ABaB,,,-0.48023052546256691580049138616054902,-0.87506212467943747400603829843340723,0.11674387684681448906800439567292189,3.4464292238066103358841512176522474,2.8106641021636153532716205639680548,False
"m003(-7,13)",ABBB,ABab,,,-2.5720182843699909208857354514965364,2.4235591753596255135146182918600891,-17.623246047330728284315183330753831,-1.0082238819883814178328739960495484,11.311163931566742454187140410016564,False
"m003(-7,13)",ABBB,Abbb,,,-2.8140076913860722509006462365915289,-26.867787850202646291228920754248809,-659.53685315089895465564856151858572,283.60944907740932109636379193231943,34.790474493062945800279269740985029,False
"m003(-7,13)",ABaB,ABab,,,3.4222908032667790753020987176993693,-2.5998056325435871572659114760390119,-4.1746395193447702577749539012612559,9.7655697613428594233257213830394491,13.801287217729767488915063584910115,False
"m003(-7,13)",ABaB,Abbb,,,-22.241790501908596942331782068680746,11.313156710095585859953731323467846,324.49686840208640215284604035777251,-239.68783931669093939669631918478921,37.035049115682204114370481294608560,False
"m003(-7,13)",ABab,Abbb,,,20.330365460166295880800355997071531,-5.4310346245921925544620631442455143,-82.214780032903308489300791399253738,-120.84803300947488674197734708391759,23.626313909866381816154768136172047,False
